# Blender 5.2.1 LTS
# www.blender.org
mtllib model.mtl
o Pikachu
v -0.504234 0.965877 -0.951648
v -0.511600 0.875516 -0.983534
v -0.534204 0.740824 -0.997795
v -0.695871 0.255737 -1.499602
v -0.630665 1.000698 -0.952993
v -0.638490 0.898129 -0.979624
v -0.663318 0.776802 -0.997034
v -0.697723 0.662195 -1.044673
v -0.768647 0.506833 -1.162500
v -0.707498 0.271535 -1.424855
v -0.720802 0.283080 -1.357836
v -0.237032 0.676911 -1.948744
v -0.749378 1.061896 -1.028927
v -0.769065 0.946232 -1.042353
v -0.799950 0.829767 -1.069963
v -0.828709 0.721907 -1.142906
v -0.884836 0.588550 -1.262463
v -0.834904 0.519419 -1.429063
v -0.779906 0.451582 -1.628646
v -0.598026 0.563886 -1.853801
v -0.217752 0.708207 -1.957412
v -0.836980 1.142092 -1.151137
v -0.878803 1.022283 -1.161592
v -0.908217 0.906162 -1.194912
v -0.933201 0.792090 -1.273200
v -0.942585 0.689256 -1.399533
v -0.882901 0.616787 -1.548111
v -0.769347 0.589875 -1.719647
v -0.542639 0.656849 -1.889792
v -0.182190 0.742931 -1.963917
v -0.863581 1.252070 -1.300740
v -0.925709 1.132188 -1.323860
v -0.951339 1.016676 -1.365748
v -0.970006 0.903990 -1.446998
v -0.944103 0.813467 -1.562623
v -0.850711 0.747757 -1.683654
v -0.696141 0.723069 -1.813779
v -0.451282 0.752433 -1.928269
v -0.132257 0.778345 -1.970208
v -0.759145 1.414842 -1.450954
v -0.836007 1.296336 -1.502024
v -0.877233 1.181736 -1.560533
v -0.874977 1.080743 -1.638098
v -0.830315 0.980397 -1.727848
v -0.715416 0.907268 -1.808482
v -0.545486 0.868552 -1.895684
v -0.327132 0.844137 -1.959440
v -0.070090 0.812078 -1.975352
v -0.516181 1.598729 -1.559265
v -0.582506 1.510136 -1.650070
v -0.620701 1.405626 -1.727872
v -0.610073 1.290730 -1.788058
v -0.563326 1.169297 -1.842705
v -0.452066 1.062525 -1.907599
v -0.313984 0.987501 -1.961351
v -0.164305 0.918010 -1.986447
v 0.001106 0.841706 -1.978461
v -0.202500 1.725517 -1.629670
v -0.168894 1.460351 -1.844571
v -0.132378 1.294572 -1.920522
v -0.097280 1.164195 -1.971588
v -0.037129 1.060041 -2.004820
v 0.024066 0.961295 -2.008342
v 0.075966 0.864279 -1.976907
v 0.269249 1.710932 -1.659698
v 0.286234 1.659927 -1.747249
v 0.283864 1.576801 -1.825080
v 0.257461 1.457961 -1.895500
v 0.245418 1.325734 -1.954044
v 0.230877 1.204468 -1.996680
v 0.218016 1.086858 -2.020845
v 0.200552 0.975999 -2.017926
v 0.180248 0.880165 -1.972587
v 0.648107 1.647541 -1.632816
v 0.679527 1.586039 -1.724210
v 0.697191 1.507016 -1.802829
v 0.689282 1.408005 -1.873226
v 0.644607 1.286961 -1.936934
v 0.581207 1.165868 -1.986091
v 0.499485 1.057283 -2.015699
v 0.396625 0.966445 -2.015510
v 0.277737 0.874738 -1.973861
v 0.971520 1.513957 -1.584201
v 1.027316 1.427343 -1.662284
v 1.045996 1.332726 -1.730810
v 1.034972 1.230592 -1.798024
v 0.989065 1.123815 -1.865363
v 0.906843 1.025528 -1.930052
v 0.776590 0.951451 -1.985298
v 0.579709 0.907886 -2.014243
v 0.351441 0.853952 -1.978053
v 1.180939 1.319772 -1.465479
v 1.256798 1.198893 -1.508457
v 1.301746 1.076707 -1.561892
v 1.283921 0.969230 -1.628790
v 1.228701 0.873640 -1.716774
v 1.141472 0.799008 -1.820027
v 1.001243 0.763971 -1.932498
v 0.742182 0.806991 -2.009173
v 0.420767 0.826326 -1.979660
v 1.192936 1.175719 -1.317027
v 1.256460 1.045605 -1.325315
v 1.303621 0.916684 -1.358025
v 1.308044 0.798020 -1.436979
v 1.263116 0.701277 -1.544879
v 1.209017 0.615863 -1.679366
v 1.114669 0.569157 -1.848525
v 0.875821 0.673513 -1.997002
v 0.484181 0.792300 -1.979922
v 1.113211 1.086449 -1.184370
v 1.130930 0.965160 -1.189381
v 1.179520 0.833815 -1.205511
v 1.216940 0.712470 -1.267120
v 1.181554 0.618535 -1.401098
v 1.164375 0.474659 -1.541058
v 1.109138 0.446390 -1.747756
v 0.956427 0.542520 -1.962736
v 0.536405 0.753153 -1.982527
v 0.185351 0.743081 -1.903336
v 0.997251 1.024917 -1.084967
v 0.990074 0.914016 -1.097600
v 1.019827 0.787564 -1.115137
v 1.079273 0.647425 -1.155405
v 1.071069 0.538876 -1.292605
v 1.054048 0.403984 -1.446880
v 1.058406 0.143307 -1.819512
v 0.965154 0.456332 -1.926616
v 0.570236 0.714435 -1.985417
v 0.884456 0.988123 -1.049537
v 0.880473 0.885047 -1.066477
v 0.892783 0.762178 -1.068252
v 0.928564 0.617087 -1.101658
v 0.941979 0.420443 -1.217367
v 0.941483 0.280885 -1.365709
v 1.083965 0.196833 -1.691601
v 0.932853 0.412962 -1.904150
v 0.585297 0.679370 -1.986589
v 0.780706 0.961295 -1.050719
v 0.778200 0.869341 -1.079259
v 0.774795 0.762689 -1.096439
v 0.794487 0.627730 -1.138400
v 0.799336 0.464474 -1.245889
v 0.820497 0.282175 -1.368788
v 1.110766 0.260993 -1.577626
v 0.871046 0.425088 -1.901296
v 0.582322 0.654034 -1.980116
v 0.684556 0.928899 -1.046763
v 0.676916 0.846930 -1.082699
v 0.669846 0.753186 -1.122748
v 0.679060 0.625129 -1.192042
v 0.665785 0.418769 -1.291438
v 0.666093 0.306866 -1.451833
v 0.756930 0.370571 -1.685296
v 0.809265 0.419109 -1.918052
v 0.564739 0.638373 -1.965688
v 0.603328 0.893315 -1.059389
v 0.584542 0.814203 -1.101026
v 0.571143 0.725744 -1.159931
v 0.579180 0.616508 -1.253520
v 0.627918 0.520030 -1.399722
v 0.641773 0.421877 -1.558135
v 0.708884 0.392129 -1.753082
v 0.754379 0.437939 -1.936395
v 0.533675 0.631228 -1.943184
v 0.559776 0.858283 -1.104419
v 0.535743 0.784305 -1.165633
v 0.527628 0.708794 -1.243638
v 0.550245 0.634260 -1.355441
v 0.604453 0.560594 -1.504915
v 0.618282 0.454186 -1.654517
v 0.677393 0.432543 -1.812858
v 0.697958 0.464588 -1.941671
v 0.492168 0.625680 -1.919217
v 0.566667 0.795295 -1.131348
v 0.547151 0.729756 -1.223452
v 0.541477 0.662597 -1.320667
v 0.565086 0.595359 -1.444078
v 0.611127 0.530710 -1.592454
v 0.628351 0.482640 -1.716280
v 0.649159 0.446503 -1.844762
v 0.629030 0.490105 -1.914488
v 0.442973 0.618201 -1.897697
v 0.628575 0.653192 -1.065443
v 0.626231 0.592006 -1.187107
v 0.621171 0.538404 -1.309550
v 0.637568 0.484941 -1.458166
v 0.644566 0.447707 -1.597098
v 0.626096 0.441321 -1.703351
v 0.602814 0.453020 -1.799078
v 0.540698 0.505278 -1.859024
v 0.387652 0.608928 -1.880350
v 0.583035 0.506054 -0.981670
v 0.596549 0.436666 -1.114389
v 0.612186 0.376868 -1.267669
v 0.609310 0.343791 -1.410299
v 0.579668 0.346456 -1.526147
v 0.544334 0.370486 -1.636316
v 0.499962 0.417739 -1.735640
v 0.436045 0.491819 -1.815448
v 0.327926 0.601507 -1.864829
v 0.441769 0.352081 -0.929018
v 0.455025 0.280518 -1.066250
v 0.447392 0.250703 -1.189033
v 0.433738 0.243390 -1.310929
v 0.413456 0.262133 -1.431971
v 0.386171 0.308237 -1.550092
v 0.353566 0.382462 -1.667902
v 0.320341 0.478871 -1.778755
v 0.260337 0.598376 -1.846999
v 0.185350 0.297446 -0.909327
v 0.185351 0.234451 -1.010578
v 0.185350 0.200546 -1.124904
v 0.185351 0.197034 -1.247913
v 0.185351 0.224051 -1.374876
v 0.185351 0.280557 -1.500916
v 0.185351 0.364382 -1.621188
v 0.178454 0.471819 -1.756729
v 0.177931 0.596825 -1.836454
v -0.059471 0.384767 -0.946510
v -0.076004 0.304219 -1.088783
v -0.072857 0.265351 -1.207262
v -0.061283 0.254330 -1.325253
v -0.043834 0.269386 -1.443928
v -0.020247 0.311614 -1.560663
v 0.008667 0.380685 -1.673656
v 0.042130 0.473309 -1.776704
v 0.097190 0.592172 -1.852617
v -0.200468 0.527811 -0.976880
v -0.205283 0.464418 -1.105367
v -0.214497 0.409147 -1.252639
v -0.224677 0.365824 -1.405293
v -0.210965 0.353019 -1.521311
v -0.184693 0.366269 -1.623480
v -0.143709 0.408014 -1.720686
v -0.078089 0.483534 -1.802550
v 0.030581 0.593762 -1.865052
v -0.241573 0.678560 -1.034790
v -0.217145 0.632837 -1.161062
v -0.210519 0.575872 -1.274594
v -0.233664 0.513654 -1.407145
v -0.275914 0.454068 -1.553121
v -0.286190 0.426303 -1.653599
v -0.263046 0.436813 -1.750064
v -0.188751 0.496837 -1.824906
v -0.034510 0.597533 -1.879654
v -0.228276 0.798708 -1.047473
v -0.212740 0.731964 -1.125959
v -0.211193 0.660846 -1.213607
v -0.234812 0.589234 -1.327616
v -0.294273 0.516744 -1.480903
v -0.336514 0.466634 -1.619623
v -0.347896 0.454657 -1.744611
v -0.285724 0.503840 -1.839920
v -0.095154 0.602915 -1.894541
v -0.260166 0.855146 -0.998736
v -0.254541 0.783729 -1.051991
v -0.255831 0.702687 -1.122736
v -0.262081 0.602915 -1.211556
v -0.334308 0.538747 -1.376223
v -0.378817 0.477943 -1.536080
v -0.412343 0.455944 -1.702226
v -0.369394 0.502189 -1.842919
v -0.148823 0.609760 -1.908411
v -0.328776 0.888867 -0.943934
v -0.334409 0.808672 -0.983253
v -0.354157 0.728414 -1.048198
v -0.334449 0.574567 -1.092196
v -0.382164 0.472741 -1.248111
v -0.418684 0.422528 -1.429410
v -0.469886 0.413286 -1.641764
v -0.443448 0.489127 -1.836915
v -0.193558 0.618368 -1.920885
v -0.411690 0.918744 -0.890726
v -0.415306 0.828287 -0.921073
v -0.416650 0.694497 -0.943976
v -0.441727 0.554458 -0.995855
v -0.471259 0.400133 -1.132946
v -0.646747 0.297513 -1.682230
v -0.223150 0.632445 -1.930581
v -0.540215 0.615130 -1.024038
v -0.610152 0.427164 -1.102754
v -0.676101 0.268114 -1.333573
v -0.238163 0.651767 -1.939661
v -0.579202 1.611372 -0.166285
v -0.332936 1.940882 -0.169386
v -0.101311 2.178729 -0.240516
v -0.557780 1.109680 0.025712
v -0.608832 1.166061 -0.003155
v -0.626265 1.276229 -0.032269
v -0.463477 1.176989 -0.829298
v -0.523485 1.503471 -0.049097
v -0.359984 1.766968 -0.073775
v -0.185597 2.001304 -0.128355
v -0.029999 2.195158 -0.231355
v -0.304496 1.339089 0.177306
v -0.332999 1.404609 0.141629
v -0.517650 1.265570 -0.887945
v -0.310595 1.524632 0.096195
v -0.221953 1.696493 0.045366
v -0.128653 1.875624 -0.018264
v -0.037334 2.051100 -0.103147
v 0.046289 2.210889 -0.227115
v 0.141494 1.457760 0.225991
v -0.563597 1.368442 -0.955175
v 0.135453 1.536710 0.192705
v 0.128318 1.652721 0.138958
v 0.125322 1.779705 0.076304
v 0.121277 1.926481 0.000634
v 0.117812 2.080168 -0.094717
v 0.117055 2.226806 -0.227737
v -0.591495 1.481580 -1.027676
v 0.596945 1.377837 0.166131
v 0.606557 1.447695 0.136144
v 0.550559 1.580253 0.097663
v 0.471056 1.733588 0.047824
v 0.369496 1.910288 -0.015705
v 0.270826 2.083450 -0.102894
v -0.581077 1.597577 -1.100428
v 0.186544 2.236843 -0.233268
v 0.869004 1.139536 0.017547
v 0.918429 1.187311 -0.003152
v 0.935174 1.290404 -0.031176
v 0.795913 1.540846 -0.041567
v 0.606100 1.823109 -0.066413
v -0.513259 1.709292 -1.166803
v 0.416469 2.061007 -0.126730
v 0.252614 2.241110 -0.243909
v 1.122837 0.464263 -0.050393
v 1.151806 0.517407 0.084982
v 1.007828 1.105090 -0.158465
v 0.983088 1.370614 -0.155559
v -0.363215 1.801201 -1.215093
v 0.798139 1.714205 -0.141552
v 0.548814 2.027427 -0.163475
v 0.314525 2.242492 -0.259475
v 1.157953 0.104969 -0.076961
v 1.069187 0.476512 0.097738
v 0.988210 0.994038 -0.276525
v -0.140379 1.858179 -1.238170
v 1.019188 1.249698 -0.260263
v 0.942370 1.585938 -0.235354
v 0.668752 1.989936 -0.211177
v 0.378475 2.245918 -0.280291
v 0.104207 2.301261 -0.355850
v 1.180267 0.145903 0.027312
v 0.181329 1.864167 -1.248306
v 0.985954 0.459281 0.109396
v 0.965973 0.940885 -0.391140
v 1.020074 1.200247 -0.356509
v 0.985174 1.514829 -0.316603
v 0.748863 1.963369 -0.261280
v 0.429002 2.249583 -0.304121
v 0.486229 1.821451 -1.267880
v 0.773871 0.826852 -0.495782
v 0.873271 0.892625 -0.487845
v 0.964331 1.037041 -0.462180
v 1.012577 1.238020 -0.435656
v 1.002018 1.491693 -0.391623
v 0.779848 1.956303 -0.307355
v 0.717819 1.761126 -1.248194
v 0.464959 2.255802 -0.329775
v 0.792052 0.895773 -0.597505
v 0.876031 0.947770 -0.591318
v 0.960927 1.102042 -0.555866
v 1.014427 1.244640 -0.527900
v 1.002838 1.517148 -0.457334
v 0.895341 1.662188 -1.215552
v 0.790295 1.972466 -0.351083
v 0.478638 2.263859 -0.355168
v 0.817800 1.014432 -0.694109
v 0.894715 1.062028 -0.670239
v 0.964881 1.207963 -0.630420
v 1.012452 1.319891 -0.600767
v 0.974205 1.553881 -1.156747
v 0.984853 1.610036 -0.504948
v 0.780951 2.011792 -0.390856
v 0.475314 2.275271 -0.380054
v 0.849257 1.167209 -0.773599
v 0.916806 1.226058 -0.734453
v 0.968478 1.361398 -0.683042
v 0.976223 1.445677 -1.084353
v 1.004520 1.450898 -0.645294
v 0.949617 1.749408 -0.537355
v 0.752798 2.069083 -0.426513
v 0.461005 2.290628 -0.404714
v 0.881136 1.361975 -0.828831
v 0.931718 1.432072 -0.782059
v 0.940621 1.342334 -1.011636
v 0.958619 1.562063 -0.713524
v 0.981029 1.630642 -0.670039
v 0.899117 1.894124 -0.565019
v 0.707504 2.134749 -0.459561
v 0.436809 2.307990 -0.428655
v 0.910568 1.514263 -0.888570
v 0.895397 1.250920 -0.943401
v 0.944727 1.571666 -0.841709
v 0.957335 1.678850 -0.765251
v 0.926330 1.845623 -0.679284
v 0.826513 2.034070 -0.587261
v 0.645598 2.200655 -0.491182
v 0.403566 2.325879 -0.451571
v 0.837319 1.166643 -0.881778
v 0.898383 1.764383 -0.900231
v 0.907027 1.814949 -0.850211
v 0.891821 1.898809 -0.776511
v 0.836522 2.028235 -0.692712
v 0.730207 2.156550 -0.609985
v 0.568545 2.259128 -0.523126
v 0.758128 1.089844 -0.825434
v 0.355114 2.349082 -0.472248
v 0.805853 1.964693 -0.908937
v 0.796246 2.014033 -0.854621
v 0.769823 2.083217 -0.787060
v 0.709996 2.173299 -0.710692
v 0.612196 2.252338 -0.635112
v 0.683326 1.024339 -0.768549
v 0.479091 2.303400 -0.559114
v 0.293934 2.374219 -0.489800
v 0.601755 2.117617 -0.899751
v 0.594959 2.167603 -0.853869
v 0.571992 2.224227 -0.793045
v 0.528395 2.274903 -0.725583
v 0.628178 0.969641 -0.704741
v 0.464165 2.314697 -0.655042
v 0.380208 2.334226 -0.585623
v 0.246030 2.382172 -0.503786
v 0.370123 2.203386 -0.903035
v 0.361847 2.249243 -0.857886
v 0.344549 2.292618 -0.798699
v 0.317519 2.324380 -0.734658
v 0.597042 0.918692 -0.628338
v 0.288976 2.342365 -0.664221
v 0.237139 2.356431 -0.594456
v 0.200661 2.381338 -0.508488
v 0.126028 2.227607 -0.900404
v 0.121620 2.270278 -0.856821
v 0.118830 2.308895 -0.799368
v 0.566850 0.861012 -0.546482
v 0.108918 2.339031 -0.736142
v 0.099395 2.354537 -0.662653
v 0.094224 2.352936 -0.589159
v 0.120259 2.363365 -0.499428
v -0.127259 2.194426 -0.887583
v -0.134156 2.236507 -0.846177
v 0.497266 0.799819 -0.471229
v -0.128759 2.277939 -0.789673
v -0.112472 2.311073 -0.726624
v -0.077095 2.331158 -0.652795
v -0.021355 2.332482 -0.572946
v 0.045138 2.343826 -0.484922
v -0.330389 2.085172 -0.878654
v 0.361926 0.722879 -0.378406
v -0.344178 2.126691 -0.840280
v -0.333065 2.176765 -0.782833
v -0.297865 2.225147 -0.716944
v -0.233974 2.268517 -0.638889
v -0.138268 2.297299 -0.547437
v -0.020447 2.324143 -0.467402
v 0.154974 0.717147 -0.355850
v -0.432521 1.898145 -0.889305
v -0.464360 1.936358 -0.852099
v -0.476034 1.999557 -0.791099
v -0.450776 2.079917 -0.718085
v -0.377866 2.165643 -0.629771
v -0.249713 2.240328 -0.527535
v -0.043638 0.743452 -0.389838
v -0.082465 2.299983 -0.448236
v -0.461577 1.688002 -0.909628
v -0.509136 1.719389 -0.872534
v -0.550175 1.786433 -0.815274
v -0.557414 1.885543 -0.733891
v -0.497040 2.025898 -0.627532
v -0.171648 0.796212 -0.452398
v -0.349674 2.165214 -0.510542
v -0.138497 2.272255 -0.427830
v -0.453506 1.485258 -0.917948
v -0.514561 1.511745 -0.885525
v -0.575103 1.579940 -0.830984
v -0.611754 1.698133 -0.746122
v -0.225349 0.861820 -0.524911
v -0.584606 1.865637 -0.628683
v -0.433417 2.078783 -0.494612
v -0.186335 2.242671 -0.406054
v -0.445390 1.367236 -0.859749
v -0.510458 1.389653 -0.835443
v -0.581988 1.476638 -0.783754
v -0.255235 0.922594 -0.604096
v -0.637727 1.524858 -0.746654
v -0.637883 1.721626 -0.620809
v -0.498093 1.991349 -0.476904
v -0.224216 2.213730 -0.384692
v -0.431904 1.209978 -0.819769
v -0.503663 1.227911 -0.803260
v -0.292594 0.978545 -0.671920
v -0.585854 1.314854 -0.759180
v -0.650797 1.379787 -0.723996
v -0.670636 1.601446 -0.599191
v -0.545921 1.909774 -0.455011
v -0.251006 2.187925 -0.362928
v -0.422112 1.077027 -0.756068
v -0.345876 1.038841 -0.729932
v -0.502747 1.101360 -0.745175
v -0.591907 1.190924 -0.706653
v -0.661803 1.270584 -0.676368
v -0.691992 1.510207 -0.561530
v -0.580589 1.838302 -0.427710
v -0.265769 2.167687 -0.340443
v -0.407155 1.104549 -0.778574
v 0.725525 2.466586 -1.168654
v 0.644731 2.310388 -1.060606
v 0.546284 2.182868 -0.932616
v 0.433966 2.079621 -0.778413
v 0.312094 2.014293 -0.601019
v -0.197887 1.127294 -0.737577
v 0.272653 2.016140 -0.621774
v 0.356600 2.081061 -0.819598
v 0.433966 2.183847 -1.001223
v 0.501778 2.310920 -1.153290
v 0.557429 2.469251 -1.271304
v -0.233642 1.235710 -0.807538
v 0.598782 2.650657 -1.358625
v 0.624247 2.845683 -1.410641
v 0.632846 3.045985 -1.423702
v 0.624247 3.244555 -1.398988
v 0.598782 3.436136 -1.339651
v 0.557365 3.618094 -1.249527
v -0.267788 1.362089 -0.862508
v 0.501778 3.788799 -1.130047
v 0.433966 3.940701 -0.978212
v 0.356600 4.056526 -0.793623
v 0.273116 4.121163 -0.592180
v -0.308611 1.512118 -0.902265
v 0.231018 4.119154 -0.603058
v 0.272653 4.060966 -0.815050
v 0.312097 3.947669 -1.011570
v 0.345030 3.794356 -1.176115
v 0.371137 3.623802 -1.308146
v 0.391042 3.442098 -1.408255
v -0.350755 1.678372 -0.934347
v 0.404519 3.250942 -1.474109
v 0.411002 3.053274 -1.502424
v 0.409098 2.852981 -1.489439
v 0.396116 2.656779 -1.434939
v 0.375035 2.474271 -1.343464
v 0.346664 2.312578 -1.213546
v -0.372337 1.836476 -0.982467
v 0.312094 2.184589 -1.039602
v 0.272653 2.082134 -0.844906
v 0.229857 2.017555 -0.634550
v 0.185351 2.018446 -0.638861
v -0.274746 1.933885 -1.028270
v 0.185351 2.082776 -0.853374
v 0.185351 2.185105 -1.052002
v 0.185351 2.312957 -1.230879
v 0.185351 2.478128 -1.374038
v 0.182373 2.661806 -1.467999
v 0.177038 2.853610 -1.515878
v -0.075320 1.979752 -1.053268
v 0.173170 3.049181 -1.523200
v 0.172678 3.246372 -1.494215
v 0.174734 3.440384 -1.429006
v 0.178167 3.623114 -1.326620
v 0.182425 3.791864 -1.190188
v 0.185757 3.940996 -1.020921
v 0.145919 1.985882 -1.077545
v 0.186194 4.060217 -0.820017
v 0.187642 4.116329 -0.606184
v 0.144588 4.113450 -0.600780
v 0.100968 4.051288 -0.811156
v 0.387379 1.954252 -1.089651
v 0.060159 3.934751 -1.006607
v 0.019909 3.783875 -1.171808
v -0.015684 3.616827 -1.304917
v -0.042213 3.438667 -1.406612
v -0.058067 3.249222 -1.473722
v -0.063136 3.051688 -1.502653
v 0.627827 1.895798 -1.093391
v -0.057842 2.851351 -1.490274
v -0.038883 2.657072 -1.438391
v -0.009714 2.475117 -1.347832
v 0.024037 2.313211 -1.214638
v 0.058608 2.185377 -1.039243
v 0.098049 2.082897 -0.844694
v 0.778201 1.812079 -1.056103
v 0.140844 2.018717 -0.634555
v 0.098049 2.018284 -0.621819
v 0.014102 2.082403 -0.819223
v -0.063265 2.185181 -1.001887
v 0.833853 1.678181 -1.006712
v -0.135909 2.312513 -1.160341
v -0.201985 2.471597 -1.279080
v -0.251538 2.653283 -1.363319
v -0.280470 2.848989 -1.414969
v -0.291411 3.048900 -1.426739
v -0.282988 3.244739 -1.399337
v 0.784954 1.489909 -0.955602
v -0.254136 3.429540 -1.335744
v -0.204432 3.600500 -1.241107
v -0.136331 3.763564 -1.120342
v -0.058896 3.915001 -0.969983
v 0.019695 4.042554 -0.787912
v 0.103084 4.111721 -0.587760
v 0.718045 1.320849 -0.897532
v 0.065243 4.109976 -0.567782
v -0.053351 4.033464 -0.750948
v -0.165026 3.890153 -0.914350
v -0.279388 3.736845 -1.039782
v 0.645212 1.175320 -0.828203
v -0.381501 3.577569 -1.136044
v -0.453570 3.419079 -1.217853
v -0.493831 3.241949 -1.276668
v -0.504540 3.049526 -1.304655
v -0.487685 2.850684 -1.297806
v -0.445266 2.654937 -1.254896
v 0.577535 1.060255 -0.745639
v -0.379642 2.471348 -1.176859
v -0.286709 2.312808 -1.072603
v -0.176698 2.183765 -0.940255
v -0.063265 2.081206 -0.777967
v 0.058608 2.017083 -0.601167
v 0.514928 0.972272 -0.647627
v 0.024038 2.015083 -0.573422
v -0.131077 2.079229 -0.722545
v -0.278756 2.181605 -0.855036
v -0.420075 2.315266 -0.958223
v -0.532359 2.474669 -1.049762
v 0.443304 0.899882 -0.530662
v -0.616115 2.660534 -1.112448
v -0.670772 2.859149 -1.144722
v -0.693570 3.060990 -1.145913
v -0.682091 3.255166 -1.117511
v -0.633743 3.428805 -1.063752
v -0.542438 3.570129 -0.996376
v 0.431355 0.897783 -0.399634
v -0.402199 3.723538 -0.938449
v -0.251149 3.869997 -0.846879
v -0.115532 4.028558 -0.702130
v 0.032433 4.108843 -0.541384
v 0.005736 4.108842 -0.509301
v 0.442906 0.926432 -0.233858
v -0.166243 4.032754 -0.641733
v -0.324826 3.904777 -0.763697
v -1.069824 5.195903 -1.636531
v -0.662660 3.637818 -0.861235
v -0.774601 3.479538 -0.900079
v -0.836282 3.291393 -0.934796
v 0.466272 1.019782 -0.078106
v -0.848606 3.085672 -0.960536
v -0.821066 2.875100 -0.963918
v -0.756653 2.670301 -0.942662
v -0.657858 2.481994 -0.895288
v -0.529493 2.319623 -0.823051
v -0.363781 2.180073 -0.751340
v 0.495577 1.161694 0.030127
v -0.186728 2.076397 -0.655120
v -0.004334 2.012280 -0.539680
v -0.025415 2.008701 -0.501270
v -0.228081 2.072505 -0.578364
v 0.373617 1.262360 0.073244
v -0.427291 2.178225 -0.634921
v -0.608342 2.321638 -0.676650
v -0.750702 2.489148 -0.722335
v -0.860772 2.682765 -0.752824
v -0.931006 2.895283 -0.764277
v -0.961085 3.118370 -0.758409
v 0.150573 1.266972 0.089625
v -0.945429 3.341612 -0.740995
v -0.873725 3.547552 -0.725698
v -0.747281 3.725298 -0.714545
v -1.088734 5.217925 -1.603861
v -0.379891 3.950596 -0.665617
v -0.203947 4.043358 -0.571128
v -0.074028 1.224223 0.099414
v -0.013973 4.110102 -0.472523
v -0.026044 4.112435 -0.432289
v -0.227499 4.056751 -0.492117
v -0.415261 3.995328 -0.553390
v -0.203963 1.089535 0.082858
v -1.013917 4.493313 -1.360471
v -0.795494 3.800584 -0.554150
v -0.930304 3.610698 -0.540235
v -1.008804 3.390238 -0.536798
v -1.027711 3.150423 -0.544764
v -0.998021 2.915938 -0.550813
v -0.180267 0.968894 -0.059671
v -0.966755 4.143103 -0.981273
v -0.624813 4.337440 -0.952309
v -0.465889 2.174634 -0.511510
v -0.253546 2.067186 -0.495356
v -0.038397 2.004405 -0.459698
v -0.155747 0.943918 -0.265118
v -0.478658 2.168362 -0.385240
v -0.575363 4.279852 -1.037743
v -0.130517 0.934334 -0.412614
v -0.508133 4.221684 -1.109559
v -1.017278 2.929730 -0.333665
v -1.046374 3.173346 -0.326059
v -1.027136 3.429285 -0.324901
v -0.945686 3.659043 -0.344967
v -0.137682 0.970104 -0.543842
v -0.808567 3.851731 -0.380650
v -1.075909 4.565507 -1.253369
v -0.428678 4.030047 -0.431366
v -0.030059 4.115485 -0.390065
v -0.161585 1.036039 -0.650536
v -0.715608 1.319499 -0.180435
v -0.711614 1.106759 -0.184348
v -0.699941 0.842040 -0.299706
v -0.658949 0.822635 -0.430789
v -0.163630 2.163593 -0.253686
v -0.457996 1.878248 -0.222973
v -0.691136 1.499383 -0.265810
v -0.732482 1.204867 -0.306201
v -0.682942 1.008168 -0.329321
v -0.817582 0.134092 -0.165729
v -0.563244 0.750543 -0.443743
v -0.214098 2.153974 -0.272313
v -0.543942 1.826057 -0.282176
v -0.714742 1.440102 -0.357502
v -0.717372 1.152518 -0.422285
v -0.643667 0.975676 -0.459973
v -0.546555 0.865558 -0.474391
v -0.449056 0.819780 -0.465841
v -0.250597 2.151240 -0.294094
v -0.584939 1.790961 -0.340779
v -0.716020 1.425750 -0.439162
v -0.695309 1.152529 -0.523792
v -0.629228 1.064946 -0.522907
v -0.533025 0.951641 -0.551863
v -0.430751 0.886040 -0.558863
v -0.267259 2.155462 -0.317244
v -0.594362 1.796901 -0.389667
v -0.706883 1.450739 -0.507760
v -0.676054 1.194832 -0.608723
v -0.606378 1.110648 -0.624379
v -0.511571 1.010738 -0.661911
v -0.419931 0.965191 -0.667783
v 0.785561 2.646967 -1.245370
v 0.822530 2.838962 -1.287095
v 0.835013 3.034373 -1.293785
v 0.822530 3.225815 -1.267930
v 0.785561 3.408986 -1.215133
v 0.725525 3.587332 -1.143029
v 0.644731 3.761120 -1.049200
v 0.546284 3.923932 -0.923797
v 0.433966 4.051642 -0.758938
v 0.312159 4.122642 -0.574233
v 0.872863 2.466387 -1.036535
v 0.770032 2.312222 -0.942796
v 0.644731 2.181262 -0.845030
v 0.501778 2.077827 -0.722943
v 0.346664 2.012085 -0.573095
v 0.949273 2.645948 -1.096137
v 0.996326 2.836234 -1.124264
v 1.012214 3.027767 -1.121565
v 0.996326 3.211344 -1.091442
v 0.949273 3.380860 -1.042719
v 0.872863 3.553789 -0.997396
v 0.770032 3.731715 -0.942497
v 0.644732 3.908132 -0.854360
v 0.501778 4.048957 -0.712868
v 0.346664 4.123573 -0.549805
v 0.993779 2.470694 -0.876921
v 0.872863 2.314586 -0.808308
v 0.725525 2.180176 -0.738645
v 0.557429 2.075591 -0.655354
v 0.375035 2.009546 -0.539101
v 1.083628 2.649605 -0.918612
v 1.138957 2.841513 -0.931688
v 1.157640 3.034025 -0.918462
v 1.138957 3.215179 -0.880956
v 1.083628 3.392257 -0.855984
v 0.993779 3.561121 -0.835746
v 0.872863 3.738039 -0.820933
v 0.725525 3.904172 -0.777328
v 0.557430 4.051807 -0.656685
v 0.375035 4.125200 -0.519478
v 1.083628 2.476394 -0.698933
v 0.949273 2.315894 -0.658669
v 0.785561 2.179219 -0.618900
v 0.598783 2.072514 -0.578361
v 0.396116 2.006650 -0.500390
v 1.183463 2.658703 -0.721725
v 1.244941 2.856368 -0.722063
v 1.265700 3.057768 -0.703745
v 1.244941 3.252837 -0.672213
v 1.183463 3.440902 -0.667394
v 1.083628 3.618642 -0.675851
v 1.195845 4.668414 -1.242873
v 0.785561 3.940553 -0.678552
v 0.598783 4.061916 -0.589423
v 0.396117 4.127825 -0.484057
v -0.861587 2.422331 -0.595935
v -0.932736 2.551434 -0.616903
v 0.822530 2.177218 -0.491827
v 0.624248 2.067710 -0.495173
v 0.409098 2.003329 -0.458506
v -0.973663 2.556120 -0.482874
v 1.310206 2.877739 -0.503744
v 1.332244 3.092074 -0.484161
v 1.310206 3.306282 -0.462786
v 1.244941 3.506936 -0.476221
v 1.138957 3.691142 -0.509072
v 1.435296 4.359196 -1.273581
v 0.822530 3.986767 -0.568372
v 0.624248 4.076776 -0.513370
v 0.409152 4.131008 -0.444670
v -0.800671 2.309856 -0.462964
v -0.769005 2.309872 -0.565229
v 0.835013 2.172122 -0.364608
v 0.632846 2.059419 -0.409476
v 0.413482 1.999510 -0.415106
v -0.680254 2.214018 -0.449977
v 1.332243 2.900711 -0.284355
v 1.354712 3.128261 -0.265261
v 1.332243 3.361271 -0.254908
v 1.265700 3.573796 -0.284398
v 1.157639 3.763023 -0.338139
v 1.327363 4.522294 -1.270960
v 0.835013 4.032430 -0.449560
v 0.632846 4.093061 -0.431131
v 0.413787 4.133833 -0.402705
v -0.655393 2.215202 -0.530293
v -1.022161 2.700298 -0.485883
v 0.822530 2.164409 -0.239321
v 0.624247 2.047431 -0.324829
v 0.409098 1.995213 -0.371853
v -0.980365 2.693588 -0.625899
v 1.310206 2.917347 -0.069069
v 1.332244 3.157939 -0.052965
v 1.310206 3.405800 -0.052814
v 1.244941 3.628199 -0.095485
v 1.138957 3.823791 -0.166559
v 0.996326 3.968422 -0.252195
v 0.822530 4.073057 -0.329096
v 0.624248 4.107484 -0.345760
v 0.409753 4.136292 -0.359707
v 1.083628 2.482647 0.046686
v 0.949273 2.303330 -0.026301
v 0.785561 2.154820 -0.120971
v 0.598782 2.034369 -0.243878
v 0.396116 1.990599 -0.330402
v 1.183463 2.688578 0.100235
v 1.244941 2.923986 0.134118
v 1.265700 3.173419 0.146035
v 1.244941 3.428605 0.137341
v 1.183463 3.656006 0.084481
v 1.083628 3.848017 -0.000284
v 0.949273 3.992044 -0.101784
v 0.785561 4.085772 -0.199764
v 0.598783 4.116628 -0.259751
v 0.397232 4.138008 -0.317388
v 0.993779 2.474733 0.206286
v 0.872863 2.293402 0.110219
v 0.725525 2.143155 -0.013951
v 0.557429 2.021641 -0.169472
v 0.375035 1.985894 -0.292337
v 1.083628 2.682421 0.275683
v 1.138957 2.916401 0.317551
v 1.157639 3.163695 0.326559
v 1.138957 3.415131 0.307554
v 1.083628 3.652397 0.251509
v 0.993779 3.846335 0.157544
v 0.872863 3.993618 0.041242
v 0.725526 4.084895 -0.078474
v 0.557568 4.119146 -0.177584
v 0.376740 4.138790 -0.277570
v 0.872862 2.463537 0.345021
v 0.770032 2.281543 0.228494
v 0.644731 2.129820 0.077886
v 0.501778 2.010106 -0.104361
v 0.346664 1.981357 -0.259106
v 0.949273 2.670673 0.427670
v 0.996326 2.901190 0.477584
v 1.012214 3.147334 0.488306
v 0.996326 3.390466 0.461755
v 0.949273 3.617080 0.399875
v 0.872862 3.813086 0.300374
v 0.770032 3.973995 0.171242
v 0.644725 4.067705 0.032681
v 0.502440 4.115398 -0.103345
v 0.349104 4.138653 -0.242037
v 0.725525 2.450373 0.457307
v 0.644731 2.268780 0.324251
v 0.546284 2.115945 0.152675
v 0.433966 2.000388 -0.050995
v 0.312093 1.977269 -0.231963
v 0.785561 2.656375 0.551715
v 0.822530 2.882109 0.608805
v 0.835013 3.124840 0.621872
v 0.822530 3.365770 0.592176
v 0.785561 3.583477 0.525829
v 0.725525 3.778534 0.420372
v 0.644388 3.938701 0.282683
v 0.546370 4.047312 0.124772
v 0.435392 4.109284 -0.041420
v 0.315400 4.137834 -0.212396
v 0.557429 2.436676 0.538965
v 0.501778 2.256704 0.393804
v 0.433966 2.102817 0.205184
v 0.356600 1.993128 -0.011354
v 0.272653 1.973911 -0.211920
v 0.598783 2.641357 0.642938
v 0.624247 2.863048 0.706274
v 0.632846 3.103269 0.721941
v 0.624247 3.340847 0.690732
v 0.597835 3.555069 0.622129
v 0.556016 3.749859 0.512431
v 0.500834 3.911901 0.366176
v 0.434434 4.030250 0.193254
v 0.359005 4.102868 0.005256
v 0.276584 4.137002 -0.189692
v 0.375035 2.425131 0.587406
v 0.346664 2.245025 0.433308
v 0.312093 2.091877 0.234552
v 0.272653 1.988743 0.013078
v 0.229857 1.971535 -0.199719
v 0.396116 2.628068 0.697300
v 0.408984 2.847291 0.764749
v 0.411677 3.086895 0.784254
v 0.405969 3.323543 0.754578
v 0.392523 3.538279 0.683611
v 0.372041 3.731515 0.570105
v 0.345381 3.894617 0.418031
v 0.313195 4.017736 0.236015
v 0.275954 4.097266 0.035055
v 0.234529 4.135715 -0.175130
v 0.190118 4.139706 -0.388680
v 0.182863 2.416727 0.601264
v 0.185351 2.233149 0.439756
v 0.185351 2.084223 0.240058
v 0.185351 1.987465 0.021378
v 0.185351 1.970341 -0.195800
v 0.181687 2.622877 0.716293
v 0.180015 2.843494 0.786722
v 0.178652 3.081596 0.806751
v 0.178132 3.317266 0.777020
v 0.178837 3.531379 0.705060
v 0.181348 3.721466 0.590088
v 0.184276 3.883676 0.436645
v 0.187326 4.009348 0.252203
v 0.189832 4.092697 0.046741
v 0.190883 4.134180 -0.169351
v -0.012989 2.414251 0.580406
v 0.019703 2.230468 0.420631
v 0.058608 2.081687 0.222708
v 0.098049 1.989357 0.013233
v 0.140845 1.970456 -0.200294
v -0.035350 2.619475 0.693570
v -0.049873 2.843593 0.764760
v -0.055308 3.086066 0.785470
v -0.049094 3.318431 0.754887
v -0.033381 3.528301 0.683942
v -0.008899 3.717791 0.571772
v 0.023397 3.879576 0.421912
v 0.061854 4.005408 0.241449
v 0.104062 4.089609 0.039902
v 0.147354 4.132537 -0.172605
v -0.202405 2.419929 0.525392
v -0.141217 2.235640 0.373556
v -0.063264 2.087965 0.186885
v 0.014102 1.994318 -0.011054
v 0.098049 1.971916 -0.213016
v -0.245408 2.625668 0.632809
v -0.270962 2.847552 0.698639
v -0.278282 3.085091 0.716288
v -0.267163 3.320004 0.688132
v -0.237901 3.532626 0.622300
v -0.191915 3.721974 0.516071
v -0.130972 3.882304 0.374391
v -0.058206 4.005959 0.204242
v 0.022072 4.088087 0.014857
v 0.105636 4.130847 -0.184751
v -0.377439 2.434231 0.439410
v -0.290040 2.251779 0.303895
v -0.179131 2.101391 0.132787
v -0.063264 2.002078 -0.050573
v 0.058608 1.974661 -0.233478
v -0.437309 2.635849 0.533878
v -0.473865 2.856308 0.591169
v -0.484981 3.093858 0.606744
v -0.469419 3.327205 0.581528
v -0.427312 3.539153 0.522020
v -0.360806 3.731279 0.425245
v -0.272758 3.891843 0.295788
v -0.167977 4.010827 0.141920
v -0.052847 4.087867 -0.027366
v 0.067343 4.129087 -0.205259
v -0.528473 2.450439 0.323198
v -0.420975 2.270544 0.208781
v -0.280290 2.116926 0.057295
v -0.131076 2.012170 -0.103850
v 0.024038 1.978533 -0.260902
v -0.605366 2.653292 0.404053
v -0.653099 2.878386 0.452304
v -0.667852 3.114757 0.462975
v -0.648218 3.343898 0.440275
v -0.594845 3.558123 0.387573
v -0.509258 3.749041 0.302414
v -0.396287 3.904776 0.189707
v -0.262817 4.018319 0.057190
v -0.117688 4.088302 -0.085036
v 0.033934 4.127167 -0.233234
v -0.652793 2.465895 0.180324
v -0.527906 2.287138 0.089614
v -0.364073 2.132401 -0.035496
v -0.186728 2.023901 -0.168922
v -0.004333 1.983287 -0.294257
v -0.744384 2.669991 0.245445
v -0.801391 2.898433 0.282743
v -0.819792 3.137705 0.290057
v -0.797607 3.371656 0.271540
v -0.734210 3.589804 0.225506
v -0.631829 3.779408 0.152299
v -0.496573 3.926337 0.058595
v -0.338479 4.028179 -0.047293
v -0.169775 4.087269 -0.154857
v 0.006653 4.124967 -0.267453
v -0.745409 2.478668 0.015921
v -0.606545 2.300161 -0.049306
v -0.426895 2.147036 -0.142489
v -0.228081 2.036539 -0.243369
v -0.025415 1.988607 -0.332290
v -0.849642 2.685378 0.064525
v -0.914896 2.917581 0.090499
v -0.937331 3.161819 0.095370
v -0.913157 3.401099 0.081838
v -0.841823 3.628244 0.043476
v -0.724532 3.821427 -0.018184
v -0.569630 3.955793 -0.092922
v -0.391397 4.040753 -0.169196
v -0.207215 4.084501 -0.234401
v -0.013521 4.122344 -0.306344
v -0.655486 4.106067 -1.178661
v -0.892746 4.056916 -1.109135
v -0.465500 2.158958 -0.260591
v -0.253546 2.049057 -0.324489
v -0.038397 1.994130 -0.373578
v 0.185351 1.980729 -0.444250
v -0.792130 3.969862 -1.216615
v -0.988429 2.929994 -0.117390
v -1.014271 3.175065 -0.111665
v -0.990975 3.424609 -0.119784
v -0.915712 3.667875 -0.148465
v -0.785636 3.871350 -0.200323
v -0.612556 3.983308 -0.257371
v -0.418839 4.052145 -0.305069
v -0.229087 4.078817 -0.320077
v -0.025851 4.118879 -0.347495
v -0.262144 2.059784 -0.409503
v -0.042780 1.999492 -0.416582
v -0.235976 4.069326 -0.407265
v 1.102156 4.142920 -1.065321
v 1.223072 3.960205 -1.068258
v 0.954818 4.306616 -1.033856
v 1.502244 5.055972 -1.411284
v 1.312921 4.032091 -0.916309
v 1.014854 4.354650 -0.932327
v 1.639114 4.879222 -1.428837
v 1.368250 4.110093 -0.751434
v 1.051823 4.406769 -0.822161
v 1.577419 4.972449 -1.427339
v 1.386932 4.191212 -0.579971
v 1.064307 4.460971 -0.707593
v 1.225619 4.408362 -0.504249
v 1.368250 4.272331 -0.408507
v 1.051823 4.515173 -0.593025
v 1.618041 5.159927 -1.416914
v 1.515499 4.423365 -1.137947
v 1.249434 4.711290 -1.152245
v 1.677455 5.083202 -1.424534
v 1.564887 4.492991 -0.990775
v 1.282434 4.757813 -1.053908
v 1.650674 5.123671 -1.423883
v 1.581563 4.565401 -0.837721
v 1.293577 4.806195 -0.951641
v 1.437570 4.759235 -0.770129
v 1.564887 4.637810 -0.684667
v 1.282434 4.854578 -0.849373
v 1.684958 4.915901 -1.351308
v 1.532875 5.080480 -1.359481
v 1.713189 4.955699 -1.267185
v 1.551738 5.107072 -1.303272
v 1.722721 4.997089 -1.179699
v 1.558108 5.134728 -1.244816
v 1.640414 5.107885 -1.141063
v 1.713189 5.038478 -1.092213
v 1.551738 5.162384 -1.186359
v 1.667598 5.137211 -1.395262
v 1.697356 5.099124 -1.390879
v 1.631338 5.170566 -1.394427
v 1.678020 5.151904 -1.364207
v 1.709610 5.116400 -1.354362
v 1.639526 5.182109 -1.370027
v 1.681538 5.167183 -1.331910
v 1.713748 5.134367 -1.316385
v 1.642291 5.194115 -1.344651
v 1.678020 5.182463 -1.299614
v 1.709610 5.152334 -1.278408
v 1.639526 5.206120 -1.319276
v 1.033884 1.107674 -0.560798
v 1.034134 1.110394 -0.612681
v 1.053580 1.233636 -0.538897
v 1.055481 1.214965 -0.585541
v 1.273798 2.625233 -0.539579
v 1.239491 2.511630 -0.534314
v 1.183780 2.407309 -0.519515
v 1.108805 2.315506 -0.497465
v 1.017448 2.238653 -0.471745
v 1.310218 2.631928 -0.417370
v 1.273798 2.515736 -0.418698
v 1.214655 2.409495 -0.414844
v 1.135063 2.316085 -0.409123
v 1.038079 2.238235 -0.402153
v 1.322515 2.637619 -0.293195
v 1.285382 2.518843 -0.300957
v 1.225080 2.410972 -0.308698
v 1.143929 2.316086 -0.318842
v 1.045044 2.237214 -0.331175
v 1.310218 2.641619 -0.170424
v 1.273798 2.520541 -0.185257
v 1.214655 2.411346 -0.204425
v 1.135063 2.315155 -0.230025
v 1.038079 2.235402 -0.261367
v 1.273798 2.642778 -0.054494
v 1.239491 2.520651 -0.075966
v 1.183780 2.410234 -0.105669
v 1.108805 2.313018 -0.145928
v 1.017448 2.232709 -0.195280
v -0.898795 2.424445 -0.474904
v -1.035023 2.704147 -0.340222
v -0.986447 2.557739 -0.344861
v -0.910879 2.424215 -0.350330
v -0.811150 2.308408 -0.357368
v -0.688549 2.211750 -0.367028
v -0.970905 2.697376 -0.056821
v -0.927597 2.549600 -0.076793
v -0.859627 2.416869 -0.108975
v -0.767752 2.300160 -0.152348
v -0.654725 2.203341 -0.205902
v -1.017559 2.703146 -0.195554
v -0.970840 2.555593 -0.207756
v -0.897946 2.422049 -0.226580
v -0.800070 2.305249 -0.252441
v -0.679937 2.208257 -0.284621
v -1.011309 4.225111 -0.837943
v -1.095902 4.914196 -1.565727
v -0.654584 4.392236 -0.856539
v -0.667289 4.439733 -0.748767
v -1.137088 4.962160 -1.494571
v -1.025651 4.297798 -0.683077
v -0.844352 4.431371 -0.582065
v -1.012081 4.349342 -0.517422
v -0.660877 4.476863 -0.635002
v -0.789485 4.728292 -1.229107
v -0.748063 4.680054 -1.300670
v -0.691748 4.631330 -1.360826
v -0.815178 4.534484 -1.418709
v -0.929636 4.420393 -1.450501
v -1.113230 4.634201 -1.133309
v -1.115400 5.158893 -1.643104
v -0.814422 4.774192 -1.148886
v -0.821916 4.815989 -1.063090
v -1.137635 5.184787 -1.604688
v -1.124446 4.696754 -1.004907
v -0.967821 4.815440 -0.927666
v -1.109125 4.750762 -0.873095
v -0.811679 4.852076 -0.975016
v -0.946794 5.070311 -1.478452
v -0.919274 5.038262 -1.525997
v -0.881860 5.005892 -1.565963
v -0.963864 4.941549 -1.604419
v -1.039907 4.865749 -1.625541
v -1.161883 5.007798 -1.414806
v -0.963362 5.100806 -1.425155
v -0.968341 5.128574 -1.368154
v -1.169335 5.049357 -1.329498
v -1.065277 5.128210 -1.278182
v -1.159156 5.085239 -1.241926
v -0.961539 5.152550 -1.309640
v -1.034900 5.243176 -1.595986
v -1.020043 5.225873 -1.621655
v -0.999843 5.208397 -1.643231
v -1.044116 5.173660 -1.663993
v -1.085170 5.132738 -1.675396
v -1.151022 5.209426 -1.561625
v -1.100118 5.238878 -1.567239
v -1.043844 5.259639 -1.567212
v -1.046532 5.274631 -1.536439
v -1.103539 5.257959 -1.528071
v -1.155045 5.231863 -1.515569
v -1.098866 5.274434 -1.487864
v -1.149549 5.251235 -1.468291
v -1.042861 5.287575 -1.504848
v -0.550745 0.885330 -0.480914
v -0.785672 0.439851 -0.246462
v -0.650021 0.985791 -0.458404
v -0.688965 1.006206 -0.322024
v -0.748761 0.422378 -0.364495
v -0.451874 0.843209 -0.478243
v -0.828121 0.108011 -0.160678
v -0.662584 0.357463 -0.376159
v -0.720754 1.081562 -0.171030
v -0.699967 1.194328 -0.017420
v -0.664568 1.099214 0.006569
v -0.603926 1.042484 0.031294
v -0.176608 0.948689 -0.054276
v -0.218289 1.041390 0.104559
v -0.153869 0.947116 -0.272428
v -0.117091 0.945032 -0.420741
v -0.791828 0.121900 -0.248084
v -0.468685 0.710259 -0.441188
v -0.731699 0.076607 -0.256223
v -0.746202 0.888655 -0.161421
v -0.790906 0.970039 -0.018624
v -0.715475 0.903940 0.011315
v -0.630293 0.873104 0.041898
v -0.171150 0.804565 -0.008482
v -0.238963 0.897695 0.153311
v -0.112429 0.747532 -0.177113
v -0.072424 0.735454 -0.342257
v -0.802367 0.095820 -0.243033
v -0.577439 0.321189 -0.373858
v -0.770855 0.064074 -0.159663
v -0.742238 0.050527 -0.251172
v -0.827328 0.481825 -0.121944
v -0.872126 0.546687 0.004274
v -0.799660 0.495589 0.033595
v -0.722958 0.467823 0.061134
v -0.307644 0.406137 0.016360
v -0.362485 0.485541 0.170875
v -0.256650 0.354752 -0.136074
v -0.211463 0.333362 -0.280569
v -0.672292 0.051298 -0.254618
v -0.846647 0.163379 -0.078849
v -0.877904 0.208636 0.009217
v -0.827342 0.172982 0.029675
v -0.773825 0.153609 0.048890
v -0.484047 0.110569 0.017650
v -0.522312 0.165971 0.125460
v -0.448467 0.074716 -0.088708
v -0.416939 0.059791 -0.189527
v -0.713210 0.039598 -0.152422
v -0.682831 0.025218 -0.249566
v -0.747493 0.074145 -0.049940
v -0.803150 0.096615 -0.063127
v -0.857186 0.137299 -0.073798
v -0.888443 0.182555 0.014269
v -0.837881 0.146902 0.034727
v -0.784363 0.127528 0.053942
v -0.494586 0.084488 0.022702
v -0.532850 0.139890 0.130511
v -0.459006 0.048635 -0.083657
v -0.427477 0.033710 -0.184475
v -0.830288 0.110195 -0.154201
v -0.848172 0.128216 -0.100742
v -0.819695 0.136221 -0.159414
v -0.837424 0.154086 -0.106417
v -0.866083 0.150181 -0.048730
v -0.855399 0.176051 -0.054191
v -0.827286 0.110078 -0.161078
v -0.814201 0.101422 -0.205192
v -0.804174 0.127745 -0.208605
v -0.813013 0.103153 -0.242763
v -0.805020 0.122935 -0.246594
v -0.821989 0.107402 -0.214060
v -0.814384 0.127368 -0.216649
v -0.840171 0.117204 -0.153823
v -0.854741 0.131886 -0.110272
v -0.831542 0.138407 -0.158070
v -0.845985 0.152961 -0.114896
v -0.815903 0.129138 -0.205809
v -0.826717 0.134258 -0.171227
v -0.828422 0.135975 -0.166133
v -0.834544 0.114888 -0.167476
v -0.836965 0.114983 -0.161929
v -0.823990 0.107907 -0.203056
v -0.848327 0.156372 -0.105892
v -0.856090 0.164195 -0.082685
v -0.864962 0.142240 -0.078432
v -0.857374 0.134594 -0.101114
v -0.872452 0.153084 -0.057330
v -0.863457 0.174862 -0.061927
v -0.866726 0.179203 -0.052574
v -0.885334 0.206146 -0.000146
v -0.894048 0.184581 0.004030
v -0.875561 0.157813 -0.048059
v 0.928319 0.757527 0.154768
v 1.038966 -0.000319 -0.076679
v 1.025310 0.777606 0.141183
v 1.038440 0.189744 0.069718
v 1.121586 0.825261 0.126319
v 1.087828 0.763332 -0.031432
v 1.065287 0.047966 0.046319
v 1.060875 0.727089 -0.184996
v 1.109632 0.204482 0.059747
v 1.155520 0.194005 -0.066955
v 1.180299 0.239461 0.048836
v 1.000312 0.732150 -0.347660
v 0.845016 0.715873 -0.463479
v 0.948322 0.757262 -0.432497
v 0.959706 0.809547 -0.410620
v 0.432209 0.727582 -0.353305
v 0.468333 0.827443 -0.520130
v 0.425828 0.713948 -0.174600
v 0.458824 0.758317 0.013391
v 0.500150 0.834129 0.206509
v 1.099707 0.433161 -0.182174
v 1.116629 0.114403 0.037137
v 1.052518 0.101131 0.046117
v 1.107725 0.461970 -0.265302
v 0.912322 0.414587 -0.423712
v 1.000862 0.437048 -0.401148
v 1.070712 0.497895 -0.328294
v 0.534660 0.412256 -0.323980
v 0.523589 0.431445 -0.458316
v 0.554739 0.421884 -0.173253
v 0.583054 0.459959 -0.011927
v 0.618519 0.525018 0.153798
v 1.104604 0.015754 -0.078522
v 1.135737 0.167402 -0.179672
v 1.129398 0.061238 0.037340
v 1.170722 0.051803 -0.076759
v 1.193035 0.092738 0.027514
v 1.121708 0.160675 -0.284984
v 0.975459 0.151515 -0.386267
v 1.051191 0.170728 -0.366968
v 1.129230 0.212973 -0.330346
v 0.652433 0.149522 -0.300964
v 0.642964 0.165935 -0.415866
v 0.669607 0.157757 -0.172041
v 0.693826 0.190324 -0.034054
v 0.724160 0.245971 0.107697
v 1.140137 0.081012 -0.178466
v 1.127504 0.074955 -0.273303
v 0.995803 0.066705 -0.364512
v 1.064001 0.084007 -0.347132
v 1.134278 0.122050 -0.314153
v 0.704907 0.064910 -0.287693
v 0.696380 0.079690 -0.391166
v 0.720373 0.072326 -0.171595
v 0.742183 0.101654 -0.047333
v 0.769500 0.151765 0.080318
v 1.017950 -0.028579 -0.196413
v 1.152905 0.027847 -0.178264
v 1.084808 -0.010865 -0.191309
v 1.003048 -0.035724 -0.308280
v 1.070770 -0.017596 -0.296686
v 1.140272 0.021789 -0.273101
v 1.008571 0.013540 -0.364309
v 1.076770 0.030841 -0.346930
v 1.147046 0.068884 -0.313951
v 0.717676 0.011745 -0.287491
v 0.709149 0.026525 -0.390964
v 0.733142 0.019161 -0.171392
v 0.754952 0.048488 -0.047130
v 0.782268 0.098600 0.080520
v 1.174722 0.059142 -0.058064
v 1.161198 0.110922 -0.061796
v 1.159423 0.036611 -0.141129
v 1.145978 0.088866 -0.145190
v 1.169431 0.057174 -0.076779
v 1.159192 0.073545 -0.200509
v 1.166775 0.041972 -0.200389
v 1.151690 0.069947 -0.256830
v 1.159272 0.038374 -0.256710
v 1.168410 0.085800 -0.145519
v 1.176310 0.096422 -0.100513
v 1.164558 0.080619 -0.167469
v 1.172980 0.045549 -0.167336
v 1.183881 0.064895 -0.100393
v 1.177280 0.051331 -0.142840
v 1.191731 0.140694 0.015563
v 1.202141 0.097353 0.015728
v 1.187211 0.069965 -0.054037
v 1.176186 0.112177 -0.057079
v 1.170499 0.105916 -0.067522
v 1.168371 0.102012 -0.077465
v 1.175897 0.070676 -0.077345
v 1.179366 0.071966 -0.065075
v 1.087241 0.318792 -1.544186
v 1.065120 0.293362 -1.673061
v 1.026283 0.326460 -1.828327
v 1.013126 0.294846 -1.496975
v 1.040363 0.069941 -1.676992
v 0.998173 0.291466 -1.797262
v 0.946760 0.230558 -1.455755
v 1.061066 0.113296 -1.573386
v 0.962443 0.271875 -1.779571
v 0.873150 0.231602 -1.457923
v 1.082774 0.165265 -1.481067
v 0.919699 0.279486 -1.781195
v 0.759625 0.237066 -1.495824
v 0.828016 0.277396 -1.646143
v 0.878578 0.274997 -1.797576
v 1.036312 0.259721 -1.525812
v 1.018132 0.009392 -1.545241
v 1.018744 0.142309 -1.793408
v 0.966685 0.217471 -1.465780
v 1.032565 0.039616 -1.473015
v 0.978161 0.145535 -1.781903
v 0.893288 0.223061 -1.468206
v 1.047697 0.075844 -1.408657
v 0.935546 0.157115 -1.787705
v 0.779550 0.223981 -1.505850
v 0.847016 0.207744 -1.661041
v 0.893620 0.148476 -1.800005
v 1.022467 0.164235 -1.439099
v 1.001219 0.006402 -1.469706
v 1.008237 0.069133 -1.655848
v 0.966070 0.130013 -1.390474
v 1.009800 0.010369 -1.414714
v 0.975365 0.071746 -1.646529
v 0.906619 0.134540 -1.392439
v 1.018562 0.020149 -1.363535
v 0.940848 0.081125 -1.651229
v 0.814493 0.135286 -1.422930
v 0.869140 0.122134 -1.548633
v 0.906889 0.074128 -1.661191
v 1.005656 0.075126 -1.379400
v 0.995737 0.008828 -1.530501
v 0.966341 0.051269 -1.345502
v 0.972821 0.010650 -1.524004
v 0.924896 0.054425 -1.346872
v 0.948758 0.017188 -1.527281
v 0.860673 0.054945 -1.368128
v 0.898769 0.045777 -1.455759
v 0.925084 0.012310 -1.534226
v 0.989221 0.010902 -1.345028
v 0.987674 0.001351 -1.400220
v 0.985598 0.001552 -1.460448
v 0.962961 -0.014557 -1.328735
v 0.963718 0.002367 -1.393843
v 0.969489 0.000155 -1.456105
v 0.933829 -0.014147 -1.329593
v 0.942855 -0.000172 -1.393131
v 0.952336 0.004071 -1.457162
v 0.888902 -0.011981 -1.344592
v 0.915967 0.004028 -1.404068
v 0.936033 0.001318 -1.463269
v -0.717366 0.388716 -1.222255
v -0.657585 -0.011155 -1.260273
v -0.665541 0.122608 -1.708678
v -0.661200 -0.000347 -1.240439
v -0.551199 0.460466 -1.884553
v -0.665281 0.008587 -1.222431
v -0.804720 0.424851 -1.285204
v -0.774988 0.372595 -1.397182
v -0.751898 0.317230 -1.532088
v -0.694977 0.368258 -1.722977
v -0.555482 0.474796 -1.894871
v -0.441725 0.380710 -1.288911
v -0.467489 0.337951 -1.405555
v -0.510078 0.314514 -1.546686
v -0.546259 0.369999 -1.731045
v -0.496767 0.454491 -1.886285
v -0.503711 0.320446 -1.198029
v -0.638942 -0.014235 -1.253644
v -0.740891 0.234344 -1.384305
v -0.725546 0.200752 -1.452017
v -0.519866 0.451787 -1.880783
v -0.607914 0.339237 -1.183216
v -0.695073 0.140396 -1.617404
v -0.711952 0.160111 -1.526597
v -0.538777 0.453009 -1.879881
v -0.680963 0.262098 -1.582889
v -0.656324 0.300139 -1.687461
v -0.526548 0.265332 -1.363399
v -0.547493 0.254472 -1.431255
v -0.571708 0.253225 -1.506535
v -0.597098 0.263567 -1.587674
v -0.614623 0.304028 -1.692198
v -0.568186 0.235040 -1.329185
v -0.625401 0.299666 -1.684774
v -0.621749 0.244165 -1.320656
v -0.636241 0.297483 -1.681396
v -0.690986 0.227047 -1.353666
v -0.677564 0.122172 -1.714154
v -0.524353 0.217333 -1.384650
v -0.547133 0.183551 -1.453454
v -0.573693 0.157562 -1.533257
v -0.601743 0.142015 -1.623028
v -0.629959 0.122485 -1.716918
v -0.570302 0.195267 -1.338426
v -0.645242 -0.021129 -1.308696
v -0.646840 -0.016432 -1.281495
v -0.648535 -0.013911 -1.254956
v -0.641272 0.122767 -1.710087
v -0.630121 0.206715 -1.332237
v -0.649560 -0.002782 -1.233763
v -0.652009 0.006646 -1.214283
v -0.653287 0.122809 -1.707305
v -0.679885 0.113324 -1.275916
v -0.659932 0.031424 -1.554311
v -0.719020 0.119046 -1.299942
v -0.706987 0.092704 -1.353041
v -0.696327 0.060834 -1.411526
v -0.683091 0.045374 -1.482735
v -0.669361 0.031082 -1.558605
v -0.549215 0.105706 -1.300214
v -0.567079 0.079215 -1.354168
v -0.587906 0.058835 -1.416748
v -0.609903 0.046643 -1.487145
v -0.632029 0.031328 -1.560772
v -0.585248 0.088403 -1.263965
v -0.640901 0.031549 -1.555416
v -0.632156 0.097380 -1.259112
v -0.650323 0.031582 -1.553234
v -0.653096 -0.016398 -1.284422
v -0.648440 -0.021245 -1.310152
v -0.607694 0.004063 -1.222523
v -0.613752 -0.004921 -1.240821
v -0.620815 -0.011833 -1.262044
v -0.628275 -0.015967 -1.285918
v -0.635779 -0.021161 -1.310887
v -0.619914 -0.001805 -1.210230
v -0.624717 -0.009086 -1.231737
v -0.629405 -0.012494 -1.256512
v -0.634172 -0.015794 -1.282355
v -0.638788 -0.021086 -1.309071
v -0.635822 0.001239 -1.208584
v -0.637151 -0.009647 -1.228678
v -0.640438 -0.016122 -1.280830
v -0.641983 -0.021075 -1.308331
v -0.258547 1.664736 -1.660562
v -0.255829 1.642474 -1.687277
v -0.250652 1.610723 -1.708714
v -0.243140 1.571258 -1.724299
v -0.111621 1.716171 -1.657109
v -0.471920 2.153612 -2.346062
v -0.468262 2.249410 -2.261073
v -0.130818 1.605036 -1.728507
v -0.003123 1.731520 -1.653736
v 0.003141 1.710202 -1.682345
v 0.002877 1.677657 -1.705531
v -0.016202 1.628739 -1.725899
v -0.288690 1.877274 -1.788796
v -0.291484 1.823757 -1.846138
v -0.280727 1.758125 -1.888709
v -0.256954 1.684298 -1.914102
v -0.115776 1.900124 -1.804868
v -0.485448 2.217065 -2.498776
v -0.479229 2.288152 -2.415421
v -0.094250 1.707646 -1.928864
v 0.063613 1.912058 -1.805127
v 0.067640 1.860008 -1.862794
v 0.071374 1.794981 -1.904617
v 0.074719 1.719016 -1.929088
v -0.453923 2.045089 -2.409492
v -0.414738 1.925486 -2.450712
v -0.217507 2.360823 -2.906435
v -0.143411 1.963716 -2.476130
v 0.118848 2.310371 -2.287918
v 0.126566 2.216500 -2.374503
v 0.133128 2.106322 -2.436972
v 0.138311 1.982929 -2.475827
v -0.468926 2.122436 -2.561615
v -0.429841 2.005517 -2.598503
v -0.189991 2.317760 -2.442846
v -0.191576 2.256237 -2.527560
v -0.181345 2.166483 -2.590336
v -0.159319 2.049255 -2.628625
v 0.107996 2.348300 -2.441723
v 0.113284 2.278347 -2.525609
v 0.118149 2.183761 -2.588340
v 0.123167 2.063216 -2.623950
v -0.156609 2.157278 -2.087816
v -0.404979 2.135243 -2.083242
v 0.094764 2.170133 -2.084714
v -0.175623 2.395398 -1.964802
v -0.198021 2.504375 -2.193130
v 0.100766 2.529727 -2.187624
v 0.089092 2.569770 -2.354488
v -0.486393 2.469131 -2.161034
v -0.497926 2.508957 -2.325567
v -0.210198 2.547300 -2.363957
v 0.075302 2.411765 -1.963555
v -0.424053 2.372839 -1.962759
v -0.729004 2.288676 -2.845101
v 0.314864 2.396548 -2.893725
v -0.251414 2.763998 -2.745022
v -0.761915 2.680850 -2.685378
v 0.281833 2.790303 -2.733032
v -0.236879 2.993008 -1.919279
v -0.652645 2.944804 -1.878800
v 0.192793 3.031909 -1.916112
v -0.294967 3.253695 -2.549320
v -1.034186 3.173796 -2.466319
v 0.468898 3.329473 -2.532458
v -0.841794 2.808445 -2.599583
v 0.350528 2.956161 -2.642908
v -0.259072 2.877221 -2.647758
v -0.337675 3.446385 -2.978374
v -1.395250 3.333201 -2.862307
v 0.754621 3.557014 -2.955457
v -1.117537 2.793575 -3.039468
v 0.588320 2.999832 -3.102945
v -0.284578 2.892220 -3.116789
v -0.378973 1.927676 -2.181072
v -0.351958 1.833245 -2.236130
v -0.396292 2.026372 -2.127324
v 0.106964 1.858744 -2.210778
v 0.092016 2.143920 -2.057596
v 0.095216 2.043707 -2.105528
v 0.100137 1.950503 -2.159009
v -0.120888 1.847324 -2.223701
v 0.833206 3.160190 0.618059
v 0.582444 3.336644 0.702737
v -0.262708 3.319920 0.689498
v -0.435794 3.497941 0.534069
v -0.595924 3.336978 0.481178
v 0.792970 3.120679 0.642761
v -0.257730 3.389966 0.666843
v 0.612432 3.439004 0.659938
v -0.274163 3.175235 0.706267
v 0.628850 3.213778 0.708185
v 0.910690 3.377857 0.525415
v -0.378115 3.088604 0.663408
v 0.792123 3.544679 0.538086
v -0.601629 3.275607 0.486426
v -0.550707 3.175349 0.543320
v 0.693181 3.146303 0.686888
v -0.310754 3.465220 0.610899
v -0.393495 3.501348 0.554280
v 0.646289 3.478033 0.629152
v 0.723118 3.526371 0.576401
v 0.584480 3.392159 0.683289
v 0.839159 3.531815 0.511696
v 0.872835 3.484053 0.508717
v 0.901178 3.415393 0.517444
v 0.920159 3.337298 0.524966
v 0.900527 3.233953 0.556700
v -0.538198 3.467582 0.469717
v -0.591804 3.395820 0.459877
v 0.773713 3.359482 0.616055
v 0.646520 3.343475 0.679435
v 0.730866 3.302325 0.645449
v 0.679971 3.303422 0.669748
v 0.682814 3.458515 0.620254
v 0.718275 3.480824 0.596119
v 0.757955 3.453860 0.588324
v 0.636353 3.398151 0.664008
v 0.656263 3.440850 0.638973
v -0.475145 3.327555 0.576978
v -0.470862 3.308623 0.583371
v -0.319041 3.321284 0.660539
v -0.450959 3.422216 0.555566
v -0.479102 3.350005 0.564610
v -0.478168 3.382058 0.551848
v -0.330359 3.289658 0.659565
v -0.371415 3.260855 0.642445
v -0.423099 3.267112 0.614507
v -0.400418 3.443539 0.573238
v -0.350890 3.452758 0.595164
v -0.316235 3.412403 0.628345
v -0.308768 3.346178 0.656660
v -0.430388 3.435451 0.560953
v 1.250606 2.992827 0.138910
v 1.019895 2.534505 0.226582
v 1.186548 2.679370 0.090942
v 0.977487 3.143669 0.514606
v 1.010023 3.181379 0.484943
v 1.130917 2.579137 0.071785
v 0.901923 2.890944 0.548794
v 0.887791 2.665223 0.473996
v 1.249772 2.923791 0.119170
v 1.155630 3.190345 0.324281
v 1.249244 2.881156 0.107466
v 0.916218 2.580468 0.392266
v 1.185133 3.166321 0.280007
v 1.170818 3.187105 0.300266
v 1.101377 3.205928 0.381024
v 0.896944 2.613794 0.431159
v 1.045585 2.534631 0.178611
v 0.955764 3.119836 0.529319
v 0.919486 2.997423 0.547017
v 0.895651 2.861838 0.543654
v 0.873906 2.725286 0.509140
v 1.211298 2.733435 0.084874
v 1.220971 3.107858 0.207991
v 0.939335 2.536695 0.326816
v -0.691084 2.550758 0.207938
v -0.869290 2.650497 0.028772
v -0.611300 2.680848 0.410444
v -0.941014 2.818043 0.025340
v -0.931261 3.092647 0.094136
v -0.619025 2.654889 0.388368
v -0.817388 3.164421 0.287657
v -0.612596 2.873341 0.483714
v -0.898004 3.154528 0.159697
v -0.860991 3.146489 0.220930
v -0.950011 2.924380 -0.008443
v -0.796341 2.578686 0.040190
v -0.765582 3.126953 0.350375
v -0.664036 3.041022 0.460512
v -0.823923 2.586002 0.023835
v -0.590396 2.741115 0.452120
v -0.635085 3.002766 0.479755
v -0.945191 3.059590 0.045564
v -0.697832 3.089680 0.426364
v -0.662100 2.562596 0.254474
v -0.885017 2.678212 0.024695
v -0.733875 2.550538 0.125103
v 0.119949 2.844001 0.781419
v 0.227226 3.082142 0.802184
v 0.121618 3.081940 0.801600
v 0.253408 2.843841 0.779573
v 0.051702 3.005270 0.789455
v 0.283611 2.990286 0.789893
v 0.566402 2.480988 0.562254
v 0.554490 2.436476 0.539760
v 0.540815 2.382806 0.496606
v -0.000759 2.343644 0.520419
v 0.364148 2.356560 0.529877
v 0.300256 2.359031 0.538879
v -0.278937 2.511709 0.543423
v 0.078549 2.352507 0.536181
v -0.065495 2.339394 0.496279
v 0.414311 2.356424 0.513571
v -0.360853 2.398552 0.413822
v 0.551467 2.417279 0.523842
v -0.186087 2.369599 0.485195
v 0.183426 2.372806 0.563544
v 0.531528 2.352590 0.472536
v -0.327888 2.428811 0.463000
v -0.234740 2.421654 0.509081
v 0.004996 2.310974 0.492127
v 0.358410 2.320468 0.499050
v 0.266978 2.327687 0.515379
v 0.579749 2.385552 0.477332
v 0.586524 2.418633 0.505280
v -0.281350 2.473614 0.517718
v 0.117949 2.336096 0.525640
v -0.066197 2.316061 0.474413
v -0.289087 2.503569 0.532802
vn -0.4556 -0.2658 0.8496
vn -0.3111 -0.1873 0.9317
vn -0.2793 -0.1729 0.9445
vn -0.9661 -0.1752 -0.1894
vn -0.4256 -0.1121 0.8979
vn -0.2634 -0.1460 0.9536
vn -0.3043 -0.1799 0.9354
vn -0.4483 -0.2902 0.8455
vn -0.6030 -0.4102 0.6842
vn -0.9810 -0.1256 -0.1481
vn -0.8354 -0.4100 0.3660
vn 0.1210 -0.3781 -0.9178
vn -0.6501 0.1093 0.7520
vn -0.6182 -0.0090 0.7859
vn -0.6589 -0.1251 0.7418
vn -0.7493 -0.2244 0.6230
vn -0.8656 -0.3678 0.3399
vn -0.8947 -0.4314 -0.1160
vn -0.8595 -0.3054 -0.4099
vn -0.5665 -0.0819 -0.8200
vn -0.0170 -0.2741 -0.9616
vn -0.7868 0.2811 0.5495
vn -0.8337 0.1336 0.5358
vn -0.8800 -0.0187 0.4746
vn -0.9351 -0.1230 0.3322
vn -0.9513 -0.3080 0.0162
vn -0.8691 -0.3789 -0.3180
vn -0.7169 -0.2661 -0.6444
vn -0.3580 -0.1846 -0.9153
vn -0.0011 -0.2652 -0.9642
vn -0.8568 0.4652 0.2224
vn -0.9357 0.3130 0.1627
vn -0.9830 0.1666 0.0770
vn -0.9958 0.0488 -0.0778
vn -0.9249 -0.1050 -0.3654
vn -0.7554 -0.1731 -0.6320
vn -0.5507 -0.1104 -0.8274
vn -0.2663 -0.1135 -0.9572
vn 0.0172 -0.2629 -0.9647
vn -0.7539 0.6466 -0.1163
vn -0.8285 0.5150 -0.2197
vn -0.8634 0.3596 -0.3538
vn -0.8208 0.2462 -0.5154
vn -0.7024 0.1059 -0.7038
vn -0.5391 0.0391 -0.8413
vn -0.3855 0.0340 -0.9221
vn -0.1830 -0.0658 -0.9809
vn 0.0355 -0.2805 -0.9592
vn -0.5072 0.7847 -0.3565
vn -0.5414 0.6628 -0.5173
vn -0.5091 0.4967 -0.7029
vn -0.4630 0.3680 -0.8064
vn -0.4042 0.2576 -0.8776
vn -0.3310 0.1990 -0.9224
vn -0.2409 0.1045 -0.9649
vn -0.1095 -0.0829 -0.9905
vn 0.0542 -0.3196 -0.9460
vn -0.2661 0.8440 -0.4657
vn -0.2043 0.5100 -0.8356
vn -0.1832 0.3459 -0.9202
vn -0.1757 0.2730 -0.9458
vn -0.1281 0.1154 -0.9850
vn -0.0469 -0.1441 -0.9884
vn 0.0663 -0.3690 -0.9271
vn 0.0931 0.9019 -0.4217
vn 0.0800 0.7699 -0.6331
vn 0.0052 0.5968 -0.8024
vn -0.0195 0.4806 -0.8768
vn -0.0154 0.3759 -0.9265
vn -0.0233 0.2836 -0.9586
vn -0.0238 0.1110 -0.9935
vn -0.0140 -0.1990 -0.9799
vn 0.0189 -0.4162 -0.9091
vn 0.2761 0.8701 -0.4084
vn 0.3031 0.7525 -0.5848
vn 0.2916 0.5964 -0.7479
vn 0.2582 0.4553 -0.8521
vn 0.2104 0.3511 -0.9124
vn 0.1630 0.2608 -0.9515
vn 0.0888 0.1195 -0.9889
vn -0.0170 -0.1498 -0.9886
vn -0.0754 -0.3890 -0.9182
vn 0.5454 0.7754 -0.3183
vn 0.6159 0.6401 -0.4593
vn 0.6085 0.4841 -0.6288
vn 0.5652 0.3399 -0.7516
vn 0.5051 0.2543 -0.8247
vn 0.4156 0.2107 -0.8848
vn 0.2557 0.1455 -0.9557
vn 0.0144 -0.0780 -0.9968
vn -0.1306 -0.3169 -0.9394
vn 0.8130 0.5823 0.0002
vn 0.8873 0.4590 -0.0448
vn 0.9379 0.2629 -0.2264
vn 0.8978 0.0708 -0.4347
vn 0.8209 0.0086 -0.5710
vn 0.7207 0.0466 -0.6917
vn 0.4957 0.0921 -0.8636
vn 0.0963 -0.0390 -0.9946
vn -0.1396 -0.2733 -0.9518
vn 0.8349 0.3359 0.4361
vn 0.8361 0.2459 0.4903
vn 0.9320 0.0478 0.3593
vn 0.9644 -0.2526 0.0788
vn 0.9366 -0.3302 -0.1174
vn 0.9113 -0.2689 -0.3117
vn 0.7251 -0.1763 -0.6657
vn 0.2049 -0.1242 -0.9709
vn -0.1497 -0.2181 -0.9644
vn 0.7314 0.1148 0.6722
vn 0.6371 0.0774 0.7669
vn 0.6762 -0.0201 0.7364
vn 0.7859 -0.3750 0.4916
vn 0.8023 -0.5370 0.2608
vn 0.8790 -0.4572 0.1354
vn 0.8570 -0.3335 -0.3929
vn 0.3286 -0.2842 -0.9007
vn -0.1526 -0.2045 -0.9669
vn -0.0071 -0.4130 -0.9107
vn 0.5983 -0.0794 0.7974
vn 0.4310 -0.0443 0.9013
vn 0.4392 -0.0505 0.8970
vn 0.5875 -0.3591 0.7251
vn 0.6925 -0.5535 0.4626
vn 0.7379 -0.4867 0.4675
vn 0.3856 -0.4368 -0.8127
vn 0.1317 -0.4300 -0.8932
vn -0.1282 -0.1858 -0.9742
vn 0.4149 -0.2788 0.8661
vn 0.1091 -0.1238 0.9863
vn 0.0501 -0.1451 0.9881
vn 0.1231 -0.3968 0.9096
vn 0.2526 -0.6278 0.7362
vn 0.3575 -0.7299 0.5826
vn 0.9862 -0.0587 -0.1547
vn -0.0005 -0.5399 -0.8417
vn -0.1043 -0.2374 -0.9658
vn 0.3345 -0.4843 0.8084
vn -0.0460 -0.2348 0.9709
vn -0.2030 -0.2671 0.9420
vn -0.2726 -0.4187 0.8663
vn -0.2525 -0.5624 0.7873
vn -0.2126 -0.7641 0.6090
vn 0.9851 0.1104 0.1320
vn 0.0539 -0.4663 -0.8830
vn -0.0983 -0.3058 -0.9470
vn 0.3745 -0.6344 0.6762
vn -0.0243 -0.3769 0.9260
vn -0.1933 -0.4284 0.8827
vn -0.3916 -0.4903 0.7787
vn -0.6189 -0.5298 0.5799
vn -0.7209 -0.6759 0.1532
vn -0.6215 -0.7156 -0.3188
vn -0.0777 -0.6109 -0.7879
vn -0.1305 -0.3561 -0.9253
vn 0.3907 -0.7312 0.5592
vn -0.3863 -0.4087 0.8269
vn -0.5235 -0.4937 0.6944
vn -0.7414 -0.5243 0.4190
vn -0.9030 -0.4006 0.1550
vn -0.8708 -0.4887 -0.0533
vn -0.4532 -0.8615 -0.2288
vn -0.2269 -0.6500 -0.7253
vn -0.2481 -0.4783 -0.8424
vn 0.4461 -0.6157 0.6495
vn -0.8195 0.5671 -0.0825
vn -0.9564 0.2280 -0.1827
vn -0.9003 -0.4321 0.0525
vn -0.7108 -0.6728 0.2053
vn -0.8964 -0.4350 -0.0851
vn -0.5872 -0.7781 -0.2231
vn -0.3495 -0.5937 -0.7248
vn -0.3270 -0.5265 -0.7848
vn 0.8646 0.3313 -0.3778
vn 0.4454 0.6990 -0.5594
vn -0.3152 0.6483 -0.6930
vn 0.7923 -0.5174 0.3232
vn -0.1632 0.9350 -0.3148
vn -0.0657 -0.9875 -0.1434
vn -0.3710 -0.8826 -0.2889
vn -0.4051 -0.6745 -0.6172
vn -0.3195 -0.5441 -0.7758
vn 0.9997 0.0129 0.0183
vn 0.9855 0.1394 -0.0968
vn 0.9747 0.2155 -0.0598
vn 0.9911 0.1326 -0.0143
vn 0.9786 -0.1729 -0.1120
vn 0.7550 -0.6241 -0.2010
vn 0.1422 -0.9373 -0.3180
vn -0.3002 -0.7065 -0.6409
vn -0.2319 -0.5002 -0.8343
vn 0.8560 -0.4077 0.3178
vn 0.8916 -0.3977 0.2164
vn 0.8774 -0.4634 0.1244
vn 0.7928 -0.6091 -0.0196
vn 0.6062 -0.7695 -0.2008
vn 0.3232 -0.8732 -0.3647
vn 0.0253 -0.8505 -0.5253
vn -0.1652 -0.6730 -0.7210
vn -0.1956 -0.4927 -0.8479
vn 0.4802 -0.7237 0.4957
vn 0.5018 -0.7935 0.3444
vn 0.4470 -0.8806 0.1572
vn 0.3425 -0.9382 -0.0502
vn 0.2096 -0.9404 -0.2678
vn 0.0752 -0.8944 -0.4409
vn -0.0446 -0.8181 -0.5734
vn -0.1235 -0.6720 -0.7302
vn -0.1544 -0.4906 -0.8576
vn -0.0638 -0.8350 0.5466
vn -0.0579 -0.9120 0.4062
vn -0.0403 -0.9839 0.1744
vn -0.0236 -0.9983 -0.0528
vn -0.0110 -0.9633 -0.2681
vn 0.0010 -0.8915 -0.4531
vn 0.0091 -0.8127 -0.5826
vn 0.0186 -0.6779 -0.7349
vn 0.0369 -0.4870 -0.8726
vn -0.5083 -0.7242 0.4660
vn -0.5555 -0.7567 0.3446
vn -0.5110 -0.8413 0.1762
vn -0.4071 -0.9133 -0.0126
vn -0.2510 -0.9404 -0.2296
vn -0.0860 -0.9012 -0.4249
vn 0.0400 -0.8154 -0.5775
vn 0.1113 -0.6744 -0.7299
vn 0.1564 -0.4880 -0.8587
vn -0.8567 -0.4523 0.2479
vn -0.9112 -0.3735 0.1736
vn -0.9143 -0.3788 0.1433
vn -0.8389 -0.5365 0.0914
vn -0.6521 -0.7558 -0.0593
vn -0.3431 -0.8937 -0.2891
vn -0.0651 -0.8386 -0.5408
vn 0.0815 -0.6761 -0.7323
vn 0.1479 -0.4982 -0.8544
vn -0.9938 -0.1080 -0.0257
vn -0.9980 -0.0087 -0.0628
vn -0.9773 -0.1314 0.1662
vn -0.8766 -0.3594 0.3198
vn -0.7257 -0.6427 0.2457
vn -0.4766 -0.8783 -0.0374
vn -0.1848 -0.8817 -0.4341
vn 0.0424 -0.6944 -0.7184
vn 0.1451 -0.5081 -0.8490
vn -0.6580 -0.5732 0.4882
vn -0.6400 -0.6178 0.4568
vn -0.5049 -0.7099 0.4909
vn -0.3488 -0.8239 0.4467
vn -0.1863 -0.8917 0.4126
vn -0.2169 -0.9553 0.2008
vn -0.1614 -0.9503 -0.2662
vn -0.0011 -0.7356 -0.6774
vn 0.1374 -0.5153 -0.8460
vn -0.3479 -0.7350 0.5820
vn 0.3410 -0.6165 0.7097
vn 0.5772 -0.5271 0.6237
vn 0.6994 -0.6289 0.3396
vn 0.5842 -0.7986 0.1445
vn 0.4820 -0.8716 0.0893
vn 0.2139 -0.9648 -0.1529
vn 0.0520 -0.7912 -0.6093
vn 0.1233 -0.5135 -0.8492
vn -0.0688 -0.6843 0.7260
vn 0.5365 -0.4368 0.7221
vn 0.6442 -0.3969 0.6538
vn 0.7546 -0.4663 0.4618
vn 0.7692 -0.6216 0.1477
vn 0.8136 -0.5783 -0.0600
vn 0.6656 -0.7214 -0.1912
vn 0.4593 -0.8658 -0.1988
vn 0.1175 -0.4588 -0.8807
vn -0.4238 -0.4466 0.7880
vn 0.0091 -0.2958 0.9552
vn 0.2045 -0.2647 0.9424
vn 0.2643 -0.4733 0.8403
vn 0.4062 -0.6742 0.6168
vn 0.1126 -0.3121 -0.9434
vn 0.0784 -0.3062 -0.9487
vn -0.2974 -0.3238 0.8982
vn -0.2857 -0.5256 0.8014
vn -0.5056 -0.4864 0.7126
vn 0.0902 -0.3441 -0.9346
vn -0.6991 0.3979 0.5940
vn -0.5139 0.5381 0.6681
vn -0.3500 0.7525 0.5579
vn -0.2691 0.1549 0.9506
vn -0.3124 0.2162 0.9250
vn -0.6888 0.3151 0.6528
vn -0.4206 0.1261 0.8984
vn -0.6177 0.3667 0.6957
vn -0.5014 0.4473 0.7406
vn -0.3834 0.5639 0.7314
vn -0.2780 0.7540 0.5952
vn -0.2355 -0.0516 0.9705
vn -0.4237 0.2788 0.8618
vn -0.4015 0.2065 0.8923
vn -0.4008 0.3777 0.8347
vn -0.3354 0.4150 0.8458
vn -0.2832 0.4722 0.8348
vn -0.2335 0.5840 0.7775
vn -0.1991 0.7553 0.6243
vn 0.0187 -0.0362 0.9992
vn -0.5031 0.2692 0.8212
vn -0.0157 0.3906 0.9204
vn -0.0230 0.3998 0.9163
vn -0.0261 0.4186 0.9078
vn -0.0370 0.4711 0.8813
vn -0.0599 0.5895 0.8055
vn -0.1025 0.7657 0.6349
vn -0.6344 0.3195 0.7039
vn 0.2269 -0.1098 0.9677
vn 0.3932 0.3072 0.8666
vn 0.3453 0.3856 0.8556
vn 0.2880 0.4155 0.8628
vn 0.2148 0.4686 0.8569
vn 0.1307 0.5916 0.7956
vn -0.7613 0.4467 0.4700
vn 0.0290 0.7846 0.6193
vn 0.2017 0.2148 0.9556
vn 0.2101 0.2843 0.9354
vn 0.7230 0.3240 0.6102
vn 0.5788 0.3819 0.7205
vn 0.4443 0.4514 0.7738
vn -0.7454 0.6593 0.0987
vn 0.3046 0.5871 0.7500
vn 0.1425 0.8056 0.5751
vn 0.9650 0.1291 -0.2285
vn 0.8511 0.0153 0.5248
vn 0.9886 0.1507 -0.0049
vn 0.8621 0.2680 0.4300
vn -0.4855 0.8317 -0.2694
vn 0.6363 0.4192 0.6476
vn 0.4317 0.5677 0.7010
vn 0.2059 0.8075 0.5528
vn 0.8112 0.4716 -0.3458
vn 0.1824 -0.1116 0.9769
vn 0.9886 0.0228 -0.1490
vn -0.1742 0.8903 -0.4207
vn 0.9915 0.0518 0.1196
vn 0.8452 0.3574 0.3973
vn 0.5653 0.5523 0.6127
vn 0.2575 0.8111 0.5252
vn -0.1107 0.8820 0.4580
vn 0.7533 0.1636 0.6370
vn 0.0395 0.8869 -0.4602
vn 0.1288 -0.1220 0.9841
vn 0.9680 -0.0135 -0.2508
vn 0.9965 -0.0737 -0.0397
vn 0.9471 0.2558 0.1937
vn 0.7089 0.5410 0.4526
vn 0.3149 0.8129 0.4899
vn 0.2004 0.8747 -0.4412
vn 0.1754 -0.4760 -0.8618
vn 0.6059 -0.4063 -0.6840
vn 0.9190 -0.2660 -0.2909
vn 0.9854 -0.1396 0.0975
vn 0.9663 0.2107 0.1478
vn 0.7846 0.5151 0.3451
vn 0.4318 0.8290 -0.3555
vn 0.3826 0.8111 0.4425
vn 0.2207 -0.7668 -0.6028
vn 0.6781 -0.5697 -0.4644
vn 0.9021 -0.3368 -0.2697
vn 0.1282 -0.2499 -0.9597
vn 0.9717 0.2268 0.0667
vn 0.7377 0.6746 -0.0254
vn 0.7958 0.5036 0.3364
vn 0.4145 0.8052 0.4241
vn 0.2941 -0.5939 -0.7489
vn 0.7225 -0.4137 -0.5539
vn 0.8765 -0.2613 -0.4042
vn 0.9524 -0.0744 -0.2957
vn 0.8293 0.3809 0.4088
vn 0.9625 0.2469 0.1120
vn 0.7712 0.5269 0.3573
vn 0.3847 0.8093 0.4439
vn 0.4464 -0.4350 -0.7820
vn 0.7925 -0.2574 -0.5530
vn 0.8709 -0.1278 -0.4746
vn 0.7211 0.1781 0.6696
vn 0.9463 0.0528 -0.3191
vn 0.9368 0.3100 0.1619
vn 0.7315 0.5781 0.3616
vn 0.3550 0.8129 0.4617
vn 0.6124 -0.3503 -0.7087
vn 0.8987 -0.1819 -0.3992
vn 0.6005 0.1056 0.7926
vn 0.9414 -0.0266 -0.3363
vn 0.9769 0.1719 -0.1272
vn 0.8957 0.4067 0.1797
vn 0.6797 0.6537 0.3327
vn 0.3265 0.8356 0.4419
vn 0.7632 -0.2433 -0.5986
vn 0.5171 0.0322 0.8553
vn 0.9485 -0.0370 -0.3147
vn 0.9720 0.1403 -0.1884
vn 0.9379 0.3451 -0.0348
vn 0.8193 0.5511 0.1581
vn 0.6046 0.7475 0.2752
vn 0.3031 0.8615 0.4074
vn 0.5100 -0.0744 0.8570
vn 0.8395 0.1472 -0.5231
vn 0.8954 0.2964 -0.3323
vn 0.8868 0.4086 -0.2159
vn 0.8303 0.5511 -0.0830
vn 0.6953 0.7120 0.0982
vn 0.5031 0.8423 0.1933
vn 0.5894 -0.1511 0.7936
vn 0.2845 0.8871 0.3635
vn 0.6719 0.5030 -0.5437
vn 0.6863 0.5810 -0.4376
vn 0.6804 0.6440 -0.3498
vn 0.6296 0.7493 -0.2053
vn 0.5072 0.8616 -0.0174
vn 0.7339 -0.1552 0.6613
vn 0.3835 0.9215 0.0609
vn 0.2183 0.9420 0.2549
vn 0.3499 0.6531 -0.6716
vn 0.3959 0.7124 -0.5795
vn 0.3991 0.7888 -0.4676
vn 0.3622 0.8777 -0.3137
vn 0.8108 0.5408 0.2239
vn 0.2897 0.9505 -0.1122
vn 0.2332 0.9671 -0.1021
vn 0.0872 0.9914 0.0976
vn 0.1442 0.6599 -0.7374
vn 0.1669 0.7580 -0.6306
vn 0.1651 0.8542 -0.4930
vn 0.1433 0.9329 -0.3305
vn 0.6974 0.7165 0.0155
vn 0.1186 0.9806 -0.1558
vn 0.0536 0.9848 -0.1653
vn -0.0537 0.9958 0.0737
vn -0.0320 0.6539 -0.7559
vn -0.0323 0.7684 -0.6391
vn -0.0283 0.8651 -0.5008
vn 0.9516 0.2585 0.1661
vn -0.0337 0.9456 -0.3235
vn -0.0497 0.9920 -0.1160
vn -0.1152 0.9921 -0.0501
vn -0.1628 0.9783 0.1284
vn -0.2216 0.6208 -0.7520
vn -0.2593 0.7269 -0.6359
vn 0.6415 -0.5993 0.4790
vn -0.2767 0.8342 -0.4771
vn -0.2812 0.9174 -0.2816
vn -0.2513 0.9670 -0.0426
vn -0.2287 0.9716 0.0612
vn -0.2036 0.9587 0.1986
vn -0.4631 0.4901 -0.7385
vn 0.2921 -0.7053 0.6460
vn -0.5324 0.5737 -0.6224
vn -0.5686 0.7049 -0.4240
vn -0.5485 0.8089 -0.2117
vn -0.4710 0.8819 0.0170
vn -0.3660 0.9195 0.1436
vn -0.2544 0.9319 0.2586
vn -0.0216 -0.7353 0.6774
vn -0.6104 0.2400 -0.7548
vn -0.6617 0.3295 -0.6735
vn -0.7655 0.4634 -0.4463
vn -0.7691 0.6078 -0.1975
vn -0.6723 0.7389 0.0456
vn -0.5120 0.8347 0.2028
vn -0.2136 -0.7654 0.6071
vn -0.3257 0.8829 0.3383
vn -0.4496 0.0189 -0.8930
vn -0.6335 0.1381 -0.7614
vn -0.7913 0.2381 -0.5632
vn -0.8777 0.3903 -0.2780
vn -0.8233 0.5668 0.0300
vn -0.6155 -0.6776 0.4025
vn -0.6385 0.7300 0.2438
vn -0.3864 0.8275 0.4074
vn -0.2522 -0.2227 -0.9417
vn -0.6362 -0.1418 -0.7584
vn -0.7646 0.0069 -0.6444
vn -0.9017 0.2095 -0.3783
vn -0.9889 -0.0403 0.1427
vn -0.9080 0.4179 -0.0305
vn -0.7342 0.6277 0.2587
vn -0.4328 0.7726 0.4646
vn -0.1888 -0.3170 -0.9294
vn -0.5681 -0.2457 -0.7854
vn -0.7000 -0.1335 -0.7016
vn -0.9249 0.3531 0.1412
vn -0.8670 0.0514 -0.4957
vn -0.9488 0.3025 -0.0905
vn -0.7981 0.5492 0.2479
vn -0.4702 0.7341 0.4899
vn -0.1036 -0.3708 -0.9229
vn -0.4788 -0.2890 -0.8290
vn -0.8672 0.1076 0.4863
vn -0.6296 -0.2010 -0.7505
vn -0.8134 -0.0585 -0.5788
vn -0.9673 0.2176 -0.1303
vn -0.8387 0.4947 0.2276
vn -0.5045 0.7182 0.4792
vn -0.0560 -0.5537 -0.8308
vn -0.5719 -0.0482 0.8189
vn -0.4866 -0.4677 -0.7379
vn -0.6726 -0.3655 -0.6434
vn -0.8416 -0.1868 -0.5067
vn -0.9789 0.1545 -0.1337
vn -0.8712 0.4576 0.1778
vn -0.5455 0.7211 0.4271
vn -0.5005 0.0691 0.8630
vn 0.4942 -0.5638 -0.6617
vn 0.4207 -0.7190 -0.5532
vn 0.3253 -0.8325 -0.4485
vn 0.2070 -0.9206 -0.3312
vn 0.1001 -0.9716 -0.2146
vn -0.8545 -0.4775 0.2044
vn 0.0645 -0.9709 -0.2308
vn 0.1380 -0.9234 -0.3583
vn 0.2230 -0.8411 -0.4927
vn 0.3027 -0.7194 -0.6252
vn 0.3623 -0.5543 -0.7493
vn -0.8843 0.3841 -0.2654
vn 0.3999 -0.3739 -0.8368
vn 0.4275 -0.1751 -0.8869
vn 0.4416 0.0342 -0.8966
vn 0.4401 0.2329 -0.8672
vn 0.4248 0.4035 -0.8104
vn 0.3950 0.5440 -0.7403
vn -0.9736 0.1477 -0.1742
vn 0.3482 0.6698 -0.6558
vn 0.2794 0.7983 -0.5336
vn 0.1791 0.9145 -0.3627
vn 0.0564 0.9816 -0.1823
vn -0.9587 0.1502 -0.2414
vn 0.0010 0.9824 -0.1866
vn 0.0641 0.9215 -0.3831
vn 0.1074 0.8082 -0.5791
vn 0.1421 0.6816 -0.7178
vn 0.1710 0.5532 -0.8153
vn 0.1904 0.4064 -0.8936
vn -0.9322 0.2501 -0.2616
vn 0.2033 0.2347 -0.9506
vn 0.2149 0.0422 -0.9757
vn 0.2249 -0.1632 -0.9606
vn 0.2243 -0.3633 -0.9043
vn 0.2035 -0.5498 -0.8101
vn 0.1582 -0.7246 -0.6707
vn -0.7998 0.4620 -0.3831
vn 0.1071 -0.8484 -0.5184
vn 0.0647 -0.9247 -0.3750
vn 0.0272 -0.9704 -0.2400
vn -0.0098 -0.9702 -0.2423
vn -0.4628 0.6812 -0.5673
vn -0.0054 -0.9251 -0.3797
vn -0.0024 -0.8510 -0.5251
vn 0.0023 -0.7321 -0.6812
vn 0.0083 -0.5508 -0.8346
vn 0.0083 -0.3549 -0.9349
vn 0.0034 -0.1535 -0.9881
vn -0.1697 0.7185 -0.6745
vn -0.0003 0.0463 -0.9989
vn -0.0027 0.2353 -0.9719
vn -0.0075 0.4099 -0.9121
vn -0.0168 0.5609 -0.8277
vn -0.0310 0.6876 -0.7254
vn -0.0477 0.8057 -0.5904
vn -0.0130 0.7171 -0.6968
vn -0.0602 0.9197 -0.3881
vn -0.0660 0.9801 -0.1871
vn -0.1091 0.9765 -0.1859
vn -0.1641 0.9109 -0.3786
vn 0.1285 0.7253 -0.6763
vn -0.1970 0.8035 -0.5617
vn -0.2077 0.6934 -0.6899
vn -0.2067 0.5735 -0.7927
vn -0.2022 0.4246 -0.8825
vn -0.2012 0.2434 -0.9488
vn -0.2058 0.0432 -0.9776
vn 0.3397 0.7243 -0.5999
vn -0.2122 -0.1648 -0.9632
vn -0.2077 -0.3652 -0.9075
vn -0.1841 -0.5554 -0.8110
vn -0.1443 -0.7312 -0.6667
vn -0.1061 -0.8503 -0.5154
vn -0.0732 -0.9251 -0.3727
vn 0.6828 0.5947 -0.4245
vn -0.0451 -0.9702 -0.2381
vn -0.0776 -0.9704 -0.2286
vn -0.1373 -0.9248 -0.3548
vn -0.2057 -0.8473 -0.4896
vn 0.9549 0.2595 -0.1444
vn -0.2774 -0.7293 -0.6255
vn -0.3410 -0.5619 -0.7537
vn -0.3805 -0.3792 -0.8435
vn -0.4020 -0.1791 -0.8980
vn -0.4093 0.0364 -0.9117
vn -0.4036 0.2508 -0.8799
vn 0.9944 -0.0943 0.0484
vn -0.3922 0.4446 -0.8053
vn -0.3837 0.5899 -0.7105
vn -0.3745 0.6949 -0.6139
vn -0.3440 0.7886 -0.5097
vn -0.2582 0.8969 -0.3589
vn -0.1401 0.9734 -0.1811
vn 0.9866 -0.1418 0.0811
vn -0.1720 0.9699 -0.1723
vn -0.3333 0.8792 -0.3406
vn -0.4392 0.7740 -0.4560
vn -0.4722 0.7012 -0.5342
vn 0.9903 -0.1076 0.0879
vn -0.4904 0.6119 -0.6205
vn -0.5192 0.4685 -0.7148
vn -0.5549 0.2570 -0.7912
vn -0.5720 0.0335 -0.8195
vn -0.5626 -0.1848 -0.8058
vn -0.5286 -0.3866 -0.7557
vn 0.9394 -0.3055 0.1556
vn -0.4739 -0.5717 -0.6698
vn -0.3935 -0.7298 -0.5590
vn -0.2976 -0.8437 -0.4469
vn -0.1966 -0.9246 -0.3263
vn -0.1068 -0.9709 -0.2145
vn 0.7705 -0.5591 0.3062
vn -0.1324 -0.9715 -0.1966
vn -0.2505 -0.9244 -0.2876
vn -0.3802 -0.8407 -0.3856
vn -0.4948 -0.7308 -0.4702
vn -0.5898 -0.5802 -0.5617
vn -0.7302 0.4093 -0.5470
vn -0.6612 -0.3936 -0.6387
vn -0.7014 -0.1917 -0.6865
vn -0.7060 0.0257 -0.7078
vn -0.6666 0.2523 -0.7014
vn -0.5779 0.4705 -0.6668
vn -0.4813 0.3254 -0.8139
vn -0.7802 0.6255 -0.0064
vn 0.0239 0.3643 -0.9310
vn -0.0329 0.8262 -0.5625
vn -0.3263 0.8740 -0.3600
vn -0.1800 0.9688 -0.1702
vn -0.1749 0.9702 -0.1676
vn -0.7101 0.7041 -0.0112
vn -0.2726 0.8910 -0.3631
vn 0.3149 0.9339 -0.1690
vn -0.3028 0.6463 -0.7004
vn -0.8391 -0.0001 -0.5440
vn -0.6495 0.4445 -0.6170
vn -0.7729 0.2311 -0.5909
vn -0.7312 -0.3720 0.5718
vn -0.8222 0.0095 -0.5691
vn -0.8170 -0.2020 -0.5401
vn -0.7693 -0.4019 -0.4967
vn -0.6849 -0.5844 -0.4352
vn -0.5768 -0.7287 -0.3691
vn -0.4474 -0.8385 -0.3109
vn -0.0371 -0.4039 0.9141
vn -0.2963 -0.9242 -0.2410
vn -0.1539 -0.9723 -0.1759
vn -0.1706 -0.9733 -0.1536
vn -0.3313 -0.9242 -0.1898
vn 0.0575 -0.6135 0.7876
vn -0.4273 -0.8629 -0.2699
vn -0.5186 -0.6929 -0.5009
vn -0.6284 -0.5479 -0.5522
vn -0.7480 -0.3654 -0.5541
vn -0.8940 -0.1535 -0.4209
vn -0.9184 -0.0072 -0.3956
vn 0.0379 -0.6097 0.7917
vn -0.8771 0.2115 -0.4312
vn -0.7636 0.4256 -0.4855
vn -0.9345 0.0008 -0.3561
vn -0.3608 0.7137 -0.6004
vn 0.3867 0.9003 -0.1997
vn -0.2426 0.9201 -0.3076
vn 0.0262 -0.5853 0.8104
vn -0.1701 0.9734 -0.1537
vn -0.1667 0.9777 -0.1278
vn -0.2173 0.9481 -0.2323
vn 0.4399 0.8755 -0.1998
vn 0.1666 -0.3926 0.9045
vn -0.8529 -0.3855 -0.3520
vn -0.9864 0.0404 -0.1592
vn -0.8540 0.4335 -0.2876
vn -0.9518 0.2047 -0.2286
vn -0.9810 -0.0164 -0.1933
vn -0.9791 -0.0359 -0.2000
vn 0.6341 -0.5004 0.5895
vn -0.8938 -0.4278 -0.1341
vn 0.8577 0.5069 0.0864
vn -0.3157 -0.9431 -0.1046
vn -0.3549 -0.9248 -0.1372
vn -0.1817 -0.9746 -0.1312
vn -0.1536 0.9757 0.1562
vn -0.3260 -0.9435 -0.0590
vn 0.7932 0.5722 0.2086
vn -0.5809 0.7456 0.3264
vn 0.8825 0.2728 -0.3831
vn -0.9995 -0.0207 0.0253
vn -0.9994 -0.0147 0.0326
vn -0.9769 0.2126 0.0197
vn -0.8908 0.4532 -0.0315
vn -0.4395 -0.7120 0.5477
vn -0.9950 0.0911 0.0417
vn -0.9251 -0.3183 -0.2073
vn 0.4831 0.8535 -0.1953
vn -0.1632 0.9822 -0.0926
vn -0.2887 -0.7508 0.5942
vn -0.8971 0.1970 0.3955
vn -0.9711 0.2288 -0.0686
vn -0.9438 0.1005 -0.3149
vn -0.6915 -0.0451 -0.7210
vn -0.4155 0.7504 0.5141
vn -0.6540 0.5242 0.5455
vn -0.9081 0.3066 0.2851
vn -0.9982 -0.0464 0.0374
vn -0.7775 0.6042 -0.1745
vn -0.5729 0.7311 -0.3705
vn -0.1574 -0.1786 -0.9713
vn -0.4756 0.7532 0.4544
vn -0.7885 0.5093 0.3446
vn -0.9799 0.1863 0.0712
vn -0.9712 -0.1794 -0.1570
vn -0.8457 0.2220 0.4852
vn -0.6937 -0.5121 0.5065
vn -0.3447 -0.7665 0.5419
vn -0.5408 0.7512 0.3784
vn -0.8667 0.4463 0.2230
vn -0.9912 0.1267 -0.0388
vn -0.9076 -0.2819 -0.3111
vn -0.7572 -0.4666 -0.4570
vn -0.5677 -0.5865 -0.5777
vn -0.0488 -0.8242 -0.5642
vn -0.5744 0.7252 0.3797
vn -0.8895 0.4248 0.1683
vn -0.9874 0.1199 -0.1035
vn -0.8706 -0.2884 -0.3986
vn -0.7178 -0.4923 -0.4923
vn -0.5493 -0.6014 -0.5802
vn -0.0725 -0.7406 -0.6680
vn 0.5536 -0.3752 -0.7434
vn 0.5984 -0.1713 -0.7827
vn 0.6237 0.0407 -0.7806
vn 0.6299 0.2410 -0.7383
vn 0.6199 0.3988 -0.6758
vn 0.5887 0.5187 -0.6200
vn 0.5235 0.6355 -0.5675
vn 0.4129 0.7711 -0.4847
vn 0.2589 0.9021 -0.3452
vn 0.0952 0.9802 -0.1738
vn 0.6087 -0.5711 -0.5508
vn 0.5174 -0.7190 -0.4641
vn 0.4099 -0.8251 -0.3888
vn 0.2676 -0.9182 -0.2921
vn 0.1318 -0.9725 -0.1922
vn 0.6877 -0.3745 -0.6219
vn 0.7379 -0.1639 -0.6547
vn 0.7583 0.0561 -0.6495
vn 0.7473 0.2553 -0.6135
vn 0.7155 0.3959 -0.5756
vn 0.6717 0.4925 -0.5534
vn 0.6007 0.5965 -0.5323
vn 0.4777 0.7425 -0.4695
vn 0.3029 0.8912 -0.3376
vn 0.1156 0.9791 -0.1674
vn 0.7010 -0.5727 -0.4249
vn 0.5952 -0.7168 -0.3632
vn 0.4785 -0.8215 -0.3101
vn 0.3196 -0.9163 -0.2412
vn 0.1575 -0.9735 -0.1657
vn 0.7915 -0.3775 -0.4807
vn 0.8432 -0.1633 -0.5121
vn 0.8523 0.0613 -0.5195
vn 0.8204 0.2475 -0.5155
vn 0.7625 0.3750 -0.5272
vn 0.7028 0.1774 -0.6889
vn 0.0916 0.2126 -0.9728
vn 0.0164 0.7649 -0.6439
vn 0.3006 0.8888 -0.3461
vn 0.1162 0.9791 -0.1669
vn 0.6949 -0.5493 -0.4641
vn 0.5778 -0.7020 -0.4164
vn 0.4782 -0.8409 -0.2534
vn 0.3577 -0.9151 -0.1861
vn 0.1752 -0.9747 -0.1389
vn 0.8188 -0.3508 -0.4544
vn 0.9128 -0.1410 -0.3834
vn 0.9242 0.0461 -0.3791
vn 0.8868 0.2220 -0.4054
vn 0.8207 0.3523 -0.4499
vn 0.9306 -0.0621 -0.3609
vn -0.7900 0.3085 -0.5299
vn -0.3559 0.9190 -0.1695
vn 0.2741 0.9027 -0.3318
vn 0.1111 0.9808 -0.1605
vn -0.6704 -0.5611 -0.4855
vn -0.7704 -0.4088 -0.4892
vn 0.3910 -0.9139 -0.1090
vn 0.3808 -0.9148 -0.1349
vn 0.1839 -0.9760 -0.1167
vn -0.8986 -0.4054 -0.1677
vn 0.9770 -0.0765 -0.1991
vn 0.9789 0.0202 -0.2035
vn 0.9489 0.2008 -0.2435
vn 0.8844 0.3527 -0.3057
vn 0.9831 -0.0263 -0.1812
vn 0.3292 -0.4967 -0.8031
vn -0.4153 0.8787 -0.2352
vn 0.2483 0.9283 -0.2767
vn 0.1059 0.9848 -0.1377
vn -0.6819 -0.7175 -0.1420
vn -0.5682 -0.6895 -0.4492
vn 0.3971 -0.9164 -0.0505
vn 0.3911 -0.9162 -0.0875
vn 0.1840 -0.9778 -0.1002
vn -0.4276 -0.8976 -0.1069
vn 0.9977 -0.0674 0.0066
vn 1.0000 0.0015 -0.0017
vn 0.9800 0.1943 -0.0420
vn 0.9205 0.3738 -0.1138
vn 0.9993 0.0331 0.0147
vn -0.3590 -0.1912 -0.9135
vn -0.4614 0.8392 -0.2878
vn 0.2120 0.9545 -0.2098
vn 0.0977 0.9898 -0.1035
vn -0.3919 -0.8594 -0.3284
vn -0.9760 -0.1293 -0.1755
vn 0.4058 -0.9138 0.0173
vn 0.3889 -0.9207 -0.0319
vn 0.1771 -0.9807 -0.0826
vn -0.8793 -0.1882 -0.4376
vn 0.9713 -0.0928 0.2192
vn 0.9777 -0.0047 0.2101
vn 0.9626 0.2004 0.1823
vn 0.9057 0.4076 0.1167
vn 0.8326 0.4730 0.2883
vn 0.2919 0.7703 0.5669
vn -0.0019 0.9899 0.1420
vn 0.1722 0.9789 -0.1096
vn 0.0843 0.9945 -0.0624
vn 0.6555 -0.5560 0.5111
vn 0.5455 -0.7223 0.4252
vn 0.4817 -0.8566 0.1848
vn 0.3720 -0.9277 0.0319
vn 0.1644 -0.9845 -0.0616
vn 0.7721 -0.3578 0.5252
vn 0.8926 -0.1579 0.4223
vn 0.9073 -0.0007 0.4204
vn 0.8867 0.2112 0.4113
vn 0.8258 0.4356 0.3582
vn 0.7136 0.6463 0.2704
vn 0.5475 0.8198 0.1682
vn 0.3171 0.9464 0.0623
vn 0.1398 0.9902 -0.0005
vn 0.0669 0.9976 -0.0165
vn 0.6915 -0.5644 0.4509
vn 0.5990 -0.7152 0.3601
vn 0.5010 -0.8280 0.2517
vn 0.3395 -0.9359 0.0940
vn 0.1472 -0.9883 -0.0411
vn 0.7622 -0.3801 0.5240
vn 0.8012 -0.1827 0.5698
vn 0.8056 0.0122 0.5923
vn 0.7685 0.2138 0.6031
vn 0.6950 0.4427 0.5665
vn 0.5868 0.6545 0.4768
vn 0.4355 0.8295 0.3496
vn 0.2432 0.9483 0.2038
vn 0.1084 0.9897 0.0939
vn 0.0467 0.9985 0.0273
vn 0.5909 -0.5638 0.5770
vn 0.5169 -0.7176 0.4668
vn 0.4358 -0.8339 0.3386
vn 0.2930 -0.9444 0.1490
vn 0.1263 -0.9917 -0.0225
vn 0.6480 -0.3795 0.6603
vn 0.6782 -0.1808 0.7123
vn 0.6769 0.0191 0.7358
vn 0.6356 0.2221 0.7394
vn 0.5619 0.4320 0.7055
vn 0.4575 0.6331 0.6244
vn 0.3234 0.8103 0.4887
vn 0.1763 0.9309 0.3199
vn 0.0816 0.9818 0.1712
vn 0.0280 0.9977 0.0613
vn 0.4676 -0.5643 0.6804
vn 0.4129 -0.7204 0.5572
vn 0.3500 -0.8407 0.4132
vn 0.2334 -0.9527 0.1945
vn 0.1017 -0.9948 -0.0061
vn 0.5066 -0.3836 0.7721
vn 0.5255 -0.1814 0.8312
vn 0.5212 0.0247 0.8531
vn 0.4903 0.2293 0.8409
vn 0.4337 0.4277 0.7931
vn 0.3501 0.6163 0.7054
vn 0.2431 0.7843 0.5707
vn 0.1341 0.9096 0.3932
vn 0.0639 0.9731 0.2211
vn 0.0154 0.9965 0.0822
vn 0.3194 -0.5678 0.7587
vn 0.2884 -0.7251 0.6253
vn 0.2460 -0.8480 0.4694
vn 0.1631 -0.9597 0.2287
vn 0.0732 -0.9973 0.0076
vn 0.3484 -0.3871 0.8537
vn 0.3606 -0.1850 0.9142
vn 0.3561 0.0266 0.9341
vn 0.3322 0.2292 0.9149
vn 0.2978 0.4203 0.8571
vn 0.2414 0.6054 0.7584
vn 0.1694 0.7691 0.6162
vn 0.0958 0.8937 0.4384
vn 0.0410 0.9658 0.2559
vn 0.0022 0.9953 0.0967
vn 0.1653 -0.5667 0.8071
vn 0.1497 -0.7302 0.6667
vn 0.1314 -0.8550 0.5017
vn 0.0864 -0.9646 0.2490
vn 0.0413 -0.9990 0.0174
vn 0.1770 -0.3921 0.9027
vn 0.1855 -0.1911 0.9639
vn 0.1837 0.0230 0.9827
vn 0.1729 0.2227 0.9594
vn 0.1529 0.4156 0.8966
vn 0.1198 0.6007 0.7905
vn 0.0781 0.7609 0.6441
vn 0.0376 0.8839 0.4661
vn 0.0065 0.9604 0.2787
vn -0.0162 0.9941 0.1075
vn -0.0428 0.9980 -0.0462
vn 0.0025 -0.5714 0.8207
vn 0.0067 -0.7361 0.6769
vn 0.0094 -0.8611 0.5084
vn 0.0059 -0.9671 0.2542
vn 0.0066 -0.9997 0.0223
vn 0.0008 -0.3956 0.9184
vn 0.0014 -0.1947 0.9809
vn 0.0015 0.0210 0.9998
vn -0.0021 0.2228 0.9749
vn -0.0089 0.4178 0.9085
vn -0.0172 0.6011 0.7990
vn -0.0258 0.7574 0.6524
vn -0.0323 0.8788 0.4761
vn -0.0352 0.9570 0.2878
vn -0.0358 0.9931 0.1118
vn -0.1626 -0.5726 0.8035
vn -0.1404 -0.7395 0.6583
vn -0.1162 -0.8646 0.4888
vn -0.0772 -0.9666 0.2444
vn -0.0298 -0.9993 0.0213
vn -0.1789 -0.3993 0.8992
vn -0.1913 -0.1965 0.9617
vn -0.1949 0.0232 0.9805
vn -0.1886 0.2262 0.9557
vn -0.1755 0.4198 0.8905
vn -0.1548 0.6028 0.7827
vn -0.1296 0.7581 0.6392
vn -0.1030 0.8783 0.4669
vn -0.0777 0.9561 0.2825
vn -0.0550 0.9924 0.1097
vn -0.3201 -0.5732 0.7543
vn -0.2839 -0.7397 0.6101
vn -0.2362 -0.8628 0.4469
vn -0.1579 -0.9624 0.2209
vn -0.0660 -0.9977 0.0138
vn -0.3548 -0.3954 0.8472
vn -0.3763 -0.1930 0.9062
vn -0.3818 0.0202 0.9240
vn -0.3677 0.2242 0.9025
vn -0.3347 0.4226 0.8423
vn -0.2871 0.6061 0.7418
vn -0.2285 0.7627 0.6050
vn -0.1689 0.8825 0.4389
vn -0.1174 0.9576 0.2631
vn -0.0739 0.9921 0.1012
vn -0.4732 -0.5707 0.6711
vn -0.4116 -0.7343 0.5399
vn -0.3416 -0.8564 0.3871
vn -0.2293 -0.9556 0.1852
vn -0.1003 -0.9950 -0.0001
vn -0.5155 -0.3909 0.7625
vn -0.5408 -0.1890 0.8196
vn -0.5435 0.0234 0.8391
vn -0.5240 0.2225 0.8221
vn -0.4765 0.4241 0.7701
vn -0.4069 0.6114 0.6787
vn -0.3191 0.7723 0.5493
vn -0.2281 0.8912 0.3920
vn -0.1521 0.9612 0.2299
vn -0.0923 0.9920 0.0859
vn -0.5965 -0.5699 0.5652
vn -0.5162 -0.7289 0.4497
vn -0.4237 -0.8503 0.3123
vn -0.2876 -0.9477 0.1388
vn -0.1306 -0.9912 -0.0194
vn -0.6535 -0.3893 0.6491
vn -0.6892 -0.1826 0.7012
vn -0.6837 0.0317 0.7291
vn -0.6536 0.2281 0.7216
vn -0.5915 0.4310 0.6815
vn -0.4987 0.6245 0.6010
vn -0.3861 0.7877 0.4800
vn -0.2713 0.9041 0.3302
vn -0.1805 0.9665 0.1822
vn -0.1115 0.9918 0.0622
vn -0.6951 -0.5686 0.4399
vn -0.5964 -0.7249 0.3448
vn -0.4834 -0.8454 0.2273
vn -0.3308 -0.9400 0.0833
vn -0.1554 -0.9869 -0.0428
vn -0.7666 -0.3837 0.5149
vn -0.8054 -0.1838 0.5635
vn -0.8046 0.0226 0.5933
vn -0.7675 0.2276 0.5993
vn -0.6867 0.4420 0.5771
vn -0.5630 0.6472 0.5140
vn -0.4170 0.8144 0.4035
vn -0.2837 0.9230 0.2600
vn -0.1949 0.9728 0.1252
vn -0.1302 0.9910 0.0308
vn -0.6260 -0.5514 0.5514
vn -0.5178 -0.7204 0.4614
vn -0.4449 -0.8791 0.1710
vn -0.3584 -0.9333 0.0225
vn -0.1734 -0.9825 -0.0682
vn -0.7365 -0.3556 0.5755
vn -0.8815 -0.1373 0.4518
vn -0.8991 0.0107 0.4375
vn -0.8623 0.2226 0.4548
vn -0.7687 0.4470 0.4574
vn -0.6054 0.6771 0.4182
vn -0.4147 0.8540 0.3140
vn -0.2659 0.9475 0.1776
vn -0.1905 0.9798 0.0606
vn -0.1463 0.9892 -0.0098
vn 0.5292 -0.2170 -0.8202
vn -0.8262 -0.4941 -0.2706
vn -0.3370 -0.9415 -0.0101
vn -0.3698 -0.9284 -0.0364
vn -0.1838 -0.9786 -0.0921
vn -0.0009 -0.9933 -0.1153
vn -0.2367 -0.5489 -0.8016
vn -0.9691 -0.0353 0.2440
vn -0.9678 -0.0038 0.2518
vn -0.9390 0.2143 0.2690
vn -0.8497 0.4595 0.2586
vn -0.6994 0.5803 0.4172
vn -0.2033 0.7802 0.5916
vn 0.0065 0.9779 0.2091
vn -0.1852 0.9820 -0.0384
vn -0.1576 0.9861 -0.0533
vn -0.3677 -0.9258 -0.0877
vn -0.1863 -0.9761 -0.1117
vn -0.1955 0.9694 -0.1482
vn -0.4378 -0.2418 -0.8659
vn 0.2657 -0.5772 -0.7721
vn -0.8522 0.2498 -0.4597
vn -0.6484 0.4431 -0.6191
vn 0.8367 -0.5294 -0.1402
vn -0.8149 0.5676 0.1175
vn 0.4299 -0.2917 -0.8545
vn 0.8881 -0.4592 0.0183
vn -0.8668 0.4972 -0.0376
vn -0.1758 -0.0480 -0.9833
vn 0.9121 -0.3722 0.1716
vn -0.8922 0.4114 -0.1865
vn -0.0288 0.5656 0.8242
vn 0.6148 0.1594 0.7724
vn -0.6514 0.6509 0.3899
vn -0.2031 0.7286 -0.6541
vn 0.8691 -0.4595 -0.1832
vn -0.7898 0.6086 0.0765
vn 0.5568 0.0784 -0.8270
vn 0.9207 -0.3899 -0.0175
vn -0.8351 0.5450 -0.0747
vn 0.3037 0.3318 -0.8931
vn 0.9458 -0.2924 0.1416
vn -0.8622 0.4565 -0.2195
vn 0.0646 0.6515 0.7559
vn 0.6876 0.2506 0.6815
vn -0.5744 0.7478 0.3328
vn 0.9159 -0.2725 -0.2947
vn -0.7287 0.6846 0.0154
vn 0.9719 -0.2046 -0.1163
vn -0.7658 0.6297 -0.1305
vn 0.9949 -0.0892 0.0469
vn -0.8039 0.5349 -0.2601
vn 0.2519 0.7645 0.5933
vn 0.7645 0.4010 0.5048
vn -0.4269 0.8785 0.2147
vn 0.6309 0.5486 -0.5486
vn 0.8655 0.1745 -0.4695
vn -0.0455 0.9068 -0.4190
vn 0.6697 0.6034 -0.4329
vn 0.9178 0.2390 -0.3172
vn -0.0377 0.9074 -0.4186
vn 0.6828 0.6604 -0.3124
vn 0.9301 0.3270 -0.1675
vn -0.0541 0.9083 -0.4149
vn 0.5574 0.8230 0.1095
vn 0.8036 0.5713 0.1669
vn -0.0932 0.9856 -0.1407
vn 0.0013 -0.9266 0.3762
vn -0.0984 -0.8019 -0.5893
vn 0.9823 -0.0021 0.1873
vn 0.4624 0.1271 -0.8775
vn 0.9117 -0.2161 -0.3494
vn 0.8273 -0.3976 -0.3968
vn 0.7241 -0.5632 -0.3981
vn 0.6167 -0.6973 -0.3653
vn 0.4607 -0.8469 -0.2657
vn 0.9695 -0.1765 -0.1701
vn 0.9064 -0.3882 -0.1662
vn 0.8109 -0.5659 -0.1489
vn 0.6886 -0.7130 -0.1321
vn 0.4751 -0.8740 -0.1021
vn 0.9859 -0.1674 0.0071
vn 0.9195 -0.3931 0.0085
vn 0.8224 -0.5689 0.0052
vn 0.6984 -0.7157 -0.0032
vn 0.4804 -0.8767 -0.0233
vn 0.9639 -0.1847 0.1918
vn 0.8983 -0.3979 0.1864
vn 0.8039 -0.5724 0.1617
vn 0.6834 -0.7190 0.1266
vn 0.4781 -0.8764 0.0579
vn 0.8830 -0.2380 0.4046
vn 0.7864 -0.4207 0.4523
vn 0.6835 -0.5807 0.4423
vn 0.5803 -0.7165 0.3872
vn 0.4455 -0.8598 0.2496
vn -0.8044 -0.5732 -0.1563
vn -0.9931 -0.1160 0.0158
vn -0.9152 -0.4029 0.0091
vn -0.8201 -0.5723 -0.0014
vn -0.6954 -0.7185 -0.0131
vn -0.4373 -0.8986 -0.0351
vn -0.8637 -0.1941 0.4652
vn -0.7588 -0.4140 0.5028
vn -0.6634 -0.5719 0.4825
vn -0.5588 -0.7121 0.4250
vn -0.3944 -0.8787 0.2690
vn -0.9702 -0.1278 0.2058
vn -0.8973 -0.4004 0.1861
vn -0.8055 -0.5720 0.1545
vn -0.6839 -0.7203 0.1161
vn -0.4378 -0.8983 0.0375
vn -0.9359 -0.3521 -0.0101
vn -0.8562 -0.2843 -0.4314
vn 0.8990 0.4376 -0.0183
vn 0.9260 0.3595 -0.1156
vn -0.9361 -0.2200 -0.2746
vn -0.9586 -0.2654 0.1028
vn 0.0055 0.6319 0.7751
vn -0.6993 0.2418 0.6727
vn 0.6205 0.6617 0.4208
vn 0.8818 0.4609 0.0999
vn 0.8221 0.5214 0.2288
vn 0.9064 0.2237 -0.3582
vn 0.5121 -0.2285 -0.8280
vn -0.2229 -0.4643 -0.8572
vn -0.9707 -0.2310 -0.0668
vn -0.7131 0.2107 -0.6686
vn 0.9223 0.3860 -0.0198
vn 0.9467 0.2930 -0.1341
vn -0.7999 0.2897 -0.5256
vn -0.9900 -0.1234 0.0681
vn -0.0082 0.7099 0.7043
vn -0.6981 0.4147 0.5836
vn 0.6666 0.6550 0.3558
vn 0.8719 0.4825 0.0837
vn 0.8157 0.5367 0.2157
vn 0.8675 0.2831 -0.4090
vn 0.4538 -0.1439 -0.8794
vn -0.2513 -0.3403 -0.9061
vn -0.9842 -0.1265 -0.1242
vn 0.9127 0.4069 -0.0379
vn 0.9395 0.3052 -0.1554
vn -0.9998 -0.0031 0.0206
vn -0.0565 0.7802 0.6230
vn -0.7108 0.5127 0.4816
vn 0.6388 0.7132 0.2885
vn 0.3679 0.8525 -0.3713
vn 0.3790 0.8521 -0.3609
vn 0.5719 0.6071 -0.5517
vn 0.0824 0.3127 -0.9463
vn -0.3087 0.0230 -0.9509
vn -0.8469 0.3800 -0.3719
vn -0.3956 0.7779 -0.4882
vn 0.3702 0.8512 -0.3721
vn 0.3884 0.8437 -0.3707
vn -0.4061 0.8363 -0.3682
vn -0.8519 0.4777 -0.2144
vn -0.2718 0.9516 0.1433
vn -0.6797 0.7046 0.2037
vn 0.4129 0.9101 -0.0345
vn 0.6386 0.5782 -0.5079
vn -0.9425 0.0818 -0.3240
vn -0.2891 0.7844 -0.5488
vn -0.9226 0.2154 -0.3199
vn -0.6841 -0.0518 -0.7275
vn 0.0909 0.8476 -0.5227
vn -0.9178 -0.3399 -0.2051
vn -0.1891 -0.2408 -0.9520
vn -0.9159 0.2915 -0.2760
vn -0.7155 0.4759 0.5114
vn -0.2375 0.1681 0.9567
vn -0.2354 0.2008 0.9509
vn 0.9697 0.1284 0.2077
vn 0.4969 0.1827 0.8483
vn 0.4350 0.8989 0.0530
vn 0.4721 0.6705 -0.5723
vn -0.4858 0.0470 -0.8728
vn 0.1034 -0.2343 -0.9667
vn -0.1762 -0.2315 -0.9567
vn -0.9338 0.1474 -0.3261
vn -0.8722 0.2304 0.4316
vn -0.2973 0.1089 0.9486
vn -0.2808 0.1351 0.9502
vn 0.9345 -0.0779 0.3474
vn 0.4492 0.0641 0.8911
vn 0.9588 -0.0428 0.2809
vn 0.9036 -0.1431 -0.4038
vn -0.4833 -0.5851 -0.6513
vn 0.0788 -0.3230 -0.9431
vn -0.5055 -0.8617 0.0435
vn -0.3889 -0.6642 -0.6384
vn -0.9332 0.0779 -0.3507
vn -0.9028 0.1288 0.4104
vn -0.3266 0.0617 0.9431
vn -0.3040 0.0586 0.9509
vn 0.8173 -0.3654 0.4456
vn 0.3559 -0.1655 0.9198
vn 0.8489 -0.3903 0.3564
vn 0.7718 -0.4784 -0.4189
vn 0.0830 -0.3165 -0.9450
vn -0.5273 0.7024 -0.4782
vn -0.7441 0.3630 0.5608
vn -0.2767 0.1548 0.9484
vn -0.2892 0.1675 0.9425
vn 0.8244 -0.3616 0.4354
vn 0.3375 -0.1688 0.9261
vn 0.8478 -0.3827 0.3670
vn 0.7390 -0.5518 -0.3866
vn -0.2143 -0.9640 0.1572
vn -0.0660 -0.8123 -0.5795
vn -0.2415 -0.9221 0.3024
vn -0.5136 -0.8395 0.1774
vn -0.6005 -0.7885 0.1333
vn -0.6997 -0.1856 0.6900
vn -0.5112 -0.4012 0.7601
vn -0.3449 -0.4572 0.8198
vn 0.4783 -0.7386 0.4750
vn 0.2178 -0.3716 0.9025
vn 0.5143 -0.7813 0.3537
vn 0.5902 -0.7515 -0.2948
vn -0.7212 -0.6889 -0.0732
vn -0.7235 -0.6901 -0.0187
vn -0.7375 0.5391 -0.4068
vn -0.7408 0.5132 -0.4334
vn -0.7616 -0.6406 0.0976
vn -0.7309 0.4703 -0.4946
vn -0.8745 -0.3902 -0.2881
vn -0.7291 -0.6737 -0.1204
vn -0.7901 0.5336 -0.3015
vn -0.7194 -0.3317 -0.6102
vn -0.3818 0.5899 -0.7115
vn -0.9643 -0.1573 0.2129
vn -0.6249 0.7680 0.1401
vn -0.7263 -0.3826 -0.5711
vn -0.9760 -0.1266 0.1773
vn -0.3456 0.5523 -0.7586
vn -0.5922 0.8056 -0.0170
vn -0.4076 0.6399 -0.6515
vn -0.4983 0.7961 -0.3434
vn -0.5775 0.8147 0.0525
vn -0.8963 -0.3425 -0.2815
vn -0.9621 -0.2154 0.1674
vn -0.7574 -0.3327 -0.5618
vn -0.3129 0.5463 -0.7770
vn -0.4371 0.7643 -0.4740
vn -0.9193 -0.3576 -0.1643
vn -0.7091 -0.3954 -0.5838
vn -0.9785 -0.0936 0.1840
vn -0.5620 0.8238 -0.0735
vn -0.3277 0.5160 -0.7914
vn -0.5813 0.8006 -0.1450
vn -0.9859 -0.1194 0.1172
vn -0.7489 -0.3975 -0.5303
vn 0.1129 0.0993 0.9886
vn 0.0536 -0.9571 0.2846
vn 0.1066 0.0932 0.9899
vn 0.1271 -0.1854 0.9744
vn 0.7274 0.2579 0.6359
vn 0.9635 0.1715 -0.2057
vn 0.1182 -0.5954 0.7947
vn 0.9612 0.1588 -0.2254
vn 0.2025 -0.1702 0.9644
vn 0.9721 0.0888 -0.2171
vn 0.8521 -0.0318 0.5225
vn 0.9364 0.1869 -0.2971
vn 0.1971 -0.1286 -0.9719
vn 0.5250 -0.0454 -0.8499
vn 0.8148 -0.0248 -0.5793
vn -0.9830 -0.1679 -0.0736
vn -0.5520 -0.2274 -0.8022
vn -0.9777 -0.1746 0.1165
vn -0.9578 -0.1658 0.2348
vn -0.5548 0.0604 0.8298
vn 0.9805 0.1355 -0.1420
vn 0.1711 -0.0839 0.9817
vn 0.1319 -0.0851 0.9876
vn 0.9734 0.1662 -0.1577
vn 0.1819 -0.0943 -0.9788
vn 0.4594 -0.0011 -0.8882
vn 0.8421 0.1492 -0.5182
vn -0.9341 -0.3568 0.0126
vn -0.6209 -0.3029 -0.7230
vn -0.9083 -0.3825 0.1695
vn -0.8752 -0.3862 0.2914
vn -0.4742 -0.3193 0.8205
vn 0.3527 -0.9106 0.2153
vn 0.9880 0.0764 -0.1345
vn 0.3155 -0.5615 0.7649
vn 0.8993 -0.4366 -0.0266
vn 0.5819 -0.3782 0.7200
vn 0.9943 0.0911 0.0552
vn 0.1772 -0.1554 -0.9718
vn 0.3995 -0.0855 -0.9127
vn 0.8442 0.0593 -0.5328
vn -0.8827 -0.4641 0.0738
vn -0.5787 -0.4352 -0.6897
vn -0.8713 -0.4479 0.2007
vn -0.8453 -0.4399 0.3034
vn -0.4613 -0.3578 0.8119
vn 0.8759 0.4181 -0.2406
vn 0.9534 0.2999 -0.0321
vn 0.1747 -0.0735 -0.9819
vn 0.3452 -0.0337 -0.9379
vn 0.9255 0.0621 -0.3736
vn -0.9245 -0.3708 0.0886
vn -0.5867 -0.3921 -0.7086
vn -0.9115 -0.3622 0.1949
vn -0.8903 -0.3569 0.2828
vn -0.4673 -0.3331 0.8190
vn 0.0482 -0.9897 0.1347
vn 0.7329 -0.6804 -0.0059
vn 0.3666 -0.9268 0.0811
vn 0.0698 -0.9682 -0.2404
vn 0.4145 -0.8538 -0.3149
vn 0.7426 -0.5882 -0.3203
vn 0.1654 -0.4910 -0.8553
vn 0.4182 -0.3428 -0.8412
vn 0.9204 -0.0470 -0.3881
vn -0.6622 -0.7484 -0.0364
vn -0.5040 -0.5092 -0.6977
vn -0.6514 -0.7302 0.2061
vn -0.6284 -0.7010 0.3371
vn -0.4239 -0.4547 0.7833
vn 0.7440 -0.6682 0.0035
vn 0.8072 0.4387 -0.3950
vn 0.5677 -0.8160 0.1092
vn 0.7113 0.6459 -0.2773
vn 0.9883 -0.0633 -0.1385
vn 0.7677 0.6207 0.1592
vn 0.9641 -0.1970 0.1778
vn 0.6858 0.5924 -0.4228
vn 0.8864 -0.2244 -0.4048
vn 0.6446 0.7110 -0.2809
vn 0.7371 0.6739 0.0503
vn 0.5891 0.5796 -0.5630
vn 0.8389 -0.2831 -0.4649
vn 0.9622 -0.1995 0.1851
vn 0.9424 -0.3289 -0.0615
vn 0.7163 0.6971 0.0317
vn 0.9592 -0.1920 0.2074
vn 0.8044 -0.3479 -0.4816
vn 0.5179 0.5307 -0.6709
vn 0.7562 0.6420 0.1264
vn 0.4745 0.4288 -0.7687
vn 0.6541 -0.1030 -0.7494
vn 0.9722 0.0134 0.2337
vn 0.8731 -0.3025 0.3825
vn 0.9565 0.0051 -0.2918
vn 0.5847 -0.2888 -0.7581
vn 0.7076 -0.3366 0.6213
vn 0.4563 -0.8201 -0.3453
vn -0.2363 -0.3514 -0.9059
vn 0.3160 -0.6782 0.6635
vn 0.9349 -0.3535 -0.0309
vn -0.0926 -0.2691 -0.9587
vn -0.1486 -0.8488 0.5075
vn 0.8918 0.1115 0.4385
vn 0.1307 -0.3225 -0.9375
vn -0.5812 -0.8134 0.0248
vn -0.8125 -0.4497 -0.3710
vn -0.3717 -0.4755 -0.7974
vn 0.5578 0.1627 0.8138
vn 0.4363 -0.8700 -0.2294
vn -0.4059 -0.5527 -0.7279
vn 0.3366 0.3355 0.8799
vn 0.8596 -0.5107 0.0149
vn -0.2073 -0.5545 -0.8059
vn -0.1549 -0.1167 0.9810
vn 0.8774 -0.0361 0.4784
vn 0.1851 -0.4215 -0.8878
vn -0.8153 -0.5732 0.0819
vn -0.9104 -0.3187 -0.2638
vn -0.3417 -0.4958 -0.7984
vn 0.3968 0.5321 0.7479
vn 0.4501 -0.8930 0.0044
vn -0.2368 -0.8590 -0.4539
vn 0.1938 0.5469 0.8145
vn 0.6252 -0.7794 0.0408
vn -0.1865 -0.8707 -0.4552
vn -0.1291 0.5500 0.8251
vn 0.7458 -0.3609 0.5599
vn 0.0705 -0.8772 -0.4749
vn -0.8824 -0.0206 0.4700
vn -0.8340 -0.5160 -0.1953
vn -0.3976 -0.8318 -0.3872
vn 0.4592 0.3917 0.7973
vn -0.0694 -0.9662 -0.2482
vn 0.2232 0.3541 0.9082
vn -0.1580 -0.9475 -0.2779
vn -0.1467 0.3485 0.9258
vn 0.0370 -0.9450 -0.3249
vn -0.8392 -0.1546 0.5214
vn -0.7875 -0.5844 -0.1958
vn -0.3505 -0.8908 -0.2891
vn 0.6379 -0.3777 0.6712
vn 0.2883 -0.9570 0.0337
vn 0.1183 -0.9919 -0.0464
vn 0.2919 -0.6863 0.6662
vn 0.1276 -0.9889 -0.0764
vn -0.0700 -0.9953 -0.0670
vn -0.1218 -0.6769 0.7260
vn -0.0018 -0.9898 -0.1427
vn -0.0324 -0.9952 -0.0922
vn -0.6016 -0.6641 0.4439
vn -0.4338 -0.8712 -0.2298
vn -0.2900 -0.9492 -0.1219
vn -0.5655 -0.5973 0.5687
vn -0.6508 -0.7446 0.1483
vn 0.2765 -0.4540 -0.8470
vn -0.7055 -0.6751 0.2155
vn -0.0439 -0.6211 -0.7825
vn -0.7250 -0.3262 0.6067
vn -0.8126 -0.5190 0.2650
vn -0.8856 -0.4627 -0.0394
vn -0.8459 -0.4988 -0.1887
vn -0.6845 -0.4055 -0.6059
vn -0.2773 -0.2237 -0.9344
vn 0.8081 -0.5824 0.0879
vn 0.8008 -0.5941 -0.0757
vn 0.7149 -0.6620 -0.2252
vn 0.6146 -0.7422 -0.2673
vn 0.2684 -0.6818 -0.6805
vn 0.4175 -0.7688 0.4844
vn -0.0377 -0.9855 0.1652
vn -0.9716 0.1642 0.1703
vn -0.9818 0.0451 -0.1843
vn -0.0293 -0.5789 -0.8149
vn -0.2547 -0.7078 0.6589
vn -0.9855 -0.0640 -0.1569
vn -0.9873 -0.0455 -0.1525
vn -0.0248 -0.6179 -0.7859
vn -0.9292 -0.2181 -0.2985
vn -0.4017 -0.4637 -0.7897
vn 0.8617 -0.4922 0.1235
vn 0.9249 -0.2918 -0.2437
vn 0.8926 -0.3416 -0.2942
vn 0.8728 -0.3693 -0.3190
vn 0.3191 -0.6677 -0.6725
vn 0.4355 -0.5681 0.6983
vn -0.3120 -0.3208 -0.8943
vn -0.2255 -0.5528 0.8022
vn -0.1118 -0.3038 -0.9462
vn -0.4191 0.1344 0.8979
vn -0.4038 -0.3503 -0.8451
vn 0.9954 -0.0469 0.0836
vn 0.9576 -0.1326 -0.2556
vn 0.9506 -0.1673 -0.2616
vn 0.9556 -0.1814 -0.2324
vn 0.2743 -0.3809 -0.8830
vn 0.4414 0.1980 0.8752
vn 0.0176 -0.9998 -0.0020
vn -0.0857 -0.9872 0.1343
vn -0.2761 -0.9303 0.2416
vn -0.3860 -0.4210 -0.8209
vn -0.0650 0.1855 0.9805
vn -0.4104 -0.8384 0.3585
vn -0.4562 -0.2165 0.8631
vn -0.0624 -0.4503 -0.8907
vn -0.2878 0.4691 0.8349
vn 0.1210 -0.9283 -0.3516
vn -0.8792 0.0572 0.4731
vn -0.9455 -0.3248 -0.0235
vn -0.9228 -0.3830 -0.0433
vn -0.9024 -0.4231 -0.0812
vn -0.4579 -0.8200 -0.3434
vn 0.9170 -0.0301 0.3978
vn 0.8855 -0.4503 -0.1147
vn 0.8508 -0.5014 -0.1572
vn 0.8530 -0.4950 -0.1653
vn 0.3885 -0.8402 -0.3783
vn 0.4294 0.3826 0.8181
vn -0.1510 -0.9268 -0.3439
vn 0.0252 0.5062 0.8621
vn -0.0137 -0.9369 -0.3494
vn -0.5409 -0.8390 0.0595
vn -0.3924 -0.9174 -0.0662
vn 0.8115 -0.3634 0.4576
vn 0.6548 -0.7536 0.0572
vn 0.5353 -0.8445 0.0172
vn 0.4718 -0.8816 0.0160
vn 0.3566 -0.9295 -0.0939
vn 0.3863 -0.4136 0.8245
vn 0.2639 -0.9377 0.2260
vn 0.1954 -0.9738 0.1164
vn 0.1052 -0.9850 0.1365
vn 0.0038 -1.0000 0.0047
vn -0.1506 -0.2928 0.9442
vn -0.1920 -0.9240 0.3307
vn 0.0601 -0.9906 0.1230
vn 0.0241 -0.9997 0.0031
vn -0.6536 0.7093 -0.2641
vn -0.8809 0.3287 -0.3404
vn -0.8301 0.1922 -0.5235
vn -0.4427 0.1705 -0.8803
vn -0.0726 0.8299 0.5531
vn -0.9817 -0.1477 0.1203
vn -0.9803 -0.1288 0.1497
vn -0.0257 -0.2398 -0.9705
vn 0.2496 0.8844 0.3944
vn 0.8096 0.5102 -0.2902
vn 0.7638 0.3999 -0.5066
vn 0.2561 0.0625 -0.9646
vn -0.6592 0.3897 0.6431
vn -0.9743 -0.1796 0.1356
vn -0.9633 -0.2588 0.0714
vn -0.5396 -0.7879 -0.2968
vn -0.0637 0.6762 0.7340
vn -0.7808 0.3931 -0.4857
vn -0.9655 -0.2603 -0.0052
vn 0.1008 -0.8959 -0.4326
vn 0.6617 0.4251 0.6176
vn 0.9836 -0.0709 0.1661
vn 0.9808 -0.0786 0.1783
vn 0.7333 -0.6660 -0.1365
vn -0.9616 -0.2682 0.0582
vn -0.5733 -0.7771 -0.2595
vn 0.0101 -0.4967 -0.8678
vn 0.0714 -0.8877 -0.4549
vn 0.9977 0.0507 0.0450
vn 0.9983 0.0518 0.0266
vn 0.9990 0.0390 0.0220
vn 0.7552 -0.5896 -0.2866
vn -0.7554 0.1382 -0.6406
vn -0.5189 -0.4272 -0.7405
vn -0.0110 -0.2940 -0.9557
vn -0.1042 0.6750 -0.7305
vn -0.0871 0.4234 -0.9017
vn -0.0042 -0.3495 -0.9369
vn 0.9907 -0.0965 -0.0955
vn 0.6222 0.5543 -0.5528
vn 0.6382 0.3589 -0.6811
vn 0.5842 -0.2701 -0.7653
vn -0.0057 0.1716 0.9851
vn -0.7848 -0.0910 0.6130
vn 0.8323 0.0701 0.5499
vn -0.0254 0.3190 0.9474
vn -0.0803 0.9361 0.3423
vn 0.6463 0.7104 0.2787
vn 0.8657 -0.0599 0.4970
vn -0.7503 0.5657 0.3421
vn -0.7886 -0.2268 0.5715
vn 0.0199 0.2485 0.9684
vn 0.5067 0.2845 0.8138
vn -0.5094 0.1998 0.8370
vn -0.6710 -0.5308 -0.5177
vn 0.7157 -0.3868 -0.5816
vn -0.0911 0.4688 -0.8786
vn -0.8583 0.0855 -0.5059
vn 0.7743 0.2449 -0.5836
vn 0.0235 0.2106 0.9773
vn -0.4011 0.0593 0.9141
vn 0.4605 0.1463 0.8755
vn -0.0765 0.9114 0.4043
vn -0.6619 0.3291 0.6735
vn 0.6359 0.4609 0.6190
vn -0.6478 -0.7527 0.1169
vn 0.7954 -0.6032 0.0582
vn 0.0232 -0.4550 -0.8902
vn -0.1114 0.8842 -0.4537
vn -0.8844 0.4476 -0.1325
vn 0.7588 0.6183 -0.2048
vn -0.5446 -0.6436 -0.5377
vn 0.6275 -0.5117 -0.5869
vn 0.0393 -0.5852 -0.8100
vn -0.9421 -0.3010 0.1476
vn -0.5553 -0.8081 -0.1965
vn -0.9552 -0.2163 0.2018
vn 0.7470 -0.6288 -0.2158
vn 0.6739 0.5012 0.5429
vn 0.9944 -0.0131 0.1048
vn 0.9935 -0.0015 0.1138
vn 0.0742 -0.9010 -0.4273
vn 0.5090 0.1300 0.8509
vn 0.2522 0.2267 0.9407
vn -0.2817 0.2254 0.9326
vn -0.5029 0.3252 0.8009
vn -0.5913 0.2260 0.7742
vn 0.4403 0.0295 0.8974
vn -0.3530 0.3237 0.8779
vn 0.3176 0.3238 0.8912
vn -0.3775 0.1278 0.9171
vn 0.3466 0.1328 0.9286
vn 0.5637 0.2278 0.7940
vn -0.4680 0.0227 0.8835
vn 0.4650 0.3273 0.8226
vn -0.6056 0.1287 0.7853
vn 0.4284 0.1310 0.8940
vn -0.4325 0.3238 0.8415
vn 0.3908 0.3278 0.8601
vn 0.2397 0.3176 0.9174
vn 0.5360 0.3240 0.7796
vn 0.5855 0.1296 0.8003
vn -0.5703 0.3240 0.7549
vn 0.4111 0.2303 0.8820
vn 0.4112 0.2305 0.8819
vn 0.4280 0.1371 0.8933
vn 0.3904 0.3229 0.8622
vn -0.5944 0.2233 0.7726
vn -0.5367 0.1292 0.8338
vn -0.4488 0.2240 0.8651
vn -0.5045 0.3197 0.8020
vn -0.5728 0.3191 0.7551
vn -0.4600 0.1292 0.8785
vn -0.4329 0.3184 0.8433
vn 0.9066 -0.0948 0.4111
vn 0.7284 -0.4801 0.4889
vn 0.6977 -0.3816 0.6062
vn 0.6008 0.0260 0.7990
vn 0.6612 0.1194 0.7407
vn 0.6995 -0.4784 0.5309
vn 0.6046 -0.1809 0.7757
vn 0.5802 -0.3820 0.7193
vn 0.9460 -0.1005 0.3083
vn 0.7937 0.1049 0.5992
vn 0.8730 -0.2015 0.4442
vn 0.6206 -0.4772 0.6222
vn 0.8575 0.0032 0.5145
vn 0.8493 0.0960 0.5190
vn 0.7298 0.1129 0.6742
vn 0.5577 -0.4736 0.6817
vn 0.7726 -0.4793 0.4164
vn 0.6068 -0.0741 0.7914
vn 0.5957 -0.2860 0.7506
vn 0.7768 -0.2920 0.5580
vn 0.8571 -0.0914 0.5070
vn 0.6790 -0.4776 0.5576
vn -0.7330 -0.4830 0.4791
vn -0.6182 -0.3627 0.6974
vn -0.6739 -0.2904 0.6794
vn -0.8446 -0.1341 0.5183
vn -0.9021 -0.0920 0.4216
vn -0.7143 -0.3873 0.5829
vn -0.7915 0.1220 0.5989
vn -0.6181 -0.1841 0.7643
vn -0.8544 0.0168 0.5194
vn -0.8563 0.0109 0.5164
vn -0.9428 -0.0401 0.3309
vn -0.6711 -0.4712 0.5724
vn -0.7493 0.0225 0.6618
vn -0.6899 -0.0750 0.7201
vn -0.5399 -0.4402 0.7175
vn -0.6105 -0.2874 0.7381
vn -0.6185 -0.0793 0.7818
vn -0.9382 -0.0984 0.3318
vn -0.7554 -0.0653 0.6520
vn -0.6848 -0.4796 0.5487
vn -0.6884 -0.2801 0.6691
vn -0.7761 -0.4828 0.4057
vn -0.0921 -0.1959 0.9763
vn 0.0941 0.0207 0.9953
vn -0.0909 0.0216 0.9956
vn 0.0950 -0.1929 0.9766
vn -0.0921 -0.0846 0.9921
vn 0.0957 -0.0830 0.9919
vn 0.3365 -0.4801 0.8101
vn 0.2394 -0.5672 0.7880
vn 0.3052 -0.6476 0.6982
vn -0.1514 -0.6557 0.7397
vn 0.1580 -0.6511 0.7423
vn 0.0825 -0.6501 0.7553
vn -0.4152 -0.4884 0.7675
vn -0.0732 -0.6530 0.7539
vn -0.2286 -0.6545 0.7207
vn 0.2327 -0.6485 0.7248
vn -0.4419 -0.6600 0.6076
vn 0.2945 -0.6479 0.7024
vn -0.3023 -0.6628 0.6851
vn 0.0045 -0.6585 0.7526
vn 0.3056 -0.6534 0.6926
vn -0.3991 -0.5812 0.7092
vn -0.3942 -0.5802 0.7127
vn -0.1507 -0.6648 0.7317
vn 0.1562 -0.6582 0.7364
vn 0.0799 -0.6568 0.7498
vn 0.3771 -0.6468 0.6629
vn -0.4142 -0.4951 0.7638
vn -0.0714 -0.6610 0.7470
vn -0.2292 -0.6633 0.7124
vn -0.4164 -0.4885 0.7668
vt 0.504074 0.528184
vt 0.504070 0.528183
vt 0.504247 0.528223
vt 0.504250 0.528224
vt 0.504583 0.528000
vt 0.504431 0.528107
vt 0.504492 0.528172
vt 0.504594 0.528099
vt 0.504720 0.527912
vt 0.504687 0.528040
vt 0.504057 0.528182
vt 0.504251 0.528140
vt 0.504370 0.528194
vt 0.504239 0.528223
vt 0.504882 0.527488
vt 0.504894 0.527361
vt 0.504917 0.527371
vt 0.504899 0.527500
vt 0.503856 0.528197
vt 0.504069 0.528185
vt 0.504890 0.527656
vt 0.504894 0.527644
vt 0.504884 0.527798
vt 0.504864 0.527776
vt 0.504833 0.527998
vt 0.504787 0.527938
vt 0.504797 0.527770
vt 0.504745 0.527956
vt 0.504828 0.528030
vt 0.504761 0.528120
vt 0.504704 0.528069
vt 0.504435 0.528109
vt 0.504494 0.528173
vt 0.504247 0.528224
vt 0.504601 0.528045
vt 0.504606 0.528130
vt 0.504862 0.527376
vt 0.504861 0.527510
vt 0.504057 0.528185
vt 0.504850 0.527647
vt 0.504250 0.528149
vt 0.504210 0.528149
vt 0.504036 0.528186
vt 0.504761 0.527380
vt 0.504771 0.527514
vt 0.504759 0.527649
vt 0.504708 0.527777
vt 0.504625 0.527898
vt 0.504510 0.528002
vt 0.504370 0.528088
vt 0.504509 0.527901
vt 0.504411 0.528004
vt 0.504292 0.528088
vt 0.504157 0.528150
vt 0.504009 0.528187
vt 0.504626 0.527383
vt 0.504641 0.527518
vt 0.504626 0.527653
vt 0.504581 0.527782
vt 0.504460 0.527385
vt 0.504472 0.527521
vt 0.503976 0.528187
vt 0.504460 0.527655
vt 0.504425 0.527785
vt 0.504368 0.527903
vt 0.504291 0.528006
vt 0.504198 0.528089
vt 0.504092 0.528151
vt 0.504207 0.527904
vt 0.504155 0.528007
vt 0.504091 0.528090
vt 0.504018 0.528151
vt 0.503939 0.528187
vt 0.504270 0.527387
vt 0.504279 0.527522
vt 0.504270 0.527657
vt 0.504246 0.527786
vt 0.503898 0.528188
vt 0.504129 0.527611
vt 0.504121 0.527653
vt 0.503852 0.527788
vt 0.504053 0.527787
vt 0.504057 0.527654
vt 0.503991 0.527654
vt 0.504033 0.527905
vt 0.504007 0.528008
vt 0.503975 0.528091
vt 0.503938 0.528152
vt 0.504131 0.527566
vt 0.503853 0.528008
vt 0.503854 0.528091
vt 0.503855 0.528152
vt 0.503855 0.528188
vt 0.503852 0.527524
vt 0.503852 0.527659
vt 0.503991 0.527611
vt 0.503991 0.527567
vt 0.504065 0.527388
vt 0.503852 0.527388
vt 0.503991 0.527522
vt 0.504061 0.527522
vt 0.503852 0.527906
vt 0.503634 0.527523
vt 0.503639 0.527658
vt 0.503651 0.527787
vt 0.503672 0.527905
vt 0.503699 0.528008
vt 0.503733 0.528091
vt 0.503771 0.528152
vt 0.503813 0.528188
vt 0.503639 0.527388
vt 0.503552 0.528007
vt 0.503617 0.528090
vt 0.503691 0.528151
vt 0.503772 0.528187
vt 0.503434 0.527387
vt 0.503426 0.527522
vt 0.503434 0.527657
vt 0.503458 0.527786
vt 0.503498 0.527904
vt 0.503245 0.527655
vt 0.503281 0.527784
vt 0.503338 0.527903
vt 0.503416 0.528006
vt 0.503510 0.528094
vt 0.503618 0.528152
vt 0.503735 0.528187
vt 0.503245 0.527385
vt 0.503233 0.527520
vt 0.503412 0.528135
vt 0.503550 0.528186
vt 0.503702 0.528187
vt 0.503083 0.527384
vt 0.503062 0.527523
vt 0.503073 0.527659
vt 0.503123 0.527784
vt 0.503198 0.527901
vt 0.503294 0.528017
vt 0.502980 0.527790
vt 0.503082 0.527899
vt 0.503184 0.528067
vt 0.503332 0.528150
vt 0.503495 0.528209
vt 0.503675 0.528193
vt 0.502952 0.527382
vt 0.502942 0.527518
vt 0.502942 0.527660
vt 0.503453 0.528224
vt 0.503654 0.528204
vt 0.502856 0.527379
vt 0.502857 0.527510
vt 0.502858 0.527655
vt 0.502877 0.527810
vt 0.502982 0.527938
vt 0.503103 0.528094
vt 0.503134 0.528207
vt 0.503183 0.528191
vt 0.503006 0.528194
vt 0.503024 0.528191
vt 0.503086 0.528267
vt 0.503075 0.528269
vt 0.502816 0.527815
vt 0.502898 0.528039
vt 0.503023 0.528198
vt 0.503429 0.528222
vt 0.503423 0.528206
vt 0.503328 0.528276
vt 0.503332 0.528285
vt 0.503273 0.528242
vt 0.503429 0.528225
vt 0.503641 0.528218
vt 0.502820 0.527377
vt 0.502817 0.527510
vt 0.502802 0.527653
vt 0.503637 0.528222
vt 0.502823 0.527373
vt 0.502821 0.527504
vt 0.502814 0.527640
vt 0.502825 0.527798
vt 0.502899 0.527986
vt 0.503085 0.528271
vt 0.503372 0.528278
vt 0.503347 0.528286
vt 0.502891 0.528039
vt 0.503234 0.528163
vt 0.503213 0.528250
vt 0.503331 0.528287
vt 0.503641 0.528216
vt 0.502825 0.527367
vt 0.502822 0.527497
vt 0.502828 0.527631
vt 0.502852 0.527795
vt 0.502855 0.527362
vt 0.502841 0.527494
vt 0.503655 0.528201
vt 0.502854 0.527634
vt 0.502892 0.527792
vt 0.502982 0.527930
vt 0.503106 0.528082
vt 0.503270 0.528170
vt 0.503455 0.528217
vt 0.503088 0.527880
vt 0.503188 0.528050
vt 0.503335 0.528137
vt 0.503497 0.528200
vt 0.503676 0.528188
vt 0.502950 0.527358
vt 0.502932 0.527493
vt 0.502950 0.527628
vt 0.503003 0.527759
vt 0.503703 0.528181
vt 0.503071 0.527490
vt 0.503087 0.527625
vt 0.503131 0.527756
vt 0.503204 0.527877
vt 0.503299 0.527997
vt 0.503415 0.528118
vt 0.503553 0.528175
vt 0.503087 0.527355
vt 0.503421 0.527982
vt 0.503514 0.528076
vt 0.503621 0.528140
vt 0.503736 0.528180
vt 0.503253 0.527352
vt 0.503241 0.527487
vt 0.503253 0.527623
vt 0.503288 0.527754
vt 0.503345 0.527875
vt 0.503442 0.527621
vt 0.503466 0.527752
vt 0.503505 0.527874
vt 0.503558 0.527981
vt 0.503622 0.528070
vt 0.503695 0.528137
vt 0.503774 0.528180
vt 0.503442 0.527350
vt 0.503434 0.527485
vt 0.503738 0.528069
vt 0.503775 0.528137
vt 0.503815 0.528180
vt 0.503647 0.527349
vt 0.503643 0.527484
vt 0.503647 0.527620
vt 0.503659 0.527751
vt 0.503679 0.527873
vt 0.503706 0.527980
vt 0.503861 0.527620
vt 0.503860 0.527751
vt 0.503860 0.527872
vt 0.503859 0.527980
vt 0.503859 0.528069
vt 0.503858 0.528137
vt 0.503857 0.528180
vt 0.503861 0.527349
vt 0.503861 0.527484
vt 0.503979 0.528069
vt 0.503941 0.528137
vt 0.503900 0.528180
vt 0.504074 0.527349
vt 0.504078 0.527484
vt 0.504074 0.527620
vt 0.504061 0.527751
vt 0.504041 0.527873
vt 0.504013 0.527980
vt 0.504254 0.527752
vt 0.504214 0.527874
vt 0.504161 0.527981
vt 0.504095 0.528070
vt 0.504021 0.528134
vt 0.503940 0.528180
vt 0.504279 0.527351
vt 0.504287 0.527486
vt 0.504279 0.527621
vt 0.504094 0.528129
vt 0.503978 0.528180
vt 0.504467 0.527353
vt 0.504479 0.527487
vt 0.504467 0.527623
vt 0.504432 0.527754
vt 0.504374 0.527875
vt 0.504297 0.527982
vt 0.504202 0.528071
vt 0.504587 0.527756
vt 0.504514 0.527877
vt 0.504416 0.527984
vt 0.504296 0.528072
vt 0.504158 0.528129
vt 0.503328 0.526851
vt 0.503500 0.526850
vt 0.504011 0.528181
vt 0.504632 0.527355
vt 0.504647 0.527490
vt 0.503492 0.526882
vt 0.503321 0.526881
vt 0.504632 0.527625
vt 0.504869 0.527360
vt 0.504767 0.527358
vt 0.504703 0.526856
vt 0.504794 0.526860
vt 0.504259 0.526850
vt 0.504430 0.526852
vt 0.504211 0.528131
vt 0.504037 0.528182
vt 0.504778 0.527492
vt 0.504423 0.526881
vt 0.504252 0.526883
vt 0.504760 0.527630
vt 0.503053 0.526856
vt 0.503177 0.526853
vt 0.504726 0.527777
vt 0.504949 0.527348
vt 0.504849 0.526863
vt 0.504868 0.526866
vt 0.504629 0.527881
vt 0.502884 0.526866
vt 0.502904 0.526863
vt 0.504514 0.527988
vt 0.503872 0.526884
vt 0.503678 0.526884
vt 0.504373 0.528073
vt 0.504580 0.526854
vt 0.503880 0.526848
vt 0.504073 0.526849
vt 0.503049 0.526876
vt 0.502958 0.526873
vt 0.504698 0.526876
vt 0.504574 0.526879
vt 0.504874 0.527499
vt 0.503686 0.526849
vt 0.504844 0.527633
vt 0.502902 0.526869
vt 0.504847 0.527821
vt 0.504065 0.526884
vt 0.504947 0.527492
vt 0.504953 0.527672
vt 0.503171 0.526879
vt 0.504929 0.527850
vt 0.502961 0.526859
vt 0.504732 0.528057
vt 0.504848 0.526870
vt 0.504790 0.526873
vt 0.504764 0.528099
vt 0.504239 0.528225
vt 0.504369 0.528200
vt 0.504399 0.525672
vt 0.504490 0.525674
vt 0.504477 0.525670
vt 0.504394 0.525668
vt 0.504287 0.525670
vt 0.504226 0.525588
vt 0.504320 0.525590
vt 0.504151 0.525522
vt 0.504225 0.525523
vt 0.504380 0.526367
vt 0.504224 0.526365
vt 0.504242 0.526360
vt 0.504391 0.526362
vt 0.504160 0.525669
vt 0.504118 0.525587
vt 0.504066 0.525521
vt 0.504007 0.525473
vt 0.504065 0.525473
vt 0.503942 0.525444
vt 0.503972 0.525444
vt 0.503876 0.525436
vt 0.504558 0.525768
vt 0.504600 0.525871
vt 0.504591 0.525868
vt 0.504548 0.525765
vt 0.503943 0.525472
vt 0.503910 0.525444
vt 0.504049 0.525865
vt 0.504039 0.525762
vt 0.504192 0.525763
vt 0.504211 0.525866
vt 0.504022 0.525668
vt 0.504000 0.525587
vt 0.503974 0.525520
vt 0.503879 0.525762
vt 0.503879 0.525668
vt 0.503878 0.525586
vt 0.503878 0.525520
vt 0.503877 0.525472
vt 0.503876 0.525444
vt 0.503879 0.525864
vt 0.503811 0.525472
vt 0.503843 0.525444
vt 0.503709 0.525865
vt 0.503719 0.525762
vt 0.000000 0.000000
vt 1.000000 0.000000
vt 1.000000 1.000000
vt 0.000000 1.000000
vt 0.503735 0.525668
vt 0.503756 0.525587
vt 0.503781 0.525520
vt 0.503596 0.525669
vt 0.503638 0.525587
vt 0.503689 0.525521
vt 0.503747 0.525473
vt 0.503810 0.525444
vt 0.503546 0.525865
vt 0.503565 0.525763
vt 0.503780 0.525444
vt 0.503044 0.526374
vt 0.503141 0.525874
vt 0.503125 0.525764
vt 0.503034 0.526266
vt 0.503188 0.525771
vt 0.503171 0.525661
vt 0.503469 0.525670
vt 0.503530 0.525588
vt 0.503604 0.525522
vt 0.503688 0.525473
vt 0.503357 0.525672
vt 0.503434 0.525590
vt 0.503529 0.525523
vt 0.503637 0.525474
vt 0.503754 0.525445
vt 0.503263 0.525676
vt 0.503265 0.525674
vt 0.503204 0.525608
vt 0.503202 0.525660
vt 0.503343 0.525557
vt 0.503267 0.525560
vt 0.503732 0.525445
vt 0.503534 0.526365
vt 0.503342 0.526251
vt 0.503361 0.525751
vt 0.503438 0.525554
vt 0.503356 0.525591
vt 0.503467 0.525524
vt 0.503594 0.525475
vt 0.503298 0.525593
vt 0.503422 0.525526
vt 0.503563 0.525476
vt 0.503716 0.525446
vt 0.503391 0.525648
vt 0.503240 0.526368
vt 0.503128 0.526371
vt 0.503068 0.526262
vt 0.503132 0.526258
vt 0.503091 0.525877
vt 0.503141 0.525773
vt 0.503221 0.525678
vt 0.503262 0.525595
vt 0.503042 0.524898
vt 0.503089 0.525131
vt 0.503086 0.525141
vt 0.503067 0.525087
vt 0.503038 0.524941
vt 0.503393 0.525527
vt 0.503543 0.525477
vt 0.503706 0.525446
vt 0.503383 0.525529
vt 0.503537 0.525478
vt 0.503703 0.525447
vt 0.503074 0.525880
vt 0.503124 0.525776
vt 0.503206 0.525681
vt 0.503249 0.525597
vt 0.503090 0.525883
vt 0.503139 0.525779
vt 0.503220 0.525684
vt 0.503261 0.525600
vt 0.503392 0.525531
vt 0.503543 0.525479
vt 0.503706 0.525447
vt 0.503420 0.525532
vt 0.503562 0.525480
vt 0.503716 0.525448
vt 0.503139 0.525886
vt 0.503185 0.525782
vt 0.503261 0.525686
vt 0.503296 0.525602
vt 0.503193 0.525784
vt 0.503261 0.525688
vt 0.503353 0.525604
vt 0.503465 0.525534
vt 0.503593 0.525481
vt 0.503731 0.525448
vt 0.503151 0.525888
vt 0.503635 0.525482
vt 0.503753 0.525449
vt 0.503259 0.525891
vt 0.503294 0.525787
vt 0.503353 0.525690
vt 0.503431 0.525605
vt 0.503526 0.525535
vt 0.503418 0.525788
vt 0.503464 0.525692
vt 0.503525 0.525607
vt 0.503600 0.525536
vt 0.503686 0.525483
vt 0.503779 0.525449
vt 0.503390 0.525893
vt 0.503745 0.525484
vt 0.503809 0.525450
vt 0.503540 0.525894
vt 0.503559 0.525790
vt 0.503591 0.525693
vt 0.503633 0.525608
vt 0.503685 0.525537
vt 0.503729 0.525694
vt 0.503751 0.525609
vt 0.503778 0.525538
vt 0.503808 0.525484
vt 0.503841 0.525450
vt 0.503703 0.525895
vt 0.503713 0.525791
vt 0.503875 0.525450
vt 0.503872 0.525895
vt 0.503872 0.525791
vt 0.503873 0.525694
vt 0.503873 0.525609
vt 0.503874 0.525538
vt 0.503874 0.525484
vt 0.503995 0.525609
vt 0.503970 0.525538
vt 0.503940 0.525484
vt 0.503909 0.525450
vt 0.504042 0.525895
vt 0.504032 0.525791
vt 0.504016 0.525694
vt 0.504205 0.525894
vt 0.504186 0.525790
vt 0.504155 0.525693
vt 0.504113 0.525608
vt 0.504062 0.525537
vt 0.504004 0.525484
vt 0.503941 0.525450
vt 0.504222 0.525607
vt 0.504147 0.525536
vt 0.504063 0.525483
vt 0.503971 0.525449
vt 0.504356 0.525893
vt 0.504328 0.525789
vt 0.504282 0.525692
vt 0.504488 0.525891
vt 0.504452 0.525787
vt 0.504394 0.525691
vt 0.504317 0.525606
vt 0.504222 0.525535
vt 0.504114 0.525482
vt 0.503997 0.525449
vt 0.504284 0.525534
vt 0.504157 0.525482
vt 0.504019 0.525449
vt 0.504596 0.525889
vt 0.504554 0.525785
vt 0.504487 0.525689
vt 0.504395 0.525604
vt 0.504613 0.525886
vt 0.504566 0.525782
vt 0.504491 0.525686
vt 0.504453 0.525602
vt 0.504330 0.525533
vt 0.504188 0.525481
vt 0.504035 0.525448
vt 0.504358 0.525531
vt 0.504208 0.525479
vt 0.504045 0.525447
vt 0.504663 0.525883
vt 0.504613 0.525779
vt 0.504533 0.525684
vt 0.504490 0.525600
vt 0.504502 0.525598
vt 0.504368 0.525529
vt 0.504215 0.525478
vt 0.504048 0.525447
vt 0.504680 0.525880
vt 0.504630 0.525777
vt 0.504548 0.525681
vt 0.502992 0.526377
vt 0.504628 0.526371
vt 0.504710 0.526374
vt 0.503879 0.526364
vt 0.504055 0.526364
vt 0.504759 0.526383
vt 0.504707 0.526386
vt 0.504217 0.526395
vt 0.504048 0.526396
vt 0.504516 0.526369
vt 0.504761 0.526377
vt 0.504777 0.526380
vt 0.504624 0.526389
vt 0.504511 0.526392
vt 0.503872 0.526396
vt 0.503696 0.526396
vt 0.504374 0.526394
vt 0.503527 0.526395
vt 0.503372 0.526393
vt 0.503235 0.526391
vt 0.503124 0.526389
vt 0.503378 0.526367
vt 0.503041 0.526386
vt 0.502990 0.526383
vt 0.502974 0.526380
vt 0.503703 0.526364
vt 0.503498 0.525559
vt 0.503435 0.525374
vt 0.503322 0.525371
vt 0.503402 0.525556
vt 0.503435 0.523999
vt 0.503498 0.523808
vt 0.503402 0.523806
vt 0.503322 0.523996
vt 0.503389 0.525162
vt 0.503263 0.525159
vt 0.503575 0.523651
vt 0.503500 0.523649
vt 0.503360 0.524931
vt 0.503227 0.524928
vt 0.503856 0.525905
vt 0.503757 0.525886
vt 0.503731 0.525885
vt 0.503663 0.523532
vt 0.503611 0.523531
vt 0.503350 0.524690
vt 0.503214 0.524687
vt 0.503663 0.525819
vt 0.503611 0.525818
vt 0.503757 0.523458
vt 0.503731 0.523457
vt 0.503360 0.524448
vt 0.503227 0.524445
vt 0.503856 0.523429
vt 0.503389 0.524215
vt 0.503263 0.524212
vt 0.503575 0.525709
vt 0.503500 0.525707
vt 0.503608 0.523810
vt 0.503661 0.523652
vt 0.503565 0.524001
vt 0.503608 0.525561
vt 0.503565 0.525376
vt 0.503532 0.524217
vt 0.503661 0.525711
vt 0.503512 0.524451
vt 0.503722 0.525820
vt 0.503505 0.524693
vt 0.503788 0.523458
vt 0.503788 0.525886
vt 0.503512 0.524934
vt 0.503722 0.523533
vt 0.503532 0.525165
vt 0.503787 0.525821
vt 0.503755 0.525711
vt 0.503821 0.523458
vt 0.503678 0.524453
vt 0.503688 0.524219
vt 0.503727 0.525562
vt 0.503705 0.524002
vt 0.503705 0.525378
vt 0.503727 0.523811
vt 0.503755 0.523653
vt 0.503688 0.525166
vt 0.503787 0.523534
vt 0.503678 0.524935
vt 0.503821 0.525886
vt 0.503674 0.524695
vt 0.503855 0.523459
vt 0.503850 0.524936
vt 0.503850 0.524695
vt 0.503854 0.523534
vt 0.503855 0.525886
vt 0.503850 0.525167
vt 0.503853 0.523654
vt 0.503851 0.525378
vt 0.503852 0.523812
vt 0.503852 0.525562
vt 0.503851 0.524003
vt 0.503853 0.525712
vt 0.503850 0.524219
vt 0.503854 0.525821
vt 0.503850 0.524453
vt 0.503889 0.525886
vt 0.503951 0.523653
vt 0.503921 0.523534
vt 0.504023 0.524936
vt 0.504026 0.524695
vt 0.503921 0.525821
vt 0.503889 0.523458
vt 0.504023 0.524453
vt 0.503951 0.525711
vt 0.504013 0.524219
vt 0.503976 0.525562
vt 0.503997 0.524002
vt 0.503997 0.525378
vt 0.503976 0.523811
vt 0.504013 0.525166
vt 0.504045 0.525711
vt 0.504096 0.525561
vt 0.504189 0.524451
vt 0.504170 0.524217
vt 0.503986 0.525820
vt 0.504195 0.524693
vt 0.503922 0.523458
vt 0.503922 0.525886
vt 0.504189 0.524934
vt 0.503986 0.523534
vt 0.504170 0.525165
vt 0.504045 0.523652
vt 0.504138 0.525376
vt 0.504096 0.523810
vt 0.504138 0.524001
vt 0.504268 0.523999
vt 0.504207 0.523808
vt 0.504132 0.523651
vt 0.504268 0.525374
vt 0.504314 0.525162
vt 0.504046 0.523533
vt 0.504342 0.524932
vt 0.503953 0.525886
vt 0.503953 0.523458
vt 0.504352 0.524691
vt 0.504046 0.525820
vt 0.504342 0.524449
vt 0.504132 0.525709
vt 0.504314 0.524215
vt 0.504207 0.525559
vt 0.504383 0.525371
vt 0.504441 0.525159
vt 0.504304 0.523806
vt 0.504208 0.523649
vt 0.504304 0.525556
vt 0.504383 0.523996
vt 0.504208 0.525707
vt 0.504441 0.524212
vt 0.504099 0.525818
vt 0.504477 0.524445
vt 0.504489 0.524687
vt 0.503980 0.523457
vt 0.503980 0.525885
vt 0.504477 0.524928
vt 0.504099 0.523531
vt 0.504602 0.524683
vt 0.504588 0.524441
vt 0.504142 0.525817
vt 0.504271 0.525705
vt 0.504546 0.524208
vt 0.504384 0.525553
vt 0.504477 0.523993
vt 0.504477 0.525368
vt 0.504591 0.523984
vt 0.504606 0.523980
vt 0.504880 0.523536
vt 0.504866 0.523540
vt 0.504546 0.525155
vt 0.504609 0.523380
vt 0.504522 0.523240
vt 0.504588 0.524924
vt 0.504002 0.525884
vt 0.504271 0.523647
vt 0.504142 0.523530
vt 0.504002 0.523456
vt 0.504671 0.524919
vt 0.504687 0.524678
vt 0.504174 0.523528
vt 0.504018 0.523455
vt 0.504018 0.525883
vt 0.504624 0.525151
vt 0.504318 0.523644
vt 0.504547 0.523988
vt 0.504827 0.523544
vt 0.504547 0.525364
vt 0.504593 0.523975
vt 0.504868 0.523532
vt 0.504444 0.525550
vt 0.504624 0.524203
vt 0.504318 0.525702
vt 0.504671 0.524436
vt 0.504174 0.525815
vt 0.504676 0.524898
vt 0.504699 0.524901
vt 0.504694 0.525006
vt 0.504029 0.525882
vt 0.504194 0.523526
vt 0.504029 0.523454
vt 0.504722 0.524914
vt 0.504739 0.524673
vt 0.504194 0.525813
vt 0.504722 0.524431
vt 0.504347 0.525699
vt 0.504672 0.524199
vt 0.504481 0.525667
vt 0.504564 0.525566
vt 0.504347 0.523641
vt 0.504621 0.523235
vt 0.504647 0.523232
vt 0.504357 0.525696
vt 0.504507 0.525663
vt 0.504500 0.525665
vt 0.504679 0.523551
vt 0.504741 0.524909
vt 0.504748 0.525147
vt 0.504760 0.525143
vt 0.504758 0.524667
vt 0.504357 0.523638
vt 0.504201 0.523524
vt 0.423174 0.396135
vt 0.405222 0.418030
vt 0.388140 0.415321
vt 0.399985 0.400875
vt 0.504579 0.523237
vt 0.504714 0.525150
vt 0.504764 0.523548
vt 0.504683 0.525303
vt 0.504447 0.525535
vt 0.504551 0.525346
vt 0.504635 0.525432
vt 0.504566 0.525556
vt 0.504689 0.524194
vt 0.504201 0.525811
vt 0.504741 0.524426
vt 0.504032 0.523453
vt 0.504032 0.525881
vt 0.503225 0.526255
vt 0.504615 0.525874
vt 0.504664 0.525877
vt 0.504518 0.526365
vt 0.504620 0.526368
vt 0.504290 0.525666
vt 0.504169 0.525664
vt 0.503998 0.525445
vt 0.504116 0.525474
vt 0.504020 0.525445
vt 0.504158 0.525475
vt 0.504286 0.525524
vt 0.504398 0.525591
vt 0.504228 0.525861
vt 0.504455 0.525593
vt 0.504493 0.525676
vt 0.504569 0.525771
vt 0.504036 0.525446
vt 0.504189 0.525476
vt 0.504331 0.525526
vt 0.504045 0.525446
vt 0.504208 0.525477
vt 0.504359 0.525527
vt 0.504491 0.525596
vt 0.504534 0.525679
vt 0.504615 0.525774
vt 0.503160 0.525155
vt 0.503230 0.525367
vt 0.503324 0.525553
vt 0.503324 0.523803
vt 0.503230 0.523992
vt 0.503438 0.525705
vt 0.503438 0.523646
vt 0.503160 0.524208
vt 0.503568 0.525816
vt 0.503568 0.523529
vt 0.503118 0.524441
vt 0.503709 0.525884
vt 0.503709 0.523456
vt 0.503103 0.524682
vt 0.503118 0.524924
vt 0.503084 0.524203
vt 0.503037 0.524436
vt 0.503537 0.525815
vt 0.503693 0.525883
vt 0.503021 0.524678
vt 0.503162 0.523988
vt 0.503053 0.523441
vt 0.502985 0.523437
vt 0.503037 0.524919
vt 0.503232 0.523788
vt 0.503122 0.523975
vt 0.502945 0.523424
vt 0.503055 0.523237
vt 0.503084 0.525150
vt 0.503537 0.523528
vt 0.503392 0.523644
vt 0.503162 0.525363
vt 0.503693 0.523455
vt 0.503266 0.525550
vt 0.503392 0.525702
vt 0.503684 0.523454
vt 0.503517 0.523526
vt 0.503395 0.525690
vt 0.503366 0.525693
vt 0.503199 0.525629
vt 0.503215 0.525628
vt 0.503085 0.525445
vt 0.503143 0.525549
vt 0.503120 0.523984
vt 0.503038 0.524198
vt 0.502990 0.524903
vt 0.503038 0.524898
vt 0.503018 0.525185
vt 0.502990 0.525188
vt 0.502988 0.524431
vt 0.503355 0.525696
vt 0.503193 0.525631
vt 0.502971 0.524672
vt 0.503364 0.525699
vt 0.503517 0.525813
vt 0.503147 0.523252
vt 0.502988 0.524914
vt 0.503684 0.525882
vt 0.503215 0.523093
vt 0.503261 0.523095
vt 0.503364 0.523641
vt 0.503107 0.523979
vt 0.503023 0.524193
vt 0.503511 0.525810
vt 0.502972 0.524425
vt 0.503680 0.525881
vt 0.502955 0.524667
vt 0.502943 0.523433
vt 0.502972 0.524908
vt 0.502930 0.523428
vt 0.502988 0.525194
vt 0.503016 0.525197
vt 0.503511 0.523523
vt 0.503355 0.523638
vt 0.503042 0.525326
vt 0.503680 0.523453
vt 0.503214 0.525634
vt 0.503198 0.525633
vt 0.503269 0.525535
vt 0.503145 0.525541
vt 0.503518 0.523521
vt 0.503366 0.523635
vt 0.503684 0.523452
vt 0.503230 0.525536
vt 0.503215 0.525537
vt 0.503161 0.525574
vt 0.503040 0.524188
vt 0.503518 0.525808
vt 0.502990 0.524420
vt 0.503684 0.525880
vt 0.502973 0.524661
vt 0.503189 0.523084
vt 0.503178 0.523087
vt 0.503538 0.525806
vt 0.503089 0.524183
vt 0.503042 0.524415
vt 0.503694 0.525879
vt 0.503026 0.524656
vt 0.503269 0.523784
vt 0.503166 0.523970
vt 0.503037 0.524832
vt 0.503395 0.523632
vt 0.587487 0.444708
vt 0.572755 0.418030
vt 0.590248 0.417577
vt 0.598469 0.432464
vt 0.503538 0.523519
vt 0.503141 0.525575
vt 0.503694 0.523451
vt 0.503129 0.525244
vt 0.552920 0.700170
vt 0.532579 0.716328
vt 0.528075 0.716328
vt 0.546382 0.700170
vt 0.592673 0.459126
vt 0.583316 0.453217
vt 0.580499 0.453556
vt 0.577635 0.444708
vt 0.510507 0.726279
vt 0.508211 0.726279
vt 0.564376 0.418030
vt 0.503711 0.523450
vt 0.554803 0.396135
vt 0.548220 0.396135
vt 0.598434 0.609892
vt 0.587487 0.640330
vt 0.577635 0.640330
vt 0.587487 0.609892
vt 0.503442 0.525687
vt 0.503571 0.525805
vt 0.605176 0.576866
vt 0.593554 0.576866
vt 0.503711 0.525878
vt 0.607452 0.542519
vt 0.595382 0.546213
vt 0.597048 0.545430
vt 0.598618 0.542519
vt 0.572755 0.667008
vt 0.564376 0.667008
vt 0.605176 0.508173
vt 0.605797 0.517545
vt 0.602547 0.534691
vt 0.595603 0.542519
vt 0.593554 0.508173
vt 0.554803 0.688903
vt 0.548220 0.688903
vt 0.598434 0.475146
vt 0.587487 0.475146
vt 0.572755 0.609892
vt 0.577914 0.576866
vt 0.503614 0.525803
vt 0.503733 0.525877
vt 0.589433 0.549001
vt 0.579416 0.547255
vt 0.579656 0.542519
vt 0.553100 0.667008
vt 0.564376 0.640330
vt 0.577914 0.508173
vt 0.539361 0.688903
vt 0.572755 0.475146
vt 0.522014 0.716328
vt 0.537583 0.700170
vt 0.571665 0.454932
vt 0.569130 0.461979
vt 0.564376 0.444708
vt 0.505121 0.726279
vt 0.553100 0.418030
vt 0.503733 0.523449
vt 0.539361 0.396135
vt 0.503505 0.525685
vt 0.567017 0.467285
vt 0.566013 0.475146
vt 0.554803 0.475146
vt 0.548220 0.444708
vt 0.501356 0.726279
vt 0.514629 0.716328
vt 0.539361 0.418030
vt 0.503760 0.523449
vt 0.528566 0.396135
vt 0.548220 0.640330
vt 0.554803 0.609892
vt 0.503581 0.525683
vt 0.503667 0.525802
vt 0.555523 0.604030
vt 0.560681 0.600718
vt 0.564373 0.592938
vt 0.567481 0.582364
vt 0.568524 0.576866
vt 0.503760 0.525876
vt 0.575849 0.542519
vt 0.539361 0.667008
vt 0.573466 0.539553
vt 0.569489 0.522860
vt 0.567563 0.508173
vt 0.528566 0.688903
vt 0.566875 0.504150
vt 0.564491 0.484304
vt 0.526861 0.700170
vt 0.503726 0.525801
vt 0.503790 0.525876
vt 0.560226 0.542519
vt 0.560028 0.547491
vt 0.555616 0.542519
vt 0.523686 0.667008
vt 0.529788 0.640330
vt 0.558857 0.508173
vt 0.538058 0.542519
vt 0.537115 0.508173
vt 0.516250 0.688903
vt 0.534323 0.475146
vt 0.516250 0.705172
vt 0.507766 0.705172
vt 0.530772 0.451313
vt 0.529788 0.444708
vt 0.497060 0.726279
vt 0.506203 0.716328
vt 0.529134 0.441850
vt 0.532978 0.441604
vt 0.532235 0.436679
vt 0.526948 0.432292
vt 0.523686 0.418030
vt 0.503790 0.523448
vt 0.516250 0.396135
vt 0.534323 0.609892
vt 0.558857 0.576866
vt 0.547956 0.602695
vt 0.539532 0.597198
vt 0.535852 0.591805
vt 0.537115 0.576866
vt 0.539557 0.576866
vt 0.538442 0.585192
vt 0.540626 0.591282
vt 0.543537 0.593427
vt 0.547425 0.595963
vt 0.551776 0.591191
vt 0.553504 0.576866
vt 0.507965 0.429076
vt 0.506677 0.418030
vt 0.503823 0.523448
vt 0.502886 0.396135
vt 0.509788 0.640330
vt 0.512100 0.609892
vt 0.508379 0.382581
vt 0.517018 0.399148
vt 0.503410 0.399148
vt 0.499006 0.382581
vt 0.532808 0.585068
vt 0.532561 0.576866
vt 0.503791 0.525800
vt 0.503823 0.525876
vt 0.537619 0.558482
vt 0.513523 0.576866
vt 0.514004 0.542519
vt 0.506677 0.667008
vt 0.513523 0.508173
vt 0.502886 0.688903
vt 0.512100 0.475146
vt 0.498561 0.705172
vt 0.529466 0.444708
vt 0.492399 0.726279
vt 0.497060 0.716328
vt 0.488988 0.667008
vt 0.488988 0.640330
vt 0.503857 0.525876
vt 0.494199 0.542519
vt 0.500186 0.529226
vt 0.496843 0.508173
vt 0.488989 0.688903
vt 0.488988 0.508173
vt 0.488989 0.475146
vt 0.488989 0.705172
vt 0.509788 0.444708
vt 0.488988 0.444708
vt 0.487552 0.726279
vt 0.487552 0.716328
vt 0.497939 0.431076
vt 0.488988 0.438312
vt 0.488988 0.418030
vt 0.503857 0.523448
vt 0.488988 0.396135
vt 0.488989 0.609892
vt 0.489258 0.399148
vt 0.489258 0.382581
vt 0.488988 0.576866
vt 0.503859 0.525800
vt 0.488988 0.542519
vt 0.503892 0.523448
vt 0.471300 0.418030
vt 0.475091 0.396135
vt 0.468189 0.640330
vt 0.465877 0.609892
vt 0.488988 0.379866
vt 0.479416 0.379866
vt 0.464454 0.576866
vt 0.503926 0.525800
vt 0.503892 0.525876
vt 0.463973 0.542519
vt 0.482878 0.542519
vt 0.471300 0.667008
vt 0.475369 0.531327
vt 0.482570 0.508173
vt 0.475091 0.688903
vt 0.464454 0.508173
vt 0.465877 0.475146
vt 0.479416 0.705172
vt 0.468189 0.444708
vt 0.482705 0.726279
vt 0.478044 0.716328
vt 0.481959 0.433219
vt 0.469941 0.429684
vt 0.439919 0.542519
vt 0.440862 0.508173
vt 0.461727 0.688903
vt 0.454291 0.667008
vt 0.443654 0.475146
vt 0.470211 0.705172
vt 0.448189 0.444708
vt 0.478044 0.726279
vt 0.468902 0.716328
vt 0.462421 0.430184
vt 0.449856 0.437419
vt 0.454291 0.418030
vt 0.503925 0.523448
vt 0.461727 0.396135
vt 0.448189 0.640330
vt 0.443654 0.609892
vt 0.470211 0.379866
vt 0.441773 0.587640
vt 0.441343 0.576866
vt 0.503991 0.525801
vt 0.503925 0.525876
vt 0.440280 0.555660
vt 0.460476 0.409390
vt 0.453091 0.431136
vt 0.437522 0.431136
vt 0.448244 0.409390
vt 0.429757 0.640330
vt 0.423174 0.609892
vt 0.449411 0.396135
vt 0.461727 0.379866
vt 0.440862 0.576866
vt 0.435938 0.599134
vt 0.426931 0.604286
vt 0.422378 0.603409
vt 0.420927 0.591591
vt 0.423111 0.593805
vt 0.426324 0.595254
vt 0.431646 0.596974
vt 0.435454 0.590892
vt 0.436348 0.580731
vt 0.435277 0.576866
vt 0.504050 0.525802
vt 0.503955 0.525876
vt 0.429198 0.542519
vt 0.438616 0.667008
vt 0.417751 0.542519
vt 0.419120 0.508173
vt 0.449411 0.688903
vt 0.423174 0.475146
vt 0.461727 0.705172
vt 0.440146 0.457849
vt 0.439088 0.456510
vt 0.439898 0.452086
vt 0.444786 0.444709
vt 0.473749 0.726279
vt 0.460476 0.716328
vt 0.435000 0.444709
vt 0.431500 0.439458
vt 0.438616 0.418030
vt 0.503955 0.523449
vt 0.438616 0.688903
vt 0.424877 0.667008
vt 0.404368 0.508173
vt 0.406777 0.488923
vt 0.404572 0.479307
vt 0.405222 0.475146
vt 0.448244 0.700170
vt 0.453091 0.716328
vt 0.437522 0.700170
vt 0.429757 0.444708
vt 0.413601 0.444708
vt 0.469984 0.726279
vt 0.424877 0.418030
vt 0.503981 0.523449
vt 0.423876 0.431136
vt 0.437522 0.409390
vt 0.413601 0.640330
vt 0.405222 0.609892
vt 0.461497 0.382581
vt 0.448956 0.399148
vt 0.437963 0.399148
vt 0.453925 0.382581
vt 0.419120 0.576866
vt 0.418100 0.585157
vt 0.418054 0.580252
vt 0.418509 0.576866
vt 0.504102 0.525803
vt 0.503981 0.525877
vt 0.410724 0.553496
vt 0.405150 0.567443
vt 0.405629 0.576866
vt 0.400063 0.576866
vt 0.398320 0.542519
vt 0.398880 0.531494
vt 0.401960 0.526561
vt 0.400342 0.640330
vt 0.390490 0.609892
vt 0.504213 0.525685
vt 0.504275 0.525688
vt 0.504144 0.525805
vt 0.384423 0.576866
vt 0.504003 0.525878
vt 0.382606 0.546411
vt 0.387972 0.542519
vt 0.413601 0.667008
vt 0.400063 0.508173
vt 0.395202 0.538317
vt 0.382374 0.542519
vt 0.384423 0.508173
vt 0.429757 0.688903
vt 0.403769 0.475146
vt 0.447030 0.716328
vt 0.428723 0.700170
vt 0.399279 0.459871
vt 0.396219 0.457446
vt 0.400342 0.444708
vt 0.466894 0.726279
vt 0.413601 0.418030
vt 0.504003 0.523450
vt 0.412677 0.431136
vt 0.428723 0.409390
vt 0.390490 0.475146
vt 0.372801 0.508173
vt 0.379543 0.475146
vt 0.442526 0.716328
vt 0.422184 0.700170
vt 0.391692 0.456464
vt 0.385126 0.459621
vt 0.390490 0.444708
vt 0.504144 0.523518
vt 0.504019 0.523451
vt 0.504176 0.523520
vt 0.399508 0.457633
vt 0.389722 0.457633
vt 0.404355 0.431136
vt 0.422184 0.409390
vt 0.390490 0.640330
vt 0.379543 0.609892
vt 0.504320 0.525690
vt 0.504176 0.525806
vt 0.372801 0.576866
vt 0.504019 0.525879
vt 0.378199 0.542519
vt 0.405222 0.667008
vt 0.374479 0.542519
vt 0.371164 0.532884
vt 0.423174 0.688903
vt 0.504348 0.525693
vt 0.504195 0.525809
vt 0.504676 0.524415
vt 0.504628 0.524184
vt 0.504674 0.524189
vt 0.504725 0.524420
vt 0.504029 0.525880
vt 0.504692 0.524656
vt 0.504742 0.524662
vt 0.504551 0.523971
vt 0.504447 0.523784
vt 0.504482 0.523788
vt 0.504687 0.524724
vt 0.504696 0.524761
vt 0.504320 0.523632
vt 0.504348 0.523635
vt 0.504195 0.523521
vt 0.504501 0.525661
vt 0.504029 0.523452
vt 0.504589 0.525241
vt 0.504609 0.525236
vt 0.504643 0.525171
vt 0.504686 0.525290
vt 0.504632 0.525444
vt 0.504483 0.525659
vt 0.504628 0.525131
vt 0.504654 0.525144
vt 0.504656 0.523230
vt 0.504648 0.523227
vt 0.504725 0.524903
vt 0.504769 0.523364
vt 0.504750 0.525140
vt 0.502791 0.522921
vt 0.502779 0.522917
vt 0.502793 0.522913
vt 0.502891 0.522746
vt 0.502973 0.522759
vt 0.502889 0.522928
vt 0.503034 0.522617
vt 0.503075 0.522620
vt 0.503187 0.523090
vt 0.503001 0.522612
vt 0.503009 0.522615
vt 0.502828 0.522925
vt 0.503010 0.522609
vt 0.502676 0.522308
vt 0.502670 0.522306
vt 0.502677 0.522303
vt 0.502733 0.522208
vt 0.502780 0.522216
vt 0.502733 0.522312
vt 0.502815 0.522135
vt 0.502839 0.522136
vt 0.502796 0.522132
vt 0.502801 0.522133
vt 0.502698 0.522310
vt 0.502802 0.522130
vt 0.502724 0.522059
vt 0.502703 0.522101
vt 0.502676 0.522098
vt 0.502680 0.522097
vt 0.502739 0.522024
vt 0.502750 0.522025
vt 0.502731 0.522023
vt 0.502733 0.522024
vt 0.502688 0.522100
vt 0.502679 0.522099
vt 0.502734 0.522022
vt 0.502704 0.522056
vt 0.502711 0.522059
vt 0.502703 0.522058
vt 0.502701 0.522057
vt 0.503016 0.525324
vt 0.503062 0.525443
vt 0.503124 0.525547
vt 0.502980 0.525191
vt 0.503008 0.525321
vt 0.503055 0.525440
vt 0.503117 0.525545
vt 0.503018 0.525318
vt 0.503063 0.525438
vt 0.503124 0.525543
vt 0.503045 0.525315
vt 0.503088 0.525435
vt 0.504715 0.525300
vt 0.504589 0.525564
vt 0.504661 0.525441
vt 0.504726 0.525297
vt 0.504671 0.525438
vt 0.504597 0.525561
vt 0.504717 0.525136
vt 0.504717 0.525293
vt 0.504663 0.525435
vt 0.504590 0.525559
vt 0.504858 0.522790
vt 0.504880 0.522788
vt 0.504888 0.522786
vt 0.504881 0.522784
vt 0.505063 0.523046
vt 0.505030 0.523049
vt 0.504775 0.522794
vt 0.504823 0.522793
vt 0.505075 0.523043
vt 0.505065 0.523039
vt 0.504907 0.523055
vt 0.504848 0.522912
vt 0.504982 0.522899
vt 0.504977 0.523052
vt 0.505155 0.522577
vt 0.505108 0.522579
vt 0.505021 0.522406
vt 0.505052 0.522405
vt 0.505076 0.522403
vt 0.505090 0.522402
vt 0.505069 0.522484
vt 0.505095 0.522400
vt 0.505091 0.522399
vt 0.505212 0.522573
vt 0.505190 0.522575
vt 0.505220 0.522571
vt 0.505213 0.522569
vt 0.505265 0.522304
vt 0.505269 0.522305
vt 0.505158 0.522475
vt 0.505199 0.522212
vt 0.505236 0.522253
vt 0.505199 0.522214
vt 0.505202 0.522213
vt 0.505253 0.522307
vt 0.505234 0.522309
vt 0.505209 0.522310
vt 0.505162 0.522216
vt 0.505179 0.522215
vt 0.505191 0.522215
vt 0.505187 0.522258
vt 0.505209 0.522257
vt 0.505225 0.522257
vt 0.505265 0.522306
vt 0.505235 0.522256
vt 0.505239 0.522255
vt 0.504205 0.525758
vt 0.504245 0.525647
vt 0.504280 0.525737
vt 0.504580 0.526317
vt 0.504677 0.526320
vt 0.504650 0.525842
vt 0.504302 0.525835
vt 0.504540 0.525653
vt 0.504461 0.525651
vt 0.504458 0.526315
vt 0.504608 0.525743
vt 0.504316 0.526313
vt 0.504361 0.525649
vt 0.504764 0.526117
vt 0.504851 0.526119
vt 0.504827 0.525688
vt 0.504494 0.525594
vt 0.504513 0.525682
vt 0.504728 0.525518
vt 0.504657 0.525516
vt 0.504654 0.526114
vt 0.504789 0.525600
vt 0.504526 0.526113
vt 0.504567 0.525514
vt 0.504930 0.525883
vt 0.504912 0.525583
vt 0.504680 0.525517
vt 0.504694 0.525579
vt 0.504792 0.525880
vt 0.504869 0.525882
vt 0.504844 0.525464
vt 0.504820 0.525463
vt 0.504794 0.525463
vt 0.504886 0.525521
vt 0.504703 0.525879
vt 0.504789 0.525463
vt 0.504751 0.525462
vt 0.504731 0.525461
vt 0.504462 0.525513
vt 0.504711 0.525461
vt 0.504658 0.525460
vt 0.504691 0.525503
vt 0.504705 0.525565
vt 0.504803 0.525866
vt 0.504880 0.525868
vt 0.504800 0.525449
vt 0.504791 0.525451
vt 0.504800 0.525440
vt 0.504897 0.525507
vt 0.504855 0.525450
vt 0.504714 0.525865
vt 0.504762 0.525448
vt 0.504742 0.525448
vt 0.504740 0.525438
vt 0.504756 0.525439
vt 0.504669 0.525447
vt 0.504663 0.525449
vt 0.504672 0.525438
vt 0.504923 0.525569
vt 0.504772 0.525504
vt 0.504805 0.525449
vt 0.504842 0.525506
vt 0.504722 0.525447
vt 0.504791 0.525566
vt 0.504865 0.525568
vt 0.504941 0.525870
vt 0.504832 0.525450
vt 0.504831 0.525439
vt 0.504822 0.525450
vt 0.504840 0.525450
vt 0.504848 0.525440
vt 0.504754 0.525450
vt 0.504763 0.525439
vt 0.504804 0.525450
vt 0.504803 0.525441
vt 0.504825 0.525441
vt 0.504747 0.525450
vt 0.504785 0.525450
vt 0.504794 0.525439
vt 0.504794 0.525451
vt 0.504815 0.525452
vt 0.504731 0.525450
vt 0.504722 0.525438
vt 0.504713 0.525450
vt 0.504706 0.525450
vt 0.504715 0.525438
vt 0.502953 0.525610
vt 0.502875 0.526041
vt 0.502904 0.526037
vt 0.503140 0.526028
vt 0.503156 0.525599
vt 0.503070 0.525469
vt 0.502993 0.525521
vt 0.503140 0.525432
vt 0.503075 0.525435
vt 0.503072 0.525425
vt 0.503181 0.525511
vt 0.503222 0.525429
vt 0.503039 0.526031
vt 0.502871 0.525831
vt 0.502957 0.525828
vt 0.502863 0.525323
vt 0.502887 0.525324
vt 0.502960 0.526034
vt 0.502803 0.525833
vt 0.502756 0.525836
vt 0.502797 0.525471
vt 0.502731 0.525839
vt 0.502971 0.525461
vt 0.502831 0.525394
vt 0.502957 0.525318
vt 0.502902 0.525320
vt 0.502993 0.525385
vt 0.503027 0.525316
vt 0.502906 0.525418
vt 0.502926 0.525350
vt 0.502816 0.525751
vt 0.502894 0.525748
vt 0.502809 0.525293
vt 0.502831 0.525295
vt 0.502755 0.525753
vt 0.502712 0.525756
vt 0.502957 0.525287
vt 0.502903 0.525289
vt 0.502894 0.525289
vt 0.502750 0.525427
vt 0.502690 0.525758
vt 0.502781 0.525358
vt 0.502860 0.525291
vt 0.502844 0.525291
vt 0.502747 0.525329
vt 0.502716 0.525398
vt 0.502836 0.525266
vt 0.502815 0.525267
vt 0.502892 0.525321
vt 0.502924 0.525258
vt 0.502873 0.525389
vt 0.502783 0.525722
vt 0.502860 0.525719
vt 0.502775 0.525264
vt 0.502797 0.525266
vt 0.502721 0.525724
vt 0.502679 0.525727
vt 0.502657 0.525729
vt 0.502872 0.525260
vt 0.502864 0.525263
vt 0.502874 0.525260
vt 0.502879 0.525258
vt 0.502798 0.525391
vt 0.502822 0.525323
vt 0.502860 0.525260
vt 0.502739 0.525394
vt 0.502766 0.525325
vt 0.502810 0.525262
vt 0.502829 0.525262
vt 0.502698 0.525396
vt 0.502728 0.525328
vt 0.502885 0.525264
vt 0.502863 0.525265
vt 0.502816 0.525249
vt 0.502796 0.525250
vt 0.502883 0.525250
vt 0.502925 0.525248
vt 0.502852 0.525266
vt 0.502830 0.525246
vt 0.502842 0.525246
vt 0.502865 0.525247
vt 0.502908 0.525273
vt 0.502953 0.525272
vt 0.502894 0.525277
vt 0.502900 0.525277
vt 0.503321 0.528413
vt 0.503323 0.528424
vt 0.503322 0.528426
vt 0.503219 0.528331
vt 0.503095 0.528284
vt 0.503205 0.528262
vt 0.503278 0.528355
vt 0.503094 0.528288
vt 0.503154 0.528253
vt 0.503084 0.528281
vt 0.503211 0.528475
vt 0.503212 0.528484
vt 0.503212 0.528485
vt 0.503128 0.528409
vt 0.503028 0.528370
vt 0.503117 0.528353
vt 0.503176 0.528427
vt 0.503027 0.528374
vt 0.503076 0.528345
vt 0.503019 0.528368
vt 0.503363 0.528437
vt 0.503337 0.528433
vt 0.503047 0.528440
vt 0.503088 0.528492
vt 0.503055 0.528479
vt 0.502984 0.528452
vt 0.502984 0.528455
vt 0.503018 0.528435
vt 0.502979 0.528450
vt 0.503245 0.528494
vt 0.503136 0.528539
vt 0.503113 0.528531
vt 0.503224 0.528491
vt 0.503014 0.528517
vt 0.502963 0.528524
vt 0.502963 0.528526
vt 0.502982 0.528501
vt 0.502959 0.528525
vt 0.503002 0.528494
vt 0.503037 0.528514
vt 0.503076 0.528528
vt 0.503061 0.528531
vt 0.503113 0.528533
vt 0.503121 0.528536
vt 0.503067 0.528532
vt 0.503061 0.528532
vt 0.503112 0.528525
vt 0.503022 0.528521
vt 0.503013 0.528518
vt 0.503009 0.528521
vt 0.503059 0.528528
vt 0.504666 0.528225
vt 0.504663 0.528235
vt 0.504462 0.528236
vt 0.504394 0.528238
vt 0.504629 0.528187
vt 0.504651 0.528200
vt 0.504398 0.528239
vt 0.504400 0.528240
vt 0.504526 0.528237
vt 0.504398 0.528240
vt 0.504636 0.528204
vt 0.504394 0.528239
vt 0.504461 0.528239
vt 0.504584 0.528225
vt 0.504525 0.528236
vt 0.504580 0.528209
vt 0.504373 0.528414
vt 0.504378 0.528413
vt 0.504624 0.528261
vt 0.504574 0.528309
vt 0.504639 0.528250
vt 0.504660 0.528269
vt 0.504378 0.528413
vt 0.504373 0.528415
vt 0.504564 0.528293
vt 0.504612 0.528247
vt 0.504659 0.528281
vt 0.504445 0.528379
vt 0.504511 0.528349
vt 0.504379 0.528413
vt 0.504445 0.528382
vt 0.504514 0.528349
vt 0.504504 0.528497
vt 0.504500 0.528498
vt 0.504556 0.528473
vt 0.504609 0.528446
vt 0.504725 0.528384
vt 0.504725 0.528394
vt 0.504557 0.528470
vt 0.504501 0.528497
vt 0.504650 0.528403
vt 0.504688 0.528367
vt 0.504709 0.528369
vt 0.504504 0.528497
vt 0.504505 0.528497
vt 0.504610 0.528447
vt 0.504697 0.528378
vt 0.504658 0.528415
vt 0.504772 0.528487
vt 0.504772 0.528490
vt 0.504715 0.528516
vt 0.504696 0.528525
vt 0.504759 0.528481
vt 0.504767 0.528482
vt 0.504697 0.528525
vt 0.504698 0.528525
vt 0.504733 0.528508
vt 0.504697 0.528525
vt 0.504763 0.528485
vt 0.504696 0.528526
vt 0.504715 0.528517
vt 0.504749 0.528498
vt 0.504733 0.528508
vt 0.504747 0.528493
vt 0.504758 0.528502
vt 0.504753 0.528495
vt 0.504739 0.528510
vt 0.504737 0.528510
vt 0.504718 0.528516
vt 0.504717 0.528517
vt 0.504756 0.528501
vt 0.504737 0.528508
vt 0.504717 0.528516
vt 0.503943 0.527585
vt 0.503943 0.527497
vt 0.504081 0.527497
vt 0.504073 0.527756
vt 0.503943 0.527756
vt 0.504129 0.527522
vt 0.504214 0.527496
vt 0.504214 0.527672
vt 0.504199 0.527755
vt 0.503943 0.527673
vt 0.503923 0.527623
vt 0.503921 0.527508
vt 0.503918 0.527509
vt 0.504112 0.527509
vt 0.504098 0.527859
vt 0.503922 0.527856
vt 0.504304 0.527508
vt 0.504294 0.527748
vt 0.504277 0.527871
vt 0.503923 0.527738
vt 0.504220 0.527584
vt 0.503902 0.527664
vt 0.503902 0.527810
vt 0.503917 0.527841
vt 0.503917 0.527695
vt 0.504364 0.527662
vt 0.504355 0.527516
vt 0.504370 0.527547
vt 0.504378 0.527693
vt 0.503902 0.527517
vt 0.503917 0.527548
vt 0.503920 0.527225
vt 0.504113 0.527224
vt 0.503902 0.527949
vt 0.504120 0.527949
vt 0.504134 0.527980
vt 0.503917 0.527980
vt 0.503904 0.527233
vt 0.504303 0.527629
vt 0.504370 0.527839
vt 0.504152 0.527694
vt 0.504148 0.527840
vt 0.504344 0.527979
vt 0.504148 0.527548
vt 0.504355 0.527808
vt 0.504329 0.527948
vt 0.504134 0.527232
vt 0.503918 0.527264
vt 0.504149 0.527263
vt 0.504305 0.527224
vt 0.504357 0.527231
vt 0.504371 0.527262
vt 0.503776 0.527706
vt 0.503778 0.527200
vt 0.504189 0.527199
vt 0.504584 0.527197
vt 0.504637 0.526986
vt 0.504188 0.526967
vt 0.504186 0.527705
vt 0.504581 0.527703
vt 0.504131 0.526601
vt 0.504451 0.526599
vt 0.504188 0.526509
vt 0.504757 0.526506
vt 0.503799 0.526601
vt 0.503597 0.526509
vt 0.503715 0.526959
vt 0.504229 0.527057
vt 0.504870 0.527083
vt 0.505042 0.526397
vt 0.504229 0.526401
vt 0.503552 0.527045
vt 0.503384 0.526402
vt 0.419005 0.573980
vt 0.548806 0.569415
vt 0.543225 0.570468
vt 0.544674 0.547739
vt 0.434106 0.572177
vt 0.429740 0.567714
vt 0.424190 0.568262
vt 0.567410 0.556566
vt 0.569562 0.570743
vt 0.405963 0.585759
vt 0.411523 0.597366
vt 0.503166 0.525346
vt 0.370525 0.542519
vt 0.501588 0.435290
vt 0.508594 0.434471
vt 0.469387 0.434434
vt 0.477812 0.435647
vt 0.462542 0.433598
vt 0.514095 0.433969
vt 0.527966 0.436744
s 1
usemtl Skin
f 283/1/283 279/2/279 1461/3/1461 1465/4/1465
f 18/5/18 19/6/19 1449/7/1449 1448/8/1448
f 17/9/17 18/5/18 1448/8/1448 1447/10/1447
f 272/11/272 271/12/271 1455/13/1455 1456/14/1456
f 2/15/2 1/16/1 5/17/5 6/18/6
f 119/19/119 283/1/283 12/20/12
f 3/21/3 2/15/2 6/18/6 7/22/7
f 280/23/280 3/21/3 7/22/7 8/24/8
f 281/25/281 280/23/280 8/24/8 9/26/9
f 9/26/9 8/24/8 16/27/16 17/9/17
f 268/28/268 277/29/277 1457/30/1457 1452/31/1452
f 271/12/271 270/32/270 1454/33/1454 1455/13/1455
f 12/20/12 283/1/283 1465/4/1465 1445/34/1445
f 270/32/270 269/35/269 1453/36/1453 1454/33/1454
f 6/18/6 5/17/5 13/37/13 14/38/14
f 119/19/119 12/20/12 21/39/21
f 7/22/7 6/18/6 14/38/14 15/40/15
f 8/24/8 7/22/7 15/40/15 16/27/16
f 21/39/21 20/41/20 29/42/29 30/43/30
f 14/38/14 13/37/13 22/44/22 23/45/23
f 119/19/119 21/39/21 30/43/30
f 15/40/15 14/38/14 23/45/23 24/46/24
f 16/27/16 15/40/15 24/46/24 25/47/25
f 17/9/17 16/27/16 25/47/25 26/48/26
f 18/5/18 17/9/17 26/48/26 27/49/27
f 19/6/19 18/5/18 27/49/27 28/50/28
f 20/41/20 19/6/19 28/50/28 29/42/29
f 27/49/27 26/48/26 35/51/35 36/52/36
f 28/50/28 27/49/27 36/52/36 37/53/37
f 29/42/29 28/50/28 37/53/37 38/54/38
f 30/43/30 29/42/29 38/54/38 39/55/39
f 23/45/23 22/44/22 31/56/31 32/57/32
f 119/19/119 30/43/30 39/55/39
f 24/46/24 23/45/23 32/57/32 33/58/33
f 25/47/25 24/46/24 33/58/33 34/59/34
f 26/48/26 25/47/25 34/59/34 35/51/35
f 32/57/32 31/56/31 40/60/40 41/61/41
f 119/19/119 39/55/39 48/62/48
f 33/58/33 32/57/32 41/61/41 42/63/42
f 34/59/34 33/58/33 42/63/42 43/64/43
f 35/51/35 34/59/34 43/64/43 44/65/44
f 36/52/36 35/51/35 44/65/44 45/66/45
f 37/53/37 36/52/36 45/66/45 46/67/46
f 38/54/38 37/53/37 46/67/46 47/68/47
f 39/55/39 38/54/38 47/68/47 48/62/48
f 45/66/45 44/65/44 53/69/53 54/70/54
f 46/67/46 45/66/45 54/70/54 55/71/55
f 47/68/47 46/67/46 55/71/55 56/72/56
f 48/62/48 47/68/47 56/72/56 57/73/57
f 41/61/41 40/60/40 49/74/49 50/75/50
f 119/19/119 48/62/48 57/73/57
f 42/63/42 41/61/41 50/75/50 51/76/51
f 43/64/43 42/63/42 51/76/51 52/77/52
f 44/65/44 43/64/43 52/77/52 53/69/53
f 119/19/119 57/73/57 64/78/64
f 52/77/52 51/76/51 1527/79/1527 1528/80/1528
f 68/81/68 59/82/59 1532/83/1532 1536/84/1536
f 53/69/53 52/77/52 59/82/59 60/85/60
f 54/70/54 53/69/53 60/85/60 61/86/61
f 55/71/55 54/70/54 61/86/61 62/87/62
f 56/72/56 55/71/55 62/87/62 63/88/63
f 57/73/57 56/72/56 63/88/63 64/78/64
f 51/76/51 50/75/50 1526/89/1526 1527/79/1527
f 62/87/62 61/86/61 70/90/70 71/91/71
f 63/88/63 62/87/62 71/91/71 72/92/72
f 64/78/64 63/88/63 72/92/72 73/93/73
f 66/94/66 67/95/67 1535/96/1535 1534/97/1534
f 119/19/119 64/78/64 73/93/73
f 58/98/58 65/99/65 1533/100/1533 1529/101/1529
f 59/82/59 52/77/52 1528/80/1528 1532/83/1532
f 60/85/60 59/82/59 68/81/68 69/102/69
f 61/86/61 60/85/60 69/102/69 70/90/70
f 67/95/67 66/94/66 75/103/75 76/104/76
f 68/81/68 67/95/67 76/104/76 77/105/77
f 69/102/69 68/81/68 77/105/77 78/106/78
f 70/90/70 69/102/69 78/106/78 79/107/79
f 71/91/71 70/90/70 79/107/79 80/108/80
f 72/92/72 71/91/71 80/108/80 81/109/81
f 73/93/73 72/92/72 81/109/81 82/110/82
f 66/94/66 65/99/65 74/111/74 75/103/75
f 119/19/119 73/93/73 82/110/82
f 80/108/80 79/107/79 88/112/88 89/113/89
f 81/109/81 80/108/80 89/113/89 90/114/90
f 82/110/82 81/109/81 90/114/90 91/115/91
f 75/103/75 74/111/74 83/116/83 84/117/84
f 119/19/119 82/110/82 91/115/91
f 76/104/76 75/103/75 84/117/84 85/118/85
f 77/105/77 76/104/76 85/118/85 86/119/86
f 78/106/78 77/105/77 86/119/86 87/120/87
f 79/107/79 78/106/78 87/120/87 88/112/88
f 86/119/86 85/118/85 94/121/94 95/122/95
f 87/120/87 86/119/86 95/122/95 96/123/96
f 88/112/88 87/120/87 96/123/96 97/124/97
f 89/113/89 88/112/88 97/124/97 98/125/98
f 90/114/90 89/113/89 98/125/98 99/126/99
f 91/115/91 90/114/90 99/126/99 100/127/100
f 84/117/84 83/116/83 92/128/92 93/129/93
f 119/19/119 91/115/91 100/127/100
f 85/118/85 84/117/84 93/129/93 94/121/94
f 99/126/99 98/125/98 107/130/107 108/131/108
f 100/127/100 99/126/99 108/131/108 109/132/109
f 93/129/93 92/128/92 101/133/101 102/134/102
f 119/19/119 100/127/100 109/132/109
f 94/121/94 93/129/93 102/134/102 103/135/103
f 95/122/95 94/121/94 103/135/103 104/136/104
f 96/123/96 95/122/95 104/136/104 105/137/105
f 97/124/97 96/123/96 105/137/105 106/138/106
f 98/125/98 97/124/97 106/138/106 107/130/107
f 105/137/105 104/136/104 113/139/113 114/140/114
f 106/138/106 105/137/105 114/140/114 115/141/115
f 107/130/107 106/138/106 115/141/115 116/142/116
f 108/131/108 107/130/107 116/142/116 117/143/117
f 109/132/109 108/131/108 117/143/117 118/144/118
f 102/134/102 101/133/101 110/145/110 111/146/111
f 119/19/119 109/132/109 118/144/118
f 103/135/103 102/134/102 111/146/111 112/147/112
f 104/136/104 103/135/103 112/147/112 113/139/113
f 118/144/118 117/143/117 127/148/127 128/149/128
f 111/146/111 110/145/110 120/150/120 121/151/121
f 119/19/119 118/144/118 128/149/128
f 112/147/112 111/146/111 121/151/121 122/152/122
f 113/139/113 112/147/112 122/152/122 123/153/123
f 114/140/114 113/139/113 123/153/123 124/154/124
f 115/141/115 114/140/114 124/154/124 125/155/125
f 115/141/115 125/155/125 1384/156/1384 1381/157/1381
f 143/158/143 152/159/152 1393/160/1393 1390/161/1390
f 124/154/124 123/153/123 132/162/132 133/163/133
f 125/155/125 124/154/124 133/163/133 134/164/134
f 154/165/154 145/166/145 1392/167/1392 1395/168/1395
f 116/142/116 115/141/115 1381/157/1381 1382/169/1382
f 128/149/128 127/148/127 136/170/136 137/171/137
f 121/151/121 120/150/120 129/172/129 130/173/130
f 119/19/119 128/149/128 137/171/137
f 122/152/122 121/151/121 130/173/130 131/174/131
f 123/153/123 122/152/122 131/174/131 132/162/132
f 137/171/137 136/170/136 145/166/145 146/175/146
f 130/173/130 129/172/129 138/176/138 139/177/139
f 119/19/119 137/171/137 146/175/146
f 131/174/131 130/173/130 139/177/139 140/178/140
f 132/162/132 131/174/131 140/178/140 141/179/141
f 133/163/133 132/162/132 141/179/141 142/180/142
f 134/164/134 133/163/133 142/180/142 143/158/143
f 125/155/125 134/164/134 1387/181/1387 1384/156/1384
f 127/148/127 117/143/117 1383/182/1383 1386/183/1386
f 143/158/143 142/180/142 151/184/151 152/159/152
f 153/185/153 154/165/154 1395/168/1395 1394/186/1394
f 145/166/145 136/170/136 1389/187/1389 1392/167/1392
f 146/175/146 145/166/145 154/165/154 155/188/155
f 139/177/139 138/176/138 147/189/147 148/190/148
f 119/19/119 146/175/146 155/188/155
f 140/178/140 139/177/139 148/190/148 149/191/149
f 141/179/141 140/178/140 149/191/149 150/192/150
f 142/180/142 141/179/141 150/192/150 151/184/151
f 148/190/148 147/189/147 156/193/156 157/194/157
f 119/19/119 155/188/155 164/195/164
f 149/191/149 148/190/148 157/194/157 158/196/158
f 150/192/150 149/191/149 158/196/158 159/197/159
f 151/184/151 150/192/150 159/197/159 160/198/160
f 152/159/152 151/184/151 160/198/160 161/199/161
f 153/185/153 152/159/152 161/199/161 162/200/162
f 154/165/154 153/185/153 162/200/162 163/201/163
f 155/188/155 154/165/154 163/201/163 164/195/164
f 161/199/161 160/198/160 169/202/169 170/203/170
f 162/200/162 161/199/161 170/203/170 171/204/171
f 163/201/163 162/200/162 171/204/171 172/205/172
f 164/195/164 163/201/163 172/205/172 173/206/173
f 157/194/157 156/193/156 165/207/165 166/208/166
f 119/19/119 164/195/164 173/206/173
f 158/196/158 157/194/157 166/208/166 167/209/167
f 159/197/159 158/196/158 167/209/167 168/210/168
f 160/198/160 159/197/159 168/210/168 169/202/169
f 119/19/119 173/206/173 182/211/182
f 167/209/167 166/208/166 175/212/175 176/213/176
f 168/210/168 167/209/167 176/213/176 177/214/177
f 169/202/169 168/210/168 177/214/177 178/215/178
f 170/203/170 169/202/169 178/215/178 179/216/179
f 171/204/171 170/203/170 179/216/179 180/217/180
f 172/205/172 171/204/171 180/217/180 181/218/181
f 173/206/173 172/205/172 181/218/181 182/211/182
f 166/208/166 165/207/165 174/219/174 175/212/175
f 180/217/180 179/216/179 188/220/188 189/221/189
f 181/218/181 180/217/180 189/221/189 190/222/190
f 182/211/182 181/218/181 190/222/190 191/223/191
f 175/212/175 174/219/174 183/224/183 184/225/184
f 119/19/119 182/211/182 191/223/191
f 176/213/176 175/212/175 184/225/184 185/226/185
f 177/214/177 176/213/176 185/226/185 186/227/186
f 178/215/178 177/214/177 186/227/186 187/228/187
f 179/216/179 178/215/178 187/228/187 188/220/188
f 186/227/186 185/226/185 194/229/194 195/230/195
f 187/228/187 186/227/186 195/230/195 196/231/196
f 188/220/188 187/228/187 196/231/196 197/232/197
f 189/221/189 188/220/188 197/232/197 198/233/198
f 190/222/190 189/221/189 198/233/198 199/234/199
f 191/223/191 190/222/190 199/234/199 200/235/200
f 184/225/184 183/224/183 192/236/192 193/237/193
f 119/19/119 191/223/191 200/235/200
f 185/226/185 184/225/184 193/237/193 194/229/194
f 199/234/199 198/233/198 207/238/207 208/239/208
f 200/235/200 199/234/199 208/239/208 209/240/209
f 193/237/193 192/236/192 201/241/201 202/242/202
f 119/19/119 200/235/200 209/240/209
f 194/229/194 193/237/193 202/242/202 203/243/203
f 195/230/195 194/229/194 203/243/203 204/244/204
f 196/231/196 195/230/195 204/244/204 205/245/205
f 197/232/197 196/231/196 205/245/205 206/246/206
f 198/233/198 197/232/197 206/246/206 207/238/207
f 204/244/204 203/243/203 212/247/212 213/248/213
f 205/245/205 204/244/204 213/248/213 214/249/214
f 206/246/206 205/245/205 214/249/214 215/250/215
f 207/238/207 206/246/206 215/250/215 216/251/216
f 208/239/208 207/238/207 216/251/216 217/252/217
f 209/240/209 208/239/208 217/252/217 218/253/218
f 202/242/202 201/241/201 210/254/210 211/255/211
f 119/19/119 209/240/209 218/253/218
f 203/243/203 202/242/202 211/255/211 212/247/212
f 217/252/217 216/251/216 225/256/225 226/257/226
f 218/253/218 217/252/217 226/257/226 227/258/227
f 211/255/211 210/254/210 219/259/219 220/260/220
f 119/19/119 218/253/218 227/258/227
f 212/247/212 211/255/211 220/260/220 221/261/221
f 213/248/213 212/247/212 221/261/221 222/262/222
f 214/249/214 213/248/213 222/262/222 223/263/223
f 215/250/215 214/249/214 223/263/223 224/264/224
f 216/251/216 215/250/215 224/264/224 225/256/225
f 223/263/223 222/262/222 231/265/231 232/266/232
f 224/264/224 223/263/223 232/266/232 233/267/233
f 225/256/225 224/264/224 233/267/233 234/268/234
f 226/257/226 225/256/225 234/268/234 235/269/235
f 227/258/227 226/257/226 235/269/235 236/270/236
f 220/260/220 219/259/219 228/271/228 229/272/229
f 119/19/119 227/258/227 236/270/236
f 221/261/221 220/260/220 229/272/229 230/273/230
f 222/262/222 221/261/221 230/273/230 231/265/231
f 236/270/236 235/269/235 244/274/244 245/275/245
f 229/272/229 228/271/228 237/276/237 238/277/238
f 119/19/119 236/270/236 245/275/245
f 230/273/230 229/272/229 238/277/238 239/278/239
f 231/265/231 230/273/230 239/278/239 240/279/240
f 232/266/232 231/265/231 240/279/240 241/280/241
f 233/267/233 232/266/232 241/280/241 242/281/242
f 234/268/234 233/267/233 242/281/242 243/282/243
f 235/269/235 234/268/234 243/282/243 244/274/244
f 241/280/241 240/279/240 249/283/249 250/284/250
f 242/281/242 241/280/241 250/284/250 251/285/251
f 243/282/243 242/281/242 251/285/251 252/286/252
f 244/274/244 243/282/243 252/286/252 253/287/253
f 192/236/192 183/224/183 438/288/438 445/289/445
f 245/275/245 244/274/244 253/287/253 254/290/254
f 238/277/238 237/276/237 246/291/246 247/292/247
f 92/128/92 83/116/83 360/293/360 367/294/367
f 119/19/119 245/275/245 254/290/254
f 239/278/239 238/277/238 247/292/247 248/295/248
f 264/296/264 255/297/255 494/298/494 501/299/501
f 240/279/240 239/278/239 248/295/248 249/283/249
f 237/276/237 228/271/228 473/300/473 480/301/480
f 254/290/254 253/287/253 262/302/262 263/303/263
f 247/292/247 246/291/246 255/297/255 256/304/256
f 49/74/49 40/60/40 325/305/325 332/306/332
f 119/19/119 254/290/254 263/303/263
f 248/295/248 247/292/247 256/304/256 257/307/257
f 174/219/174 165/207/165 423/308/423 431/309/431
f 249/283/249 248/295/248 257/307/257 258/310/258
f 1/16/1 273/311/273 508/312/508 290/313/290
f 250/284/250 249/283/249 258/310/258 259/314/259
f 147/189/147 138/176/138 402/315/402 409/316/409
f 251/285/251 250/284/250 259/314/259 260/317/260
f 74/111/74 65/99/65 346/318/346 353/319/353
f 252/286/252 251/285/251 260/317/260 261/320/261
f 246/291/246 237/276/237 480/301/480 487/321/487
f 253/287/253 252/286/252 261/320/261 262/302/262
f 219/259/219 210/254/210 459/322/459 466/323/466
f 260/317/260 259/314/259 268/28/268 269/35/269
f 120/150/120 110/145/110 381/324/381 388/325/388
f 261/320/261 260/317/260 269/35/269 270/32/270
f 273/311/273 264/296/264 501/299/501 508/312/508
f 262/302/262 261/320/261 270/32/270 271/12/271
f 31/56/31 22/44/22 311/326/311 318/327/318
f 263/303/263 262/302/262 271/12/271 272/11/272
f 256/304/256 255/297/255 264/296/264 265/328/265
f 201/241/201 192/236/192 445/289/445 452/329/452
f 119/19/119 263/303/263 272/11/272
f 257/307/257 256/304/256 265/328/265 266/330/266
f 129/172/129 120/150/120 388/325/388 395/331/395
f 258/310/258 257/307/257 266/330/266 267/332/267
f 58/98/58 49/74/49 332/306/332 339/333/339
f 259/314/259 258/310/258 267/332/267 268/28/268
f 228/271/228 219/259/219 466/323/466 473/300/473
f 255/297/255 246/291/246 487/321/487 494/298/494
f 119/19/119 272/11/272 279/2/279
f 266/330/266 265/328/265 274/334/274 275/335/275
f 101/133/101 92/128/92 367/294/367 374/336/374
f 267/332/267 266/330/266 275/335/275 276/337/276
f 156/193/156 147/189/147 409/316/409 416/338/416
f 268/28/268 267/332/267 276/337/276 277/29/277
f 83/116/83 74/111/74 353/319/353 360/293/360
f 9/26/9 17/9/17 1447/10/1447 1441/339/1441
f 13/37/13 5/17/5 297/340/297 304/341/304
f 269/35/269 268/28/268 1452/31/1452 1453/36/1453
f 183/224/183 174/219/174 431/309/431 438/288/438
f 277/29/277 281/25/281 1462/342/1462 1457/30/1457
f 110/145/110 101/133/101 374/336/374 381/324/381
f 20/41/20 21/39/21 1451/343/1451 1450/344/1450
f 265/328/265 264/296/264 273/311/273 274/334/274
f 138/176/138 129/172/129 395/331/395 402/315/402
f 281/25/281 9/26/9 1441/339/1441 1462/342/1462
f 210/254/210 201/241/201 452/329/452 459/322/459
f 21/39/21 12/20/12 1445/34/1445 1451/343/1451
f 40/60/40 31/56/31 318/327/318 325/305/325
f 279/2/279 272/11/272 1456/14/1456 1461/3/1461
f 274/334/274 273/311/273 1/16/1 2/15/2
f 5/17/5 1/16/1 290/313/290 297/340/297
f 119/19/119 279/2/279 283/1/283
f 275/335/275 274/334/274 2/15/2 3/21/3
f 65/99/65 58/98/58 339/333/339 346/318/346
f 276/337/276 275/335/275 3/21/3 280/23/280
f 22/44/22 13/37/13 304/341/304 311/326/311
f 277/29/277 276/337/276 280/23/280 281/25/281
f 165/207/165 156/193/156 416/338/416 423/308/423
f 19/6/19 20/41/20 1450/344/1450 1449/7/1449
f 714/345/714 721/346/721 1197/347/1197 1198/348/1198
f 707/349/707 706/350/706 713/351/713 714/345/714
f 706/350/706 284/352/284 712/353/712 713/351/713
f 685/354/685 678/355/678 1208/356/1208 1207/357/1207
f 289/358/289 291/359/291 706/350/706 707/349/707
f 291/359/291 292/360/292 284/352/284 706/350/706
f 292/360/292 293/361/293 285/362/285 284/352/284
f 293/361/293 294/363/294 286/364/286 285/362/285
f 294/363/294 344/365/344 286/364/286
f 722/366/722 723/367/723 1200/368/1200 1195/369/1195
f 301/370/301 302/371/302 294/363/294 293/361/293
f 302/371/302 344/365/344 294/363/294
f 295/372/295 296/373/296 288/374/288 287/375/287
f 296/373/296 298/376/298 289/358/289 288/374/288
f 298/376/298 299/377/299 291/359/291 289/358/289
f 299/377/299 300/378/300 292/360/292 291/359/291
f 300/378/300 301/370/301 293/361/293 292/360/292
f 305/379/305 306/380/306 298/376/298 296/373/296
f 306/380/306 307/381/307 299/377/299 298/376/298
f 307/381/307 308/382/308 300/378/300 299/377/299
f 308/382/308 309/383/309 301/370/301 300/378/300
f 309/383/309 310/384/310 302/371/302 301/370/301
f 310/384/310 344/365/344 302/371/302
f 303/385/303 305/379/305 296/373/296 295/372/295
f 317/386/317 319/387/319 310/384/310 309/383/309
f 319/387/319 344/365/344 310/384/310
f 312/388/312 313/389/313 305/379/305 303/385/303
f 313/390/313 314/391/314 306/392/306 305/393/305
f 314/394/314 315/395/315 307/381/307 306/380/306
f 315/395/315 316/396/316 308/382/308 307/381/307
f 316/396/316 317/386/317 309/383/309 308/382/308
f 322/397/322 323/398/323 315/395/315 314/394/314
f 323/398/323 324/399/324 316/396/316 315/395/315
f 324/399/324 326/400/326 317/386/317 316/396/316
f 326/400/326 327/401/327 319/387/319 317/386/317
f 327/401/327 344/365/344 319/387/319
f 320/402/320 321/403/321 313/389/313 312/388/312
f 321/390/321 322/391/322 314/392/314 313/393/313
f 335/404/335 344/365/344 327/401/327
f 627/405/627 354/406/354 1300/407/1300 1304/408/1304
f 354/406/354 355/409/355 1301/410/1301 1300/407/1300
f 330/411/330 331/412/331 323/398/323 322/397/322
f 331/412/331 333/413/333 324/399/324 323/398/323
f 333/413/333 334/414/334 326/400/326 324/399/324
f 334/414/334 335/404/335 327/401/327 326/400/326
f 338/415/338 340/416/340 331/412/331 330/411/330
f 340/416/340 341/417/341 333/413/333 331/412/331
f 341/417/341 342/418/342 334/414/334 333/413/333
f 342/418/342 343/419/343 335/404/335 334/414/334
f 343/419/343 344/365/344 335/404/335
f 356/420/356 348/421/348 1299/422/1299 1302/423/1302
f 338/415/338 330/411/330 1293/424/1293 1295/425/1295
f 352/426/352 344/365/344 343/419/343
f 320/402/320 654/427/654 1307/428/1307 1288/429/1288
f 330/411/330 322/397/322 1292/430/1292 1293/424/1293
f 348/421/348 349/431/349 340/416/340 338/415/338
f 349/431/349 350/432/350 341/417/341 340/416/340
f 350/432/350 351/433/351 342/418/342 341/417/341
f 351/433/351 352/426/352 343/419/343 342/418/342
f 357/434/357 358/435/358 350/432/350 349/431/349
f 358/435/358 359/436/359 351/433/351 350/432/350
f 359/436/359 361/437/361 352/426/352 351/433/351
f 361/437/361 344/365/344 352/426/352
f 322/397/322 321/403/321 1290/438/1290 1292/430/1292
f 640/439/640 634/440/634 1303/441/1303 1305/442/1305
f 356/420/356 357/434/357 349/431/349 348/421/348
f 362/443/362 363/444/363 355/409/355 354/406/354
f 363/444/363 364/445/364 356/420/356 355/409/355
f 364/445/364 365/446/365 357/434/357 356/420/356
f 844/447/844 843/448/843 1660/449/1641 1679/450/1658 1668/451/1649
f 366/452/366 368/453/368 359/436/359 358/435/358
f 368/453/368 369/454/369 361/437/361 359/436/359
f 369/454/369 344/365/344 361/437/361
f 375/455/375 376/456/376 368/453/368 366/452/366
f 376/456/376 377/457/377 369/454/369 368/453/368
f 377/457/377 344/365/344 369/454/369
f 370/458/370 371/459/371 363/444/363 362/443/362
f 371/459/371 372/460/372 364/445/364 363/444/363
f 372/460/372 373/461/373 365/446/365 364/445/364
f 373/461/373 375/455/375 366/452/366 365/446/365
f 378/462/378 379/463/379 371/459/371 370/458/370
f 379/463/379 380/464/380 372/460/372 371/459/371
f 380/464/380 382/465/382 373/461/373 372/460/372
f 382/465/382 383/466/383 375/455/375 373/461/373
f 383/466/383 384/467/384 376/456/376 375/455/375
f 384/467/384 385/468/385 377/457/377 376/456/376
f 385/468/385 344/365/344 377/457/377
f 391/469/391 392/470/392 384/467/384 383/466/383
f 392/470/392 393/471/393 385/468/385 384/467/384
f 393/471/393 344/365/344 385/468/385
f 386/472/386 387/473/387 379/463/379 378/462/378
f 387/473/387 389/474/389 380/464/380 379/463/379
f 389/474/389 390/475/390 382/465/382 380/464/380
f 390/475/390 391/469/391 383/466/383 382/465/382
f 396/476/396 397/477/397 389/474/389 387/473/387
f 397/477/397 398/478/398 390/475/390 389/474/389
f 398/478/398 399/479/399 391/469/391 390/475/390
f 399/479/399 400/480/400 392/470/392 391/469/391
f 400/480/400 401/481/401 393/471/393 392/470/392
f 401/481/401 344/365/344 393/471/393
f 394/482/394 396/476/396 387/473/387 386/472/386
f 408/483/408 410/484/410 401/481/401 400/480/400
f 410/484/410 344/365/344 401/481/401
f 403/485/403 404/486/404 396/476/396 394/482/394
f 404/486/404 405/487/405 397/477/397 396/476/396
f 405/487/405 406/488/406 398/478/398 397/477/397
f 406/488/406 407/489/407 399/479/399 398/478/398
f 407/489/407 408/483/408 400/480/400 399/479/399
f 412/490/412 413/491/413 405/487/405 404/486/404
f 413/491/413 414/492/414 406/488/406 405/487/405
f 414/492/414 415/493/415 407/489/407 406/488/406
f 415/493/415 417/494/417 408/483/408 407/489/407
f 417/494/417 418/495/418 410/484/410 408/483/408
f 418/495/418 344/365/344 410/484/410
f 411/496/411 412/490/412 404/486/404 403/485/403
f 425/497/425 426/498/426 418/495/418 417/494/417
f 426/498/426 344/365/344 418/495/418
f 419/499/419 420/500/420 412/490/412 411/496/411
f 420/500/420 421/501/421 413/491/413 412/490/412
f 421/501/421 422/502/422 414/492/414 413/491/413
f 422/502/422 424/503/424 415/493/415 414/492/414
f 424/503/424 425/497/425 417/494/417 415/493/415
f 429/504/429 430/505/430 422/502/422 421/501/421
f 430/505/430 432/506/432 424/503/424 422/502/422
f 432/506/432 433/507/433 425/497/425 424/503/424
f 433/507/433 434/508/434 426/498/426 425/497/425
f 434/508/434 344/365/344 426/498/426
f 427/509/427 428/510/428 420/500/420 419/499/419
f 428/510/428 429/504/429 421/501/421 420/500/420
f 442/511/442 344/365/344 434/508/434
f 435/512/435 436/513/436 428/510/428 427/509/427
f 436/513/436 437/514/437 429/504/429 428/510/428
f 437/514/437 439/515/439 430/505/430 429/504/429
f 439/515/439 440/516/440 432/506/432 430/505/430
f 440/516/440 441/517/441 433/507/433 432/506/432
f 441/517/441 442/511/442 434/508/434 433/507/433
f 447/518/447 448/519/448 440/516/440 439/515/439
f 448/519/448 449/520/449 441/517/441 440/516/440
f 449/520/449 450/521/450 442/511/442 441/517/441
f 450/521/450 344/365/344 442/511/442
f 443/522/443 444/523/444 436/513/436 435/512/435
f 444/523/444 446/524/446 437/514/437 436/513/436
f 446/524/446 447/518/447 439/515/439 437/514/437
f 451/525/451 453/526/453 444/523/444 443/522/443
f 453/526/453 454/527/454 446/524/446 444/523/444
f 454/527/454 455/528/455 447/518/447 446/524/446
f 455/528/455 456/529/456 448/519/448 447/518/447
f 456/529/456 457/530/457 449/520/449 448/519/448
f 457/530/457 458/531/458 450/521/450 449/520/449
f 458/531/458 344/365/344 450/521/450
f 463/532/463 464/533/464 456/529/456 455/528/455
f 464/533/464 465/534/465 457/530/457 456/529/456
f 465/534/465 467/535/467 458/531/458 457/530/457
f 467/535/467 344/365/344 458/531/458
f 460/536/460 461/537/461 453/526/453 451/525/451
f 461/537/461 462/538/462 454/527/454 453/526/453
f 462/538/462 463/532/463 455/528/455 454/527/454
f 468/539/468 469/540/469 461/537/461 460/536/460
f 469/540/469 470/541/470 462/538/462 461/537/461
f 470/541/470 471/542/471 463/532/463 462/538/462
f 471/542/471 472/543/472 464/533/464 463/532/463
f 472/543/472 474/544/474 465/534/465 464/533/464
f 474/544/474 475/545/475 467/535/467 465/534/465
f 475/545/475 344/365/344 467/535/467
f 481/546/481 482/547/482 474/544/474 472/543/472
f 482/547/482 483/548/483 475/545/475 474/544/474
f 483/548/483 344/365/344 475/545/475
f 476/549/476 477/550/477 469/540/469 468/539/468
f 477/550/477 478/551/478 470/541/470 469/540/469
f 478/551/478 479/552/479 471/542/471 470/541/470
f 479/552/479 481/546/481 472/543/472 471/542/471
f 484/553/484 485/554/485 477/550/477 476/549/476
f 485/554/485 486/555/486 478/551/478 477/550/477
f 486/555/486 488/556/488 479/552/479 478/551/478
f 488/556/488 489/557/489 481/546/481 479/552/479
f 489/557/489 490/558/490 482/547/482 481/546/481
f 490/558/490 491/559/491 483/548/483 482/547/482
f 491/559/491 344/365/344 483/548/483
f 497/560/497 498/561/498 490/558/490 489/557/489
f 498/561/498 499/562/499 491/559/491 490/558/490
f 499/562/499 344/365/344 491/559/491
f 492/563/492 493/564/493 485/554/485 484/553/484
f 493/564/493 495/565/495 486/555/486 485/554/485
f 495/565/495 496/566/496 488/556/488 486/555/486
f 496/566/496 497/560/497 489/557/489 488/556/488
f 504/567/504 505/568/505 497/560/497 496/566/496
f 505/568/505 506/569/506 498/561/498 497/560/497
f 506/569/506 507/570/507 499/562/499 498/561/498
f 507/570/507 344/365/344 499/562/499
f 500/571/500 502/572/502 493/564/493 492/563/492
f 502/572/502 503/573/503 495/565/495 493/564/493
f 503/573/503 504/567/504 496/566/496 495/565/495
f 416/338/416 409/316/409 621/574/621 627/405/627
f 501/299/501 494/298/494 694/575/694 700/576/700
f 466/323/466 459/322/459 666/577/666 673/578/673
f 480/301/480 473/300/473 678/355/678 685/354/685
f 304/341/304 297/340/297 520/579/520 527/580/527
f 339/333/339 332/306/332 551/581/551 558/582/558
f 494/298/494 487/321/487 691/583/691 694/575/694
f 290/313/290 508/312/508 705/584/705 514/585/514
f 297/340/297 290/313/290 514/585/514 520/579/520
f 318/327/318 311/326/311 532/586/532 539/587/539
f 353/319/353 346/318/346 565/588/565 570/589/570
f 332/306/332 325/305/325 546/590/546 551/581/551
f 367/294/367 360/293/360 577/591/577 584/592/584
f 346/318/346 339/333/339 558/582/558 565/588/565
f 381/324/381 374/336/374 589/593/589 596/594/596
f 431/309/431 423/308/423 634/440/634 640/439/640
f 311/326/311 304/341/304 527/580/527 532/586/532
f 445/289/445 438/288/438 647/595/647 654/427/654
f 325/305/325 318/327/318 539/587/539 546/590/546
f 360/293/360 353/319/353 570/589/570 577/591/577
f 395/331/395 388/325/388 603/596/603 608/597/608
f 409/316/409 402/315/402 615/598/615 621/574/621
f 459/322/459 452/329/452 659/599/659 666/577/666
f 473/300/473 466/323/466 673/578/673 678/355/678
f 423/308/423 416/338/416 627/405/627 634/440/634
f 374/336/374 367/294/367 584/592/584 589/593/589
f 438/288/438 431/309/431 640/439/640 647/595/647
f 508/312/508 501/299/501 700/576/700 705/584/705
f 388/325/388 381/324/381 596/594/596 603/596/603
f 452/329/452 445/289/445 654/427/654 659/599/659
f 487/321/487 480/301/480 685/354/685 691/583/691
f 402/315/402 395/331/395 608/597/608 615/598/615
f 510/600/510 509/601/509 748/602/748 749/603/749
f 743/604/743 744/605/744 759/606/759 758/607/758
f 509/601/509 738/608/738 753/609/753 748/602/748
f 744/605/744 745/610/745 760/611/760 759/606/759
f 738/608/738 739/612/739 754/613/754 753/609/753
f 1039/614/1039 513/615/513 752/616/752
f 745/610/745 746/617/746 761/618/761 760/611/760
f 739/612/739 740/619/740 755/620/755 754/613/754
f 513/615/513 512/621/512 751/622/751 752/616/752
f 746/617/746 747/623/747 762/624/762 761/618/761
f 740/619/740 741/625/741 756/626/756 755/620/755
f 747/623/747 928/627/928 762/624/762
f 741/625/741 742/628/742 757/629/757 756/626/756
f 512/621/512 511/630/511 750/631/750 751/622/751
f 511/630/511 510/600/510 749/603/749 750/631/750
f 742/628/742 743/604/743 758/607/758 757/629/757
f 528/632/528 529/633/529 745/610/745 744/605/744
f 526/634/526 528/632/528 744/605/744 743/604/743
f 518/635/518 519/636/519 509/601/509 510/600/510
f 525/637/525 526/634/526 743/604/743 742/628/742
f 517/638/517 518/635/518 510/600/510 511/630/511
f 524/639/524 525/637/525 742/628/742 741/625/741
f 516/640/516 517/638/517 511/630/511 512/621/512
f 523/641/523 524/639/524 741/625/741 740/619/740
f 531/642/531 928/627/928 747/623/747
f 515/643/515 516/640/516 512/621/512 513/615/513
f 522/644/522 523/641/523 740/619/740 739/612/739
f 530/645/530 531/642/531 747/623/747 746/617/746
f 1039/614/1039 515/643/515 513/615/513
f 521/646/521 522/644/522 739/612/739 738/608/738
f 529/633/529 530/645/530 746/617/746 745/610/745
f 519/636/519 521/646/521 738/608/738 509/601/509
f 548/647/548 547/648/547 517/638/517 516/640/516
f 533/649/533 928/627/928 531/642/531
f 540/650/540 538/651/538 525/637/525 524/639/524
f 547/648/547 545/652/545 518/635/518 517/638/517
f 538/651/538 537/653/537 526/634/526 525/637/525
f 545/652/545 544/654/544 519/636/519 518/635/518
f 537/653/537 536/655/536 528/632/528 526/634/526
f 536/655/536 535/656/535 529/633/529 528/632/528
f 544/654/544 543/657/543 521/646/521 519/636/519
f 535/656/535 534/658/534 530/645/530 529/633/529
f 543/657/543 542/659/542 522/644/522 521/646/521
f 1039/614/1039 549/660/549 515/643/515
f 542/659/542 541/661/541 523/641/523 522/644/522
f 549/660/549 548/647/548 516/640/516 515/643/515
f 534/658/534 533/649/533 531/642/531 530/645/530
f 541/661/541 540/650/540 524/639/524 523/641/523
f 567/662/567 928/627/928 533/649/533
f 557/663/557 559/664/559 541/661/541 542/659/542
f 566/665/566 567/662/567 533/649/533 534/658/534
f 1039/614/1039 550/666/550 549/660/549
f 556/667/556 557/663/557 542/659/542 543/657/543
f 564/668/564 566/665/566 534/658/534 535/656/535
f 555/669/555 556/667/556 543/657/543 544/654/544
f 563/670/563 564/668/564 535/656/535 536/655/536
f 554/671/554 555/669/555 544/654/544 545/652/545
f 562/672/562 563/670/563 536/655/536 537/653/537
f 553/673/553 554/671/554 545/652/545 547/648/547
f 561/674/561 562/672/562 537/653/537 538/651/538
f 552/675/552 553/673/553 547/648/547 548/647/548
f 560/676/560 561/674/561 538/651/538 540/650/540
f 550/666/550 552/675/552 548/647/548 549/660/549
f 559/664/559 560/676/560 540/650/540 541/661/541
f 1039/614/1039 585/677/585 550/666/550
f 571/678/571 569/679/569 566/665/566 564/668/564
f 578/680/578 576/681/576 559/664/559 557/663/557
f 585/677/585 583/682/583 552/675/552 550/666/550
f 569/679/569 568/683/568 567/662/567 566/665/566
f 576/681/576 575/684/575 560/676/560 559/664/559
f 568/683/568 928/627/928 567/662/567
f 583/682/583 582/685/582 553/673/553 552/675/552
f 575/684/575 574/686/574 561/674/561 560/676/560
f 582/685/582 581/687/581 554/671/554 553/673/553
f 574/686/574 573/688/573 562/672/562 561/674/561
f 581/687/581 580/689/580 555/669/555 554/671/554
f 573/688/573 572/690/572 563/670/563 562/672/562
f 580/689/580 579/691/579 556/667/556 555/669/555
f 572/690/572 571/678/571 564/668/564 563/670/563
f 579/691/579 578/680/578 557/663/557 556/667/556
f 588/692/588 590/693/590 581/687/581 582/685/582
f 595/694/595 597/695/597 574/686/574 575/684/575
f 587/696/587 588/692/588 582/685/582 583/682/583
f 594/697/594 595/694/595 575/684/575 576/681/576
f 602/698/602 928/627/928 568/683/568
f 586/699/586 587/696/587 583/682/583 585/677/585
f 593/700/593 594/697/594 576/681/576 578/680/578
f 601/701/601 602/698/602 568/683/568 569/679/569
f 1039/614/1039 586/699/586 585/677/585
f 592/702/592 593/700/593 578/680/578 579/691/579
f 600/703/600 601/701/601 569/679/569 571/678/571
f 591/704/591 592/702/592 579/691/579 580/689/580
f 599/705/599 600/703/600 571/678/571 572/690/572
f 598/706/598 599/705/599 572/690/572 573/688/573
f 590/693/590 591/704/591 580/689/580 581/687/581
f 597/695/597 598/706/598 573/688/573 574/686/574
f 609/707/609 607/708/607 599/705/599 598/706/598
f 607/708/607 606/709/606 600/703/600 599/705/599
f 616/710/616 614/711/614 592/702/592 591/704/591
f 606/709/606 605/712/605 601/701/601 600/703/600
f 614/711/614 613/713/613 593/700/593 592/702/592
f 1039/614/1039 620/714/620 586/699/586
f 605/712/605 604/715/604 602/698/602 601/701/601
f 613/713/613 612/716/612 594/697/594 593/700/593
f 620/714/620 619/717/619 587/696/587 586/699/586
f 604/715/604 928/627/928 602/698/602
f 612/716/612 611/718/611 595/694/595 594/697/594
f 619/717/619 618/719/618 588/692/588 587/696/587
f 611/718/611 610/720/610 597/695/597 595/694/595
f 618/719/618 617/721/617 590/693/590 588/692/588
f 610/720/610 609/707/609 598/706/598 597/695/597
f 617/721/617 616/710/616 591/704/591 590/693/590
f 626/722/626 628/723/628 614/711/614 616/710/616
f 635/724/635 636/725/636 606/709/606 607/708/607
f 625/726/625 626/722/626 616/710/616 617/721/617
f 633/727/633 635/724/635 607/708/607 609/707/609
f 624/728/624 625/726/625 617/721/617 618/719/618
f 632/729/632 633/727/633 609/707/609 610/720/610
f 623/730/623 624/728/624 618/719/618 619/717/619
f 631/731/631 632/729/632 610/720/610 611/718/611
f 630/732/630 631/731/631 611/718/611 612/716/612
f 638/733/638 928/627/928 604/715/604
f 622/734/622 623/730/623 619/717/619 620/714/620
f 629/735/629 630/732/630 612/716/612 613/713/613
f 637/736/637 638/733/638 604/715/604 605/712/605
f 1039/614/1039 622/734/622 620/714/620
f 628/723/628 629/735/629 613/713/613 614/711/614
f 636/725/636 637/736/637 605/712/605 606/709/606
f 648/737/648 646/738/646 631/731/631 630/732/630
f 655/739/655 653/740/653 624/728/624 623/730/623
f 646/738/646 645/741/645 632/729/632 631/731/631
f 653/740/653 652/742/652 625/726/625 624/728/624
f 645/741/645 644/743/644 633/727/633 632/729/632
f 652/742/652 651/744/651 626/722/626 625/726/625
f 680/745/680 701/746/701 1151/747/1151 1146/748/1146
f 651/744/651 650/749/650 628/723/628 626/722/626
f 636/725/636 635/724/635 1034/750/1034 695/751/695
f 650/749/650 649/752/649 629/735/629 628/723/628
f 1039/614/1039 656/753/656 622/734/622
f 642/754/642 641/755/641 637/736/637 636/725/636
f 649/752/649 648/737/648 630/732/630 629/735/629
f 641/755/641 639/756/639 638/733/638 637/736/637
f 656/753/656 655/739/655 623/730/623 622/734/622
f 639/756/639 928/627/928 638/733/638
f 664/757/664 665/758/665 648/737/648 649/752/649
f 672/759/672 674/760/674 639/756/639 641/755/641
f 1039/614/1039 657/761/657 656/753/656
f 663/762/663 664/757/664 649/752/649 650/749/650
f 671/763/671 672/759/672 641/755/641 642/754/642
f 669/764/669 680/745/680 1146/748/1146 686/765/686
f 662/766/662 663/762/663 650/749/650 651/744/651
f 701/746/701 1045/767/1045 1153/768/1153 1151/747/1151
f 661/769/661 662/766/662 651/744/651 652/742/652
f 668/770/668 669/764/669 644/743/644 645/741/645
f 660/771/660 661/769/661 652/742/652 653/740/653
f 667/772/667 668/770/668 645/741/645 646/738/646
f 658/773/658 660/771/660 653/740/653 655/739/655
f 665/758/665 667/772/667 646/738/646 648/737/648
f 674/760/674 928/627/928 639/756/639
f 657/761/657 658/773/658 655/739/655 656/753/656
f 1039/614/1039 690/777/690 657/761/657
f 676/778/676 675/779/675 674/760/674 672/759/672
f 684/780/684 683/781/683 665/758/665 664/757/664
f 690/777/690 689/782/689 658/773/658 657/761/657
f 675/779/675 928/627/928 674/760/674
f 683/781/683 682/783/682 667/772/667 665/758/665
f 689/782/689 688/784/688 660/771/660 658/773/658
f 682/783/682 681/785/681 668/770/668 667/772/667
f 661/769/661 660/771/660 823/786/823 809/787/809
f 681/785/681 680/745/680 669/764/669 668/770/668
f 677/788/677 671/763/671 687/789/687 1148/790/1148
f 688/784/688 692/791/692 1135/792/1135 813/793/813
f 635/724/635 633/727/633 1040/794/1040 1034/750/1034
f 696/795/696 684/780/684 824/796/824 1131/797/1131
f 677/788/677 676/778/676 672/759/672 671/763/671
f 696/795/696 697/798/697 683/781/683 684/780/684
f 703/799/703 1052/800/1052 676/778/676 677/788/677
f 1021/801/1021 1020/802/1020 1139/803/1139 1140/804/1140
f 671/763/671 642/754/642 693/805/693 687/789/687
f 684/780/684 664/757/664 828/806/828 824/796/824
f 633/727/633 644/743/644 1035/807/1035 1040/794/1040
f 664/757/664 663/762/663 794/808/794 828/806/828
f 1020/809/1020 1019/810/1019 1138/811/1138 1139/812/1139
f 699/813/699 701/746/701 680/745/680 681/785/681
f 1050/814/1050 692/791/692 688/784/688 689/782/689
f 698/815/698 699/813/699 681/785/681 682/783/682
f 704/816/704 928/627/928 675/779/675
f 1051/817/1051 1050/814/1050 689/782/689 690/777/690
f 697/798/697 698/815/698 682/783/682 683/781/683
f 1052/800/1052 704/816/704 675/779/675 676/778/676
f 1039/614/1039 1051/817/1051 690/777/690
f 551/581/551 546/590/546 460/536/460 451/525/451
f 584/592/584 577/591/577 419/499/419 411/496/411
f 565/588/565 558/582/558 443/522/443 435/512/435
f 596/594/596 589/593/589 403/485/403 394/482/394
f 654/427/654 647/595/647 1306/818/1306 1307/428/1307
f 532/586/532 527/580/527 484/553/484 476/549/476
f 634/440/634 627/405/627 1304/408/1304 1303/441/1303
f 608/597/608 603/596/603 386/472/386 378/462/378
f 546/590/546 539/587/539 468/539/468 460/536/460
f 577/591/577 570/589/570 427/509/427 419/499/419
f 621/574/621 615/598/615 370/458/370 362/443/362
f 666/577/666 659/599/659 312/388/312 303/385/303
f 678/355/678 673/578/673 295/372/295 287/375/287
f 647/595/647 640/439/640 1305/442/1305 1306/818/1306
f 589/593/589 584/592/584 411/496/411 403/485/403
f 348/421/348 338/415/338 1295/425/1295 1299/422/1299
f 705/584/705 700/576/700 730/819/730 737/820/737
f 603/596/603 596/594/596 394/482/394 386/472/386
f 659/599/659 654/427/654 320/402/320 312/388/312
f 694/575/694 691/583/691 1209/821/1209 1210/822/1210
f 615/598/615 608/597/608 378/462/378 370/458/370
f 627/405/627 621/574/621 362/443/362 354/406/354
f 700/576/700 694/575/694 723/367/723 730/819/730
f 673/578/673 666/577/666 303/385/303 295/372/295
f 691/583/691 685/354/685 1207/357/1207 1209/821/1209
f 527/580/527 520/579/520 492/563/492 484/553/484
f 558/582/558 551/581/551 451/525/451 443/522/443
f 289/358/289 707/349/707 1203/823/1203 1204/824/1204
f 514/585/514 705/584/705 737/820/737 500/571/500
f 520/579/520 514/585/514 500/571/500 492/563/492
f 539/587/539 532/586/532 476/549/476 468/539/468
f 570/589/570 565/588/565 435/512/435 427/509/427
f 288/390/288 289/391/289 1204/392/1204 1205/393/1205
f 286/364/286 344/365/344 710/825/710
f 285/362/285 286/364/286 710/825/710 711/826/711
f 284/352/284 285/362/285 711/826/711 712/353/712
f 710/825/710 344/365/344 717/827/717
f 711/826/711 710/825/710 717/827/717 718/828/718
f 712/353/712 711/826/711 718/828/718 719/829/719
f 713/351/713 712/353/712 719/829/719 720/830/720
f 714/345/714 713/351/713 720/830/720 721/346/721
f 723/367/723 694/575/694 1210/822/1210 1200/368/1200
f 678/355/678 287/375/287 1206/831/1206 1208/356/1208
f 721/346/721 720/830/720 727/832/727 728/833/728
f 722/366/722 721/346/721 728/833/728 729/834/729
f 723/367/723 722/366/722 729/834/729 730/819/730
f 717/827/717 344/365/344 724/835/724
f 718/828/718 717/827/717 724/835/724 725/836/725
f 719/829/719 718/828/718 725/836/725 726/837/726
f 720/830/720 719/829/719 726/837/726 727/832/727
f 724/835/724 344/365/344 731/838/731
f 725/836/725 724/835/724 731/838/731 732/839/732
f 726/837/726 725/836/725 732/839/732 733/840/733
f 727/832/727 726/837/726 733/840/733 734/841/734
f 728/833/728 727/832/727 734/841/734 735/842/735
f 729/834/729 728/833/728 735/842/735 736/843/736
f 730/819/730 729/834/729 736/843/736 737/820/737
f 735/842/735 734/841/734 504/567/504 503/573/503
f 736/843/736 735/842/735 503/573/503 502/572/502
f 737/820/737 736/843/736 502/572/502 500/571/500
f 731/838/731 344/365/344 507/570/507
f 732/839/732 731/838/731 507/570/507 506/569/506
f 733/840/733 732/839/732 506/569/506 505/568/505
f 734/841/734 733/840/733 505/568/505 504/567/504
f 748/602/748 753/609/753 768/844/768 763/845/763
f 749/603/749 748/602/748 763/845/763 764/846/764
f 758/607/758 759/606/759 774/847/774 773/848/773
f 750/631/750 749/603/749 764/846/764 765/849/765
f 759/606/759 760/611/760 775/850/775 774/847/774
f 757/629/757 758/607/758 773/848/773 772/851/772
f 751/622/751 750/631/750 765/849/765 766/852/766
f 760/611/760 761/618/761 776/853/776 775/850/775
f 756/626/756 757/629/757 772/851/772 771/854/771
f 752/616/752 751/622/751 766/852/766 767/855/767
f 761/618/761 762/624/762 777/856/777 776/853/776
f 755/620/755 756/626/756 771/854/771 770/857/770
f 1039/614/1039 752/616/752 767/855/767
f 762/624/762 928/627/928 777/856/777
f 754/613/754 755/620/755 770/857/770 769/858/769
f 753/609/753 754/613/754 769/858/769 768/844/768
f 771/854/771 772/851/772 787/859/787 786/860/786
f 767/855/767 766/852/766 781/861/781 782/862/782
f 770/857/770 771/854/771 786/860/786 785/863/785
f 788/864/788 773/848/773 1054/865/1054 1057/866/1057
f 1039/614/1039 767/855/767 782/862/782
f 769/858/769 770/857/770 785/863/785 784/867/784
f 834/868/834 833/869/833 1066/870/1066 1065/871/1065
f 768/844/768 769/858/769 784/867/784 783/872/783
f 775/850/775 776/853/776 791/873/791 790/874/790
f 763/845/763 768/844/768 783/872/783 778/875/778
f 776/853/776 777/856/777 792/876/792 791/873/791
f 764/846/764 763/845/763 778/875/778 779/877/779
f 777/856/777 928/627/928 792/876/792
f 765/849/765 764/846/764 779/877/779 780/878/780
f 772/851/772 773/848/773 788/864/788 787/859/787
f 766/852/766 765/849/765 780/878/780 781/861/781
f 791/873/791 792/876/792 807/879/807 806/880/806
f 840/881/840 825/882/825 1124/883/1124 1129/884/1129
f 792/876/792 928/627/928 807/879/807
f 779/877/779 778/875/778 1107/885/1107 1108/886/1108
f 787/859/787 788/864/788 803/887/803 802/888/802
f 829/889/829 1666/890/1647 1668/451/1649 1125/891/1125 1120/892/1120
f 786/860/786 787/859/787 802/888/802 801/893/801
f 825/882/825 810/894/810 1119/895/1119 1124/883/1124
f 785/863/785 786/860/786 801/893/801 800/896/800
f 781/861/781 780/878/780 795/897/795 796/898/796
f 773/848/773 774/847/774 1053/899/1053 1054/865/1054
f 784/867/784 785/863/785 800/896/800 799/900/799
f 782/862/782 781/861/781 796/898/796 797/901/797
f 775/850/775 790/874/790 1058/902/1058 1055/903/1055
f 1039/614/1039 782/862/782 797/901/797
f 790/874/790 791/873/791 806/880/806 805/904/805
f 802/888/802 803/887/803 818/905/818 817/906/817
f 796/898/796 795/897/795 810/894/810 811/907/811
f 801/893/801 802/888/802 817/906/817 816/908/816
f 797/901/797 796/898/796 811/907/811 812/909/812
f 800/896/800 801/893/801 816/908/816 815/910/815
f 803/887/803 788/864/788 1057/866/1057 1060/911/1060
f 1039/614/1039 797/901/797 812/909/812
f 799/900/799 800/896/800 815/910/815 814/912/814
f 818/905/818 803/887/803 1060/911/1060 1063/913/1063
f 784/867/784 799/900/799 1110/914/1110 1105/915/1105
f 805/904/805 806/880/806 821/916/821 820/917/820
f 778/875/778 783/872/783 1106/918/1106 1107/885/1107
f 806/880/806 807/879/807 822/919/822 821/916/821
f 783/872/783 784/867/784 1105/915/1105 1106/918/1106
f 807/879/807 928/627/928 822/919/822
f 795/897/795 780/878/780 1109/920/1109 1114/921/1114
f 839/922/839 840/881/840 1129/884/1129 1128/923/1128
f 820/917/820 821/916/821 836/924/836 835/925/835
f 810/894/810 795/897/795 1114/921/1114 1119/895/1119
f 821/916/821 822/919/822 837/926/837 836/924/836
f 366/452/366 358/435/358 1103/927/1103 1104/928/1104
f 822/919/822 928/627/928 837/926/837
f 358/435/358 357/434/357 1101/929/1101 1103/927/1103
f 817/906/817 818/905/818 833/869/833 832/930/832
f 811/907/811 810/894/810 825/882/825 826/931/826
f 816/908/816 817/906/817 832/930/832 831/932/831
f 812/909/812 811/907/811 826/931/826 827/933/827
f 815/910/815 816/908/816 831/932/831 830/934/830
f 833/869/833 818/905/818 1063/913/1063 1066/870/1066
f 1039/614/1039 812/909/812 827/933/827
f 814/912/814 815/910/815 830/934/830 829/889/829
f 820/917/820 835/925/835 1067/935/1067 1064/936/1064
f 826/931/826 825/882/825 840/881/840 841/937/841
f 831/932/831 832/930/832 847/938/847 846/939/846
f 827/933/827 826/931/826 841/937/841 842/940/842
f 830/934/830 831/932/831 846/939/846 845/941/845
f 833/869/833 834/868/834 849/942/849 848/943/848
f 1039/614/1039 827/933/827 842/940/842
f 829/889/829 830/934/830 845/941/845 1658/944/1639 1666/890/1647
f 834/868/834 835/925/835 850/945/850 849/942/849
f 838/946/838 839/947/839 1128/948/1128 1127/949/1127
f 835/925/835 836/924/836 851/950/851 850/945/850
f 357/434/357 365/446/365 1102/951/1102 1101/929/1101
f 836/924/836 837/926/837 852/952/852 851/950/851
f 365/446/365 366/452/366 1104/928/1104 1102/951/1102
f 837/926/837 928/627/928 852/952/852
f 843/448/843 1663/953/1644 1660/449/1641
f 832/930/832 833/869/833 848/943/848 847/938/847
f 850/954/850 851/955/851 866/956/866 865/957/865
f 838/946/838 1663/958/1644 1674/959/1655 1659/960/1640 853/961/853
f 851/955/851 852/962/852 867/963/867 866/956/866
f 839/947/839 838/946/838 853/961/853 854/964/854
f 852/952/852 928/627/928 867/965/867
f 840/966/840 839/947/839 854/964/854 855/967/855
f 847/968/847 848/969/848 863/970/863 862/971/862
f 841/937/841 840/881/840 855/972/855 856/973/856
f 846/974/846 847/968/847 862/971/862 861/975/861
f 842/940/842 841/937/841 856/973/856 857/976/857
f 845/977/845 846/974/846 861/975/861 1667/978/1648 1671/979/1652 1670/980/1651
f 848/969/848 849/981/849 864/982/864 863/970/863
f 1039/614/1039 842/940/842 857/976/857
f 849/981/849 850/988/850 865/989/865 864/982/864
f 861/975/861 862/971/862 877/992/877 876/993/876
f 857/976/857 856/973/856 871/994/871 872/995/872
f 863/970/863 864/982/864 879/999/879 878/1000/878
f 1039/614/1039 857/976/857 872/995/872
f 864/982/864 865/989/865 880/1002/880 879/999/879
f 865/957/865 866/956/866 881/1004/881 880/1005/880
f 853/961/853 1659/960/1640 1681/1006/1660 1669/1007/1650 868/1008/868
f 866/956/866 867/963/867 882/1009/882 881/1004/881
f 854/964/854 853/961/853 868/1008/868 869/1010/869
f 867/965/867 928/627/928 882/1011/882
f 855/967/855 854/964/854 869/1010/869 870/1012/870
f 862/971/862 863/970/863 878/1000/878 877/992/877
f 856/973/856 855/972/855 870/1013/870 871/994/871
f 868/1008/868 1669/1007/1650 1673/1014/1654 1665/1015/1646 888/1016/888 883/1017/883
f 881/1004/881 882/1009/882 897/1018/897 896/1019/896
f 869/1010/869 868/1008/868 883/1017/883 884/1020/884
f 882/1011/882 928/627/928 897/1021/897
f 870/1012/870 869/1010/869 884/1020/884 885/1022/885
f 877/992/877 878/1000/878 893/1023/893 892/1024/892
f 871/994/871 870/1013/870 885/1025/885 886/1026/886
f 876/993/876 877/992/877 892/1024/892 1619/1027/1619 1628/1028/1625 1629/1029/1625 1630/1030/1625 1617/1031/1617
f 872/995/872 871/994/871 886/1026/886 887/1032/887
f 878/1000/878 879/999/879 894/1034/894 893/1023/893
f 1039/614/1039 872/995/872 887/1032/887
f 879/999/879 880/1002/880 895/1038/895 894/1034/894
f 880/1005/880 881/1004/881 896/1019/896 895/1041/895
f 887/1032/887 886/1026/886 901/1042/901 902/1043/902
f 890/1044/890 1607/1045/1607 1612/1046/1612
f 893/1023/893 894/1034/894 909/1047/909 908/1048/908
f 1039/614/1039 887/1032/887 902/1043/902
f 889/1049/889 890/1044/890 1612/1046/1612 905/1050/905 904/1051/904
f 894/1034/894 895/1038/895 910/1052/910 909/1047/909
f 888/1016/888 889/1049/889 904/1051/904 903/1053/903
f 895/1038/895 896/1054/896 911/1055/911 910/1052/910
f 883/1017/883 888/1016/888 903/1053/903 1710/1056/1689 898/1057/898
f 896/1019/896 897/1018/897 912/1058/912 911/1059/911
f 884/1020/884 883/1017/883 898/1057/898 1721/1060/1700 1731/1061/1709 1730/1062/1709 1724/1063/1703 899/1064/899
f 897/1021/897 928/627/928 912/1065/912
f 885/1022/885 884/1020/884 899/1064/899 900/1066/900
f 892/1024/892 893/1023/893 908/1048/908 907/1067/907
f 886/390/886 885/391/885 900/392/900 901/393/901
f 899/1064/899 1724/1063/1703 1728/1080/1707 914/1081/914
f 912/1065/912 928/627/928 927/1082/927
f 900/1066/900 899/1064/899 914/1081/914 915/1083/915
f 907/1067/907 908/1048/908 923/1084/923 922/1085/922
f 901/1086/901 900/1087/900 915/1088/915 916/1089/916
f 902/1043/902 901/1042/901 916/1092/916 917/1093/917
f 905/1050/905 1616/1094/1616 1608/1091/1608 921/1095/921 920/1096/920
f 908/1048/908 909/1047/909 924/1097/924 923/1084/923
f 1039/614/1039 902/1043/902 917/1093/917
f 904/1051/904 905/1050/905 920/1096/920 919/1098/919
f 909/1047/909 910/1052/910 925/1099/925 924/1097/924
f 903/1053/903 904/1051/904 919/1098/919 918/1100/918
f 910/1052/910 911/1055/911 926/1101/926 925/1099/925
f 898/1057/898 1710/1056/1689 1711/1102/1690
f 911/1059/911 912/1058/912 927/1103/927 926/1104/926
f 923/1084/923 924/1097/924 940/1105/940 939/1106/939
f 1039/614/1039 917/1093/917 933/1107/933
f 919/1098/919 920/1096/920 1705/1108/1684 1709/1109/1688 1707/1110/1686
f 924/1097/924 925/1099/925 941/1111/941 940/1105/940
f 918/1100/918 919/1098/919 1707/1110/1686 935/1112/935 934/1113/934
f 925/1099/925 926/1101/926 942/1114/942 941/1111/941
f 913/1115/913 918/1100/918 934/1113/934 929/1116/929
f 926/1104/926 927/1103/927 943/1117/943 942/1118/942
f 914/1081/914 1728/1080/1707 1729/1119/1708 1723/1120/1702 930/1121/930
f 927/1082/927 928/627/928 943/1122/943
f 915/1083/915 914/1081/914 930/1121/930 931/1123/931
f 922/1085/922 923/1084/923 939/1106/939 938/1124/938
f 916/1089/916 915/1088/915 931/1125/931 932/1126/932
f 921/1095/921 922/1085/922 938/1124/938 937/1127/937
f 917/1093/917 916/1092/916 932/1128/932 933/1107/933
f 920/1096/920 921/1095/921 937/1127/937 936/1129/936 1705/1108/1684
f 943/1122/943 928/627/928 958/1130/958
f 931/1123/931 930/1121/930 945/1131/945 946/1132/946
f 938/1124/938 939/1106/939 954/1133/954 953/1134/953
f 932/1135/932 931/1123/931 946/1132/946 947/1136/947
f 937/1127/937 938/1124/938 953/1134/953 952/1137/952
f 933/1107/933 932/1128/932 947/1138/947 948/1139/948
f 936/1129/936 937/1127/937 952/1137/952 951/1140/951 1706/1141/1685
f 939/1106/939 940/1105/940 955/1142/955 954/1133/954
f 1039/614/1039 933/1107/933 948/1139/948
f 940/1105/940 941/1111/941 956/1145/956 955/1142/955
f 934/1113/934 935/1112/935 1704/1144/1683 950/1146/950 949/1147/949
f 941/1111/941 942/1114/942 957/1148/957 956/1145/956
f 929/1116/929 934/1113/934 949/1147/949 944/1149/944
f 942/1118/942 943/1117/943 958/1150/958 957/1151/957
f 930/1121/930 1723/1120/1702 1733/1152/1711 1727/1153/1706 945/1131/945
f 950/1146/950 951/1140/951 966/1154/966 965/1155/965
f 955/1142/955 956/1145/956 971/1156/971 970/1157/970
f 949/1147/949 950/1146/950 965/1155/965 964/1158/964
f 956/1145/956 957/1148/957 972/1159/972 971/1156/971
f 944/1149/944 949/1147/949 964/1158/964 959/1160/959
f 957/1151/957 958/1150/958 973/1161/973 972/1162/972
f 945/1131/945 1727/1153/1706 1734/1163/1712 1722/1164/1701 960/1165/960
f 958/1130/958 928/627/928 973/1166/973
f 946/1132/946 945/1131/945 960/1165/960 961/1167/961
f 953/1134/953 954/1133/954 969/1168/969 968/1169/968
f 947/1136/947 946/1132/946 961/1167/961 962/1170/962
f 952/1137/952 953/1134/953 968/1169/968 1613/1171/1613 1609/1172/1609
f 948/1139/948 947/1138/947 962/1173/962 963/1174/963
f 951/1140/951 952/1137/952 1609/1172/1609 1615/1175/1615 966/1154/966
f 954/1133/954 955/1142/955 970/1157/970 969/1168/969
f 1039/614/1039 948/1139/948 963/1174/963
f 961/1176/961 960/1177/960 975/1178/975 976/1179/976
f 968/1169/968 969/1168/969 984/1180/984 983/1181/983
f 962/1170/962 961/1167/961 976/1182/976 977/1183/977
f 963/1174/963 962/1173/962 977/1195/977 978/1196/978
f 966/1154/966 1615/1175/1615 1618/1197/1618
f 969/1168/969 970/1157/970 985/1198/985 984/1180/984
f 1039/614/1039 963/1174/963 978/1196/978
f 965/1155/965 966/1154/966 1618/1197/1618 981/1199/981 980/1200/980
f 970/1157/970 971/1156/971 986/1201/986 985/1198/985
f 964/1158/964 965/1155/965 980/1200/980 979/1202/979
f 971/1156/971 972/1159/972 987/1203/987 986/1201/986
f 972/1162/972 973/1161/973 988/1208/988 987/1209/987
f 960/1165/960 1722/1164/1701 1726/1207/1705 1725/1210/1704 1720/1211/1699 975/1212/975
f 973/1166/973 928/627/928 988/1213/988
f 985/1198/985 986/1201/986 1001/1214/1001 1000/1215/1000
f 979/1202/979 980/1200/980 1689/1216/1668 1697/1217/1676 1684/1218/1663 994/1219/994
f 986/1220/986 987/1209/987 1002/1221/1002 1001/1222/1001
f 974/1223/974 979/1202/979 994/1219/994 989/1224/989
f 987/1209/987 988/1208/988 1003/1225/1003 1002/1221/1002
f 975/1212/975 1720/1211/1699 974/1223/974 989/1224/989 990/1226/990
f 988/1213/988 928/627/928 1003/1227/1003
f 976/1179/976 975/1178/975 990/1228/990 991/1229/991
f 983/1181/983 984/1180/984 999/1230/999 998/1231/998
f 977/1232/977 976/1233/976 991/1234/991 992/1235/992
f 978/1196/978 977/1195/977 992/1240/992 993/1241/993
f 981/1199/981 1621/1242/1620 1620/1243/1620 1611/1244/1611 997/1245/997 996/1246/996
f 984/1180/984 985/1198/985 1000/1215/1000 999/1230/999
f 1039/614/1039 978/1196/978 993/1241/993
f 980/1200/980 981/1199/981 996/1246/996 1695/1247/1674 1698/1248/1677 1689/1216/1668
f 998/1231/998 999/1230/999 1014/1249/1014 1013/1250/1013
f 992/1240/992 991/1251/991 1006/1252/1006 1007/1253/1007
f 997/1245/997 998/1231/998 1013/1250/1013 1012/1254/1012
f 993/1241/993 992/1240/992 1007/1253/1007 1008/1255/1008
f 996/1246/996 997/1245/997 1012/1254/1012 1688/1256/1667 1694/1257/1673
f 999/1230/999 1000/1215/1000 1015/1258/1015 1014/1249/1014
f 1039/614/1039 993/1241/993 1008/1255/1008
f 1000/1215/1000 1001/1214/1001 1016/1263/1016 1015/1258/1015
f 994/1219/994 1684/1218/1663 1687/1264/1666
f 1001/1222/1001 1002/1221/1002 1017/1265/1017 1016/1266/1016
f 989/1224/989 994/1219/994 1687/1264/1666 1701/1267/1680 1682/1268/1661 1004/1269/1004
f 1002/1221/1002 1003/1225/1003 1018/1270/1018 1017/1265/1017
f 990/1226/990 989/1224/989 1004/1269/1004 1005/1271/1005
f 1003/1227/1003 928/627/928 1018/1272/1018
f 991/1229/991 990/1228/990 1005/1273/1005 1006/1274/1006
f 1016/1266/1016 1017/1265/1017 1032/1278/1032 1031/1279/1031
f 1004/1269/1004 1682/1268/1661 1703/1280/1682 1693/1281/1672 1019/1282/1019
f 1017/1283/1017 1018/1272/1018 1033/1284/1033 1032/1285/1032
f 1005/1273/1005 1004/1286/1004 1019/1287/1019 1020/1288/1020
f 1018/1272/1018 928/627/928 1033/1284/1033
f 1006/1274/1006 1005/1273/1005 1020/1288/1020 1021/1289/1021
f 1013/1250/1013 1014/1249/1014 1029/1290/1029 1028/1291/1028
f 1007/1253/1007 1006/1252/1006 1021/1292/1021 1022/1293/1022
f 1012/1254/1012 1013/1250/1013 1028/1291/1028 1027/1294/1027
f 1008/1255/1008 1007/1253/1007 1022/1293/1022 1023/1295/1023
f 1014/1249/1014 1015/1258/1015 1030/1297/1030 1029/1290/1029
f 1039/614/1039 1008/1255/1008 1023/1295/1023
f 1015/1258/1015 1016/1263/1016 1031/1300/1031 1030/1297/1030
f 1022/1293/1022 1021/1292/1021 1036/1301/1036 1037/1302/1037
f 1027/1303/1027 1028/1304/1028 1044/1305/1044 1043/1306/1043
f 1023/1295/1023 1022/1293/1022 1037/1302/1037 1038/1307/1038
f 1026/1308/1026 1027/1303/1027 1043/1306/1043 1042/1309/1042
f 1029/1310/1029 1030/1311/1030 1046/1312/1046 1045/767/1045
f 1039/614/1039 1023/1295/1023 1038/1307/1038
f 1030/1311/1030 1031/1315/1031 1047/1316/1047 1046/1312/1046
f 660/771/660 688/784/688 813/793/813 823/786/823
f 1031/1315/1031 1032/1285/1032 1048/1317/1048 1047/1316/1047
f 692/791/692 1036/1301/1036 1145/1318/1145 1135/792/1135
f 1032/1285/1032 1033/1284/1033 1049/1319/1049 1048/1317/1048
f 1019/810/1019 1693/1320/1672 1696/1321/1675 1683/1322/1662 1137/1323/1137 1138/811/1138
f 1033/1284/1033 928/627/928 1049/1319/1049
f 663/762/663 662/766/662 793/1324/793 794/808/794
f 1028/1304/1028 1029/1310/1029 1045/767/1045 1044/1305/1044
f 1036/1301/1036 1021/1292/1021 1140/1325/1140 1145/1318/1145
f 1048/1317/1048 1049/1319/1049 704/816/704 1052/800/1052
f 1049/1319/1049 928/627/928 704/816/704
f 662/766/662 661/769/661 809/787/809 793/1324/793
f 1044/1305/1044 1045/767/1045 701/746/701 699/813/699
f 1037/1302/1037 1036/1301/1036 692/791/692 1050/814/1050
f 1043/1306/1043 1044/1305/1044 699/813/699 698/815/698
f 1038/1307/1038 1037/1302/1037 1050/814/1050 1051/817/1051
f 1042/1309/1042 1043/1306/1043 698/815/698 697/798/697
f 1047/1316/1047 703/799/703 1149/1328/1149 1154/1329/1154
f 1039/614/1039 1038/1307/1038 1051/817/1051
f 1041/1330/1041 1042/1309/1042 697/798/697 696/795/696
f 1046/1312/1046 1047/1316/1047 1154/1329/1154 1152/1331/1152
f 1041/1330/1041 696/795/696 1131/797/1131 1141/1332/1141
f 1047/1316/1047 1048/1317/1048 1052/800/1052 703/799/703
f 1063/913/1063 1060/911/1060 1072/1333/1072 1075/1334/1075
f 1065/871/1065 1066/870/1066 1078/1335/1078 1077/1336/1077
f 1054/865/1054 1053/899/1053 819/1337/819 804/1338/804
f 1066/870/1066 1063/913/1063 1075/1334/1075 1078/1335/1078
f 1055/903/1055 1058/902/1058 1070/1339/1070 789/1340/789
f 1061/1341/1061 1064/936/1064 1076/1342/1076 1073/1343/1073
f 1060/911/1060 1057/866/1057 1069/1344/1069 1072/1333/1072
f 1064/936/1064 1067/935/1067 1079/1345/1079 1076/1342/1076
f 805/904/805 820/917/820 1064/936/1064 1061/1341/1061
f 790/874/790 805/904/805 1061/1341/1061 1058/902/1058
f 774/847/774 775/850/775 1055/903/1055 1053/899/1053
f 835/925/835 834/868/834 1065/871/1065 1067/935/1067
f 1057/866/1057 1054/865/1054 804/1338/804 1069/1344/1069
f 1058/902/1058 1061/1341/1061 1073/1343/1073 1070/1339/1070
f 1067/935/1067 1065/871/1065 1077/1336/1077 1079/1345/1079
f 1053/899/1053 1055/903/1055 789/1340/789 819/1337/819
f 1102/951/1102 1104/928/1104 1103/927/1103 1101/929/1101
f 1106/918/1106 1105/915/1105 1110/914/1110 1111/1373/1111
f 1107/885/1107 1106/918/1106 1111/1373/1111 1112/1374/1112
f 1108/886/1108 1107/885/1107 1112/1374/1112 1113/1375/1113
f 1109/920/1109 1108/886/1108 1113/1375/1113 1114/921/1114
f 1111/1373/1111 1110/914/1110 1115/1376/1115 1116/1377/1116
f 1112/1374/1112 1111/1373/1111 1116/1377/1116 1117/1378/1117
f 1113/1375/1113 1112/1374/1112 1117/1378/1117 1118/1379/1118
f 1114/921/1114 1113/1375/1113 1118/1379/1118 1119/895/1119
f 1116/1377/1116 1115/1376/1115 1120/892/1120 1121/1380/1121
f 1117/1378/1117 1116/1377/1116 1121/1380/1121 1122/1381/1122
f 1118/1379/1118 1117/1378/1117 1122/1381/1122 1123/1382/1123
f 1119/895/1119 1118/1379/1118 1123/1382/1123 1124/883/1124
f 1121/1380/1121 1120/892/1120 1125/891/1125 1126/1383/1126
f 1122/1381/1122 1121/1380/1121 1126/1383/1126 1127/1384/1127
f 1123/1382/1123 1122/1381/1122 1127/1384/1127 1128/923/1128
f 1124/883/1124 1123/1382/1123 1128/923/1128 1129/884/1129
f 814/912/814 829/889/829 1120/892/1120 1115/1376/1115
f 799/900/799 814/912/814 1115/1376/1115 1110/914/1110
f 780/878/780 779/877/779 1108/886/1108 1109/920/1109
f 798/1385/798 824/796/824 828/806/828 794/808/794
f 813/793/813 808/1386/808 809/787/809 823/786/823
f 808/1386/808 1130/1387/1130 793/1324/793 809/787/809
f 1130/1387/1130 798/1385/798 794/808/794 793/1324/793
f 1132/1388/1132 1131/797/1131 824/796/824 798/1385/798
f 1133/1389/1133 1132/1388/1132 798/1385/798 1130/1387/1130
f 1134/1390/1134 1133/1389/1133 1130/1387/1130 808/1386/808
f 1135/792/1135 1134/1390/1134 808/1386/808 813/793/813
f 1137/1323/1137 1136/1391/1136 1141/1332/1141 1142/1392/1142
f 1138/811/1138 1137/1323/1137 1142/1392/1142 1143/1393/1143
f 1139/812/1139 1138/811/1138 1143/1393/1143 1144/1394/1144
f 1140/1325/1140 1139/812/1139 1144/1394/1144 1145/1318/1145
f 1143/1393/1143 1142/1392/1142 1132/1388/1132 1133/1389/1133
f 1144/1394/1144 1143/1393/1143 1133/1389/1133 1134/1390/1134
f 1145/1318/1145 1144/1394/1144 1134/1390/1134 1135/792/1135
f 1142/1392/1142 1141/1332/1141 1131/797/1131 1132/1388/1132
f 1148/790/1148 687/789/687 1155/1395/1155 1162/1396/1162
f 1154/1329/1154 1149/1328/1149 1163/1397/1163 1168/1398/1168
f 686/765/686 1146/748/1146 1160/1399/1160 702/1400/702
f 693/805/693 695/751/695 1157/1401/1157 1156/1402/1156
f 1146/748/1146 1151/747/1151 1165/1403/1165 1160/1399/1160
f 1151/747/1151 1153/768/1153 1167/1404/1167 1165/1403/1165
f 1034/750/1034 1040/794/1040 1159/1405/1159 1158/1406/1158
f 1152/1331/1152 1154/1329/1154 1168/1398/1168 1166/1407/1166
f 687/789/687 693/805/693 1156/1402/1156 1155/1395/1155
f 1149/1328/1149 1148/790/1148 1162/1396/1162 1163/1397/1163
f 703/799/703 677/788/677 1148/790/1148 1149/1328/1149
f 1045/767/1045 1046/1312/1046 1152/1331/1152 1153/768/1153
f 642/754/642 636/725/636 695/751/695 693/805/693
f 644/743/644 669/764/669 686/765/686 1035/807/1035
f 1035/807/1035 686/765/686 702/1400/702 679/1408/679
f 1040/794/1040 1035/807/1035 679/1408/679 1159/1405/1159
f 695/751/695 1034/750/1034 1158/1406/1158 1157/1401/1157
f 1153/768/1153 1152/1331/1152 1166/1407/1166 1167/1404/1167
f 1205/1441/1205 1204/824/1204 1215/1442/1215 1216/1443/1216
f 1210/822/1210 1209/821/1209 1220/1444/1220 1221/1445/1221
f 1200/368/1200 1210/822/1210 1221/1445/1221 1212/1446/1212
f 1206/831/1206 1205/1441/1205 1216/1443/1216 1217/1447/1217
f 1198/348/1198 1197/347/1197 709/1448/709 708/1449/708
f 1209/821/1209 1207/357/1207 1218/1450/1218 1220/1444/1220
f 1197/347/1197 1195/369/1195 716/1451/716 709/1448/709
f 1208/356/1208 1206/831/1206 1217/1447/1217 1219/1452/1219
f 1203/823/1203 1198/348/1198 708/1449/708 1214/1453/1214
f 707/349/707 714/345/714 1198/348/1198 1203/823/1203
f 721/346/721 722/366/722 1195/369/1195 1197/347/1197
f 287/375/287 288/374/288 1205/1441/1205 1206/831/1206
f 1221/1445/1221 1220/1444/1220 1232/1454/1232 1233/1455/1233
f 1212/1446/1212 1221/1445/1221 1233/1455/1233 1223/1456/1223
f 1217/1447/1217 1216/1443/1216 1228/1457/1228 1229/1458/1229
f 708/1449/708 709/1448/709 1199/1459/1199 1196/1460/1196
f 1220/1444/1220 1218/1450/1218 1230/1461/1230 1232/1454/1232
f 709/1448/709 716/1451/716 1202/1462/1202 1199/1459/1199
f 1219/1452/1219 1217/1447/1217 1229/1458/1229 1231/1463/1231
f 1214/1453/1214 708/1449/708 1196/1460/1196 1226/1464/1226
f 1218/1450/1218 1219/1452/1219 1231/1463/1231 1230/1461/1230
f 1195/369/1195 1200/368/1200 1212/1446/1212 716/1451/716
f 1204/824/1204 1203/823/1203 1214/1453/1214 1215/1442/1215
f 1207/357/1207 1208/356/1208 1219/1452/1219 1218/1450/1218
f 1223/1456/1223 1233/1455/1233 1242/1465/1242 1234/1466/1234
f 1229/1458/1229 1228/1457/1228 1237/1467/1237 1238/1468/1238
f 1232/1454/1232 1230/1461/1230 1239/1469/1239 1241/1470/1241
f 1196/1460/1196 1199/1459/1199 1211/1471/1211 1263/1472/1263 715/1473/715
f 1199/1459/1199 1202/1462/1202 1213/1474/1213 1211/1471/1211
f 1231/1463/1231 1229/1458/1229 1238/1468/1238 1240/1475/1240
f 1226/1464/1226 1196/1460/1196 715/1473/715 1257/1476/1257 1258/1477/1258 1235/1478/1235
f 1230/1461/1230 1231/1463/1231 1240/1475/1240 1239/1469/1239
f 1227/1479/1227 1226/1464/1226 1235/1478/1235 1260/1480/1260 1236/1481/1236
f 1216/1443/1216 1215/1442/1215 1227/1479/1227 1228/1457/1228
f 716/1451/716 1212/1446/1212 1223/1456/1223 1202/1462/1202
f 1215/1442/1215 1214/1453/1214 1226/1464/1226 1227/1479/1227
f 1238/1468/1238 1237/1467/1237 1249/1482/1249 1250/1483/1250
f 1241/1470/1241 1239/1469/1239 1251/1484/1251 1253/1485/1253
f 1255/1486/1255 1257/1476/1257 1274/1487/1274 1276/1488/1276
f 1211/1471/1211 1213/1474/1213 1225/1489/1225 1222/1490/1222
f 1240/1475/1240 1238/1468/1238 1250/1483/1250 1252/1491/1252
f 1256/1492/1256 1247/1493/1247 1280/1494/1280 1281/1495/1281
f 1239/1469/1239 1240/1475/1240 1252/1491/1252 1251/1484/1251
f 1248/1496/1248 1236/1481/1236 1285/1497/1285 1286/1498/1286
f 1213/1474/1213 1234/1466/1234 1244/1499/1244 1225/1489/1225
f 1233/1455/1233 1232/1454/1232 1241/1470/1241 1242/1465/1242
f 1228/1457/1228 1227/1479/1227 1236/1481/1236 1237/1467/1237
f 1202/1462/1202 1223/1456/1223 1234/1466/1234 1213/1474/1213
f 1246/1500/1246 1247/1493/1247 1256/1492/1256 1255/1486/1255 1201/1501/1201 1224/1502/1224
f 1249/1482/1249 1248/1496/1248 1259/1503/1259 1247/1493/1247 1246/1500/1246
f 1250/1483/1250 1249/1482/1249 1246/1500/1246 1245/1504/1245
f 1253/1485/1253 1251/1484/1251 1245/1504/1245 1243/1505/1243
f 1251/1484/1251 1252/1491/1252 1250/1483/1250 1245/1504/1245
f 1254/1506/1254 1253/1485/1253 1243/1505/1243 1244/1499/1244
f 1245/1504/1245 1246/1500/1246 1224/1502/1224 1243/1505/1243
f 1224/1502/1224 1201/1501/1201 1262/1507/1262 1222/1490/1222 1225/1489/1225
f 1243/1505/1243 1224/1502/1224 1225/1489/1225 1244/1499/1244
f 1234/1466/1234 1242/1465/1242 1254/1506/1254 1244/1499/1244
f 1242/1465/1242 1241/1470/1241 1253/1485/1253 1254/1506/1254
f 1237/1467/1237 1236/1481/1236 1248/1496/1248 1249/1482/1249
f 1266/1508/1266 1267/1509/1267 1265/1510/1265 1264/1511/1264
f 1256/1492/1256 1258/1477/1258 1271/1512/1271 1269/1513/1269
f 1255/1486/1255 1261/1514/1261 1201/1501/1201
f 1262/1507/1262 1261/1514/1261 1275/1515/1275 1277/1516/1277
f 1261/1514/1261 1262/1507/1262 1201/1501/1201
f 1222/1490/1222 1262/1507/1262 1266/1508/1266 1264/1511/1264
f 1258/1477/1258 1256/1492/1256 1281/1495/1281 1278/1517/1278
f 1263/1472/1263 1211/1471/1211 1265/1510/1265 1267/1509/1267
f 1211/1471/1211 1222/1490/1222 1264/1511/1264 1265/1510/1265
f 1262/1507/1262 1263/1472/1263 1267/1509/1267 1266/1508/1266
f 1269/1513/1269 1271/1512/1271 1270/1518/1270 1268/1519/1268
f 1258/1477/1258 1257/1476/1257 1270/1518/1270 1271/1512/1271
f 1255/1486/1255 1256/1492/1256 1269/1513/1269 1268/1519/1268
f 1257/1476/1257 1255/1486/1255 1268/1519/1268 1270/1518/1270
f 1273/1520/1273 1272/1521/1272 1277/1516/1277 1275/1515/1275
f 1275/1515/1275 1276/1488/1276 1274/1487/1274 1273/1520/1273
f 715/1473/715 1263/1472/1263 1272/1521/1272 1273/1520/1273
f 1263/1472/1263 1262/1507/1262 1277/1516/1277 1272/1521/1272
f 1257/1476/1257 715/1473/715 1273/1520/1273 1274/1487/1274
f 1261/1514/1261 1255/1486/1255 1276/1488/1276 1275/1515/1275
f 1279/1522/1279 1278/1517/1278 1281/1495/1281 1280/1494/1280
f 1282/1523/1282 1283/1524/1283 1279/1522/1279 1280/1494/1280
f 1260/1480/1260 1235/1478/1235 1279/1522/1279 1283/1524/1283
f 1259/1503/1259 1260/1480/1260 1283/1524/1283 1282/1523/1282
f 1235/1478/1235 1258/1477/1258 1278/1517/1278 1279/1522/1279
f 1247/1493/1247 1259/1503/1259 1282/1523/1282 1280/1494/1280
f 1285/1497/1285 1284/1525/1284 1287/1526/1287 1286/1498/1286
f 1260/1480/1260 1259/1503/1259 1287/1526/1287 1284/1525/1284
f 1259/1503/1259 1248/1496/1248 1286/1498/1286 1287/1526/1287
f 1236/1481/1236 1260/1480/1260 1284/1525/1284 1285/1497/1285
f 1304/408/1304 1300/407/1300 1312/1527/1312 1316/1528/1316
f 1303/441/1303 1304/408/1304 1316/1528/1316 1315/1529/1315
f 1288/429/1288 1307/428/1307 1319/1530/1319 347/1531/347
f 1301/410/1301 1302/423/1302 1314/1532/1314 1313/1533/1313
f 1295/425/1295 1293/424/1293 328/1534/328 1308/1535/1308
f 1300/407/1300 1301/410/1301 1313/1533/1313 1312/1527/1312
f 1299/422/1299 1295/425/1295 1308/1535/1308 1311/1536/1311
f 1292/430/1292 1290/438/1290 337/1537/337 329/1538/329
f 1290/438/1290 1288/429/1288 347/1531/347 337/1537/337
f 1307/428/1307 1306/818/1306 1318/1539/1318 1319/1530/1319
f 1302/423/1302 1299/422/1299 1311/1536/1311 1314/1532/1314
f 1293/424/1293 1292/430/1292 329/1538/329 328/1534/328
f 355/409/355 356/420/356 1302/423/1302 1301/410/1301
f 321/403/321 320/402/320 1288/429/1288 1290/438/1290
f 1319/1530/1319 1318/1539/1318 1332/1540/1332 1333/1541/1333
f 1314/1532/1314 1311/1536/1311 1325/1542/1325 1328/1543/1328
f 1318/1539/1318 1317/1544/1317 1331/1545/1331 1332/1540/1332
f 1317/1544/1317 1315/1529/1315 1329/1546/1329 1331/1545/1331
f 1316/1528/1316 1312/1527/1312 1326/1547/1326 1330/1548/1330
f 1315/1529/1315 1316/1528/1316 1330/1548/1330 1329/1546/1329
f 347/1531/347 1319/1530/1319 1333/1541/1333 1291/1549/1291
f 1313/1533/1313 1314/1532/1314 1328/1543/1328 1327/1550/1327
f 1308/1535/1308 328/1534/328 1297/1551/1297 1321/1552/1321
f 1312/1527/1312 1313/1533/1313 1327/1550/1327 1326/1547/1326
f 1311/1536/1311 1308/1535/1308 1321/1552/1321 1325/1542/1325
f 329/1538/329 337/1537/337 1296/1553/1296 1298/1554/1298
f 1305/442/1305 1303/441/1303 1315/1529/1315 1317/1544/1317
f 1306/818/1306 1305/442/1305 1317/1544/1317 1318/1539/1318
f 1296/1553/1296 1291/1549/1291 1310/1555/1310 1309/1556/1309
f 1333/1541/1333 1332/1540/1332 1342/1557/1342 1343/1558/1343
f 1328/1543/1328 1325/1542/1325 1335/1559/1335 1338/1560/1338
f 1332/1540/1332 1331/1545/1331 1341/1561/1341 1342/1557/1342
f 1331/1545/1331 1329/1546/1329 1339/1562/1339 1341/1561/1341
f 1297/1551/1297 1298/1554/1298 345/1563/345 1359/1564/1359 336/1565/336
f 1330/1548/1330 1326/1547/1326 1336/1566/1336 1340/1567/1340
f 1329/1546/1329 1330/1548/1330 1340/1567/1340 1339/1562/1339
f 1291/1549/1291 1333/1541/1333 1343/1558/1343 1310/1555/1310
f 1327/1550/1327 1328/1543/1328 1338/1560/1338 1337/1568/1337
f 1321/1552/1321 1297/1551/1297 336/1565/336 1361/1569/1361 1334/1570/1334
f 1326/1547/1326 1327/1550/1327 1337/1568/1337 1336/1566/1336
f 337/1537/337 347/1531/347 1291/1549/1291 1296/1553/1296
f 328/1534/328 329/1538/329 1298/1554/1298 1297/1551/1297
f 1336/1566/1336 1337/1568/1337 1351/1571/1351 1350/1572/1350
f 1335/1559/1335 1334/1570/1334 1363/1573/1363 1365/1574/1365
f 345/1563/345 1309/1556/1309 1322/1575/1322 1324/1576/1324
f 1309/1556/1309 1310/1555/1310 1294/1577/1294 1322/1575/1322
f 1343/1558/1343 1342/1557/1342 1356/1578/1356 1357/1579/1357
f 1338/1560/1338 1335/1559/1335 1349/1580/1349 1352/1581/1352
f 1342/1557/1342 1341/1561/1341 1355/1582/1355 1356/1578/1356
f 1341/1561/1341 1339/1562/1339 1353/1583/1353 1355/1582/1355
f 1340/1567/1340 1336/1566/1336 1350/1572/1350 1354/1584/1354
f 1358/1585/1358 1362/1586/1362 1379/1587/1379 1380/1588/1380
f 1339/1562/1339 1340/1567/1340 1354/1584/1354 1353/1583/1353
f 1310/1555/1310 1343/1558/1343 1357/1579/1357 1294/1577/1294
f 1298/1554/1298 1296/1553/1296 1309/1556/1309 345/1563/345
f 1325/1542/1325 1321/1552/1321 1334/1570/1334 1335/1559/1335
f 1289/1589/1289 1320/1590/1320 1322/1575/1322 1294/1577/1294
f 1320/1590/1320 1323/1591/1323 1358/1585/1358 1324/1576/1324 1322/1575/1322
f 1344/1592/1344 1346/1593/1346 1320/1590/1320 1289/1589/1289
f 1346/1593/1346 1345/1594/1345 1360/1595/1360 1323/1591/1323 1320/1590/1320
f 1347/1596/1347 1348/1597/1348 1346/1593/1346 1344/1592/1344
f 1348/1597/1348 1349/1580/1349 1345/1594/1345 1346/1593/1346
f 1350/1572/1350 1351/1571/1351 1348/1597/1348 1347/1596/1347
f 1351/1571/1351 1352/1581/1352 1349/1580/1349 1348/1597/1348
f 1355/1582/1355 1353/1583/1353 1347/1596/1347 1344/1592/1344
f 1357/1579/1357 1356/1578/1356 1289/1589/1289 1294/1577/1294
f 1353/1583/1353 1354/1584/1354 1350/1572/1350 1347/1596/1347
f 1356/1578/1356 1355/1582/1355 1344/1592/1344 1289/1589/1289
f 1361/1569/1361 336/1565/336 1368/1598/1368 1367/1599/1367
f 1337/1568/1337 1338/1560/1338 1352/1581/1352 1351/1571/1351
f 1365/1574/1365 1363/1573/1363 1364/1600/1364 1366/1601/1366
f 1362/1586/1362 1358/1585/1358 1323/1591/1323
f 1324/1576/1324 1358/1585/1358 1375/1602/1375 1374/1603/1374
f 1360/1595/1360 1362/1586/1362 1323/1591/1323
f 1345/1594/1345 1334/1570/1334 1369/1604/1369 1370/1605/1370
f 1334/1570/1334 1345/1594/1345 1364/1600/1364 1363/1573/1363
f 1349/1580/1349 1335/1559/1335 1365/1574/1365 1366/1601/1366
f 1345/1594/1345 1349/1580/1349 1366/1601/1366 1364/1600/1364
f 1369/1604/1369 1367/1599/1367 1372/1606/1372 1370/1605/1370
f 1371/1607/1371 1372/1606/1372 1367/1599/1367 1368/1598/1368
f 1360/1595/1360 1345/1594/1345 1370/1605/1370 1372/1606/1372
f 1362/1586/1362 1360/1595/1360 1372/1606/1372 1371/1607/1371
f 1334/1570/1334 1361/1569/1361 1367/1599/1367 1369/1604/1369
f 336/1565/336 1362/1586/1362 1371/1607/1371 1368/1598/1368
f 1375/1602/1375 1376/1608/1376 1373/1609/1373 1374/1603/1374
f 1358/1585/1358 1359/1564/1359 1376/1608/1376 1375/1602/1375
f 345/1563/345 1324/1576/1324 1374/1603/1374 1373/1609/1373
f 1359/1564/1359 345/1563/345 1373/1609/1373 1376/1608/1376
f 1378/1610/1378 1377/1611/1377 1380/1588/1380 1379/1587/1379
f 336/1565/336 1359/1564/1359 1377/1611/1377 1378/1610/1378
f 1359/1564/1359 1358/1585/1358 1380/1588/1380 1377/1611/1377
f 1362/1586/1362 336/1565/336 1378/1610/1378 1379/1587/1379
f 1395/168/1395 1392/167/1392 1404/1612/1404 1407/1613/1407
f 1392/167/1392 1389/187/1389 1401/1614/1401 1404/1612/1404
f 1393/160/1393 1394/186/1394 1406/1615/1406 1405/1616/1405
f 1382/169/1382 1381/157/1381 144/1617/144 135/1618/135
f 1384/156/1384 1387/181/1387 1399/1619/1399 1396/1620/1396
f 1390/161/1390 1393/160/1393 1405/1616/1405 1402/1621/1402
f 1381/157/1381 1384/156/1384 1396/1620/1396 144/1617/144
f 1387/181/1387 1390/161/1390 1402/1621/1402 1399/1619/1399
f 134/164/134 143/158/143 1390/161/1390 1387/181/1387
f 117/143/117 116/142/116 1382/169/1382 1383/182/1383
f 152/159/152 153/185/153 1394/186/1394 1393/160/1393
f 136/170/136 127/148/127 1386/183/1386 1389/187/1389
f 1407/1613/1407 1404/1612/1404 1416/1622/1416 1419/1623/1419
f 1404/1612/1404 1401/1614/1401 1413/1624/1413 1416/1622/1416
f 1405/1616/1405 1406/1615/1406 1418/1625/1418 1417/1626/1417
f 135/1618/135 144/1617/144 1391/1627/1391 1388/1628/1388
f 1396/1620/1396 1399/1619/1399 1411/1629/1411 1408/1630/1408
f 1402/1621/1402 1405/1616/1405 1417/1626/1417 1414/1631/1414
f 144/1617/144 1396/1620/1396 1408/1630/1408 1391/1627/1391
f 1399/1619/1399 1402/1621/1402 1414/1631/1414 1411/1629/1411
f 1386/183/1386 1383/182/1383 126/1632/126 1398/1633/1398
f 1389/187/1389 1386/183/1386 1398/1633/1398 1401/1614/1401
f 1394/186/1394 1395/168/1395 1407/1613/1407 1406/1615/1406
f 1383/182/1383 1382/169/1382 135/1618/135 126/1632/126
f 1388/1628/1388 1391/1627/1391 1403/1634/1403 1400/1635/1400
f 1417/1626/1417 1418/1625/1418 1427/1636/1427 1426/1637/1426
f 1408/1630/1408 1411/1629/1411 1422/1638/1422 1420/1639/1420
f 1414/1631/1414 1417/1626/1417 1426/1637/1426 1424/1640/1424
f 1391/1627/1391 1408/1630/1408 1420/1639/1420 1403/1634/1403
f 1411/1629/1411 1414/1631/1414 1424/1640/1424 1422/1638/1422
f 1385/1641/1385 1388/1628/1388 1400/1635/1400 1397/1642/1397
f 1418/1625/1418 1419/1623/1419 1428/1643/1428 1427/1636/1427
f 1398/1633/1398 126/1632/126 1385/1641/1385 1410/1644/1410
f 1401/1614/1401 1398/1633/1398 1410/1644/1410 1413/1624/1413
f 1406/1615/1406 1407/1613/1407 1419/1623/1419 1418/1625/1418
f 126/1632/126 135/1618/135 1388/1628/1388 1385/1641/1385
f 1426/1637/1426 1427/1636/1427 1439/1645/1439 1438/1646/1438
f 1420/1639/1420 1422/1638/1422 1432/1647/1432 1429/1648/1429
f 1424/1640/1424 1426/1637/1426 1438/1646/1438 1435/1649/1435
f 1403/1634/1403 1420/1639/1420 1429/1648/1429 1415/1650/1415
f 1422/1638/1422 1424/1640/1424 1435/1649/1435 1432/1647/1432
f 1397/1642/1397 1400/1635/1400 1412/1651/1412 1409/1652/1409
f 1427/1636/1427 1428/1643/1428 1440/1653/1440 1439/1645/1439
f 1423/1654/1423 1421/1655/1421 1431/1656/1431 1434/1657/1434
f 1416/1622/1416 1413/1624/1413 1423/1654/1423 1425/1658/1425
f 1419/1623/1419 1416/1622/1416 1425/1658/1425 1428/1643/1428
f 1410/1644/1410 1385/1641/1385 1397/1642/1397 1421/1655/1421
f 1413/1624/1413 1410/1644/1410 1421/1655/1421 1423/1654/1423
f 1412/1651/1412 1415/1650/1415 1429/1648/1429 1430/1659/1430
f 1409/1652/1409 1412/1651/1412 1430/1659/1430 1431/1656/1431
f 1430/1659/1430 1429/1648/1429 1432/1647/1432 1433/1660/1433
f 1431/1656/1431 1430/1659/1430 1433/1660/1433 1434/1657/1434
f 1433/1660/1433 1432/1647/1432 1435/1649/1435 1436/1661/1436
f 1434/1657/1434 1433/1660/1433 1436/1661/1436 1437/1662/1437
f 1436/1661/1436 1435/1649/1435 1438/1646/1438 1439/1645/1439
f 1437/1662/1437 1436/1661/1436 1439/1645/1439 1440/1653/1440
f 1400/1635/1400 1403/1634/1403 1415/1650/1415 1412/1651/1412
f 1425/1658/1425 1423/1654/1423 1434/1657/1434 1437/1662/1437
f 1428/1643/1428 1425/1658/1425 1437/1662/1437 1440/1653/1440
f 1421/1655/1421 1397/1642/1397 1409/1652/1409 1431/1656/1431
f 1457/30/1457 1462/342/1462 1475/1663/1475 1473/1664/1473
f 1456/14/1456 1455/13/1455 1471/1665/1471 1472/1666/1472
f 1441/339/1441 1447/10/1447 11/1667/11 282/1668/282
f 1465/4/1465 1461/3/1461 1474/1669/1474 1476/1670/1476
f 1455/13/1455 1454/33/1454 1470/1671/1470 1471/1665/1471
f 1445/34/1445 1465/4/1465 1476/1670/1476 278/1672/278
f 1452/31/1452 1457/30/1457 1473/1664/1473 1468/1673/1468
f 1450/344/1450 1451/343/1451 1467/1674/1467 1466/1675/1466
f 1454/33/1454 1453/36/1453 1469/1676/1469 1470/1671/1470
f 1461/3/1461 1456/14/1456 1472/1666/1472 1474/1669/1474
f 1449/7/1449 1450/344/1450 1466/1675/1466 4/1677/4
f 1453/36/1453 1452/31/1452 1468/1673/1468 1469/1676/1469
f 1462/342/1462 1441/339/1441 282/1668/282 1475/1663/1475
f 1448/8/1448 1449/7/1449 4/1677/4 10/1678/10
f 1451/343/1451 1445/34/1445 278/1672/278 1467/1674/1467
f 1447/10/1447 1448/8/1448 10/1678/10 11/1667/11
f 1474/1669/1474 1472/1666/1472 1483/1679/1483 1488/1680/1488
f 1469/1676/1469 1468/1673/1468 1479/1681/1479 1480/1682/1480
f 1475/1663/1475 282/1668/282 1477/1683/1477 1489/1684/1489
f 1467/1674/1467 278/1672/278 1443/1685/1443 1478/1686/1478
f 11/1667/11 10/1678/10 1460/1687/1460 1459/1688/1459
f 1473/1664/1473 1475/1663/1475 1489/1684/1489 1484/1689/1484
f 1472/1666/1472 1471/1665/1471 1482/1690/1482 1483/1679/1483
f 10/1678/10 4/1677/4 1464/1691/1464 1460/1687/1460
f 282/1668/282 11/1667/11 1459/1688/1459 1477/1683/1477
f 1476/1670/1476 1474/1669/1474 1488/1680/1488 1492/1692/1492
f 4/1677/4 1466/1675/1466 1463/1693/1463 1464/1691/1464
f 1471/1665/1471 1470/1671/1470 1481/1694/1481 1482/1690/1482
f 278/1672/278 1476/1670/1476 1492/1692/1492 1443/1685/1443
f 1468/1673/1468 1473/1664/1473 1484/1689/1484 1479/1681/1479
f 1466/1675/1466 1467/1674/1467 1478/1686/1478 1463/1693/1463
f 1470/1671/1470 1469/1676/1469 1480/1682/1480 1481/1694/1481
f 1478/1686/1478 1443/1685/1443 1494/1695/1494 1499/1696/1499
f 1464/1691/1464 1463/1693/1463 1498/1697/1498 1497/1698/1497
f 1484/1689/1484 1489/1684/1489 1507/1699/1507 1505/1700/1505
f 1483/1679/1483 1482/1690/1482 1503/1701/1503 1504/1702/1504
f 1460/1687/1460 1464/1691/1464 1497/1698/1497 1496/1703/1496
f 1477/1683/1477 1459/1688/1459 1495/1704/1495 1493/1705/1493
f 1492/1692/1492 1488/1680/1488 1506/1706/1506 1508/1707/1508
f 1482/1690/1482 1481/1694/1481 1502/1708/1502 1503/1701/1503
f 1443/1685/1443 1492/1692/1492 1508/1707/1508 1494/1695/1494
f 1479/1681/1479 1484/1689/1484 1505/1700/1505 1500/1709/1500
f 1459/1688/1459 1460/1687/1460 1496/1703/1496 1495/1704/1495
f 1463/1693/1463 1478/1686/1478 1499/1696/1499 1498/1697/1498
f 1481/1694/1481 1480/1682/1480 1501/1710/1501 1502/1708/1502
f 1488/1680/1488 1483/1679/1483 1504/1702/1504 1506/1706/1506
f 1480/1682/1480 1479/1681/1479 1500/1709/1500 1501/1710/1501
f 1489/1684/1489 1477/1683/1477 1493/1705/1493 1507/1699/1507
f 1505/1700/1505 1507/1699/1507 1521/1711/1521 1516/1712/1516
f 1504/1702/1504 1503/1701/1503 1514/1713/1514 1515/1714/1515
f 1493/1705/1493 1495/1704/1495 1446/1715/1446 1491/1716/1491
f 1508/1707/1508 1506/1706/1506 1520/1717/1520 1524/1718/1524
f 1503/1701/1503 1502/1708/1502 1513/1719/1513 1514/1713/1514
f 1494/1695/1494 1508/1707/1508 1524/1718/1524 1485/1720/1485
f 1500/1709/1500 1505/1700/1505 1516/1712/1516 1511/1721/1511
f 1498/1697/1498 1499/1696/1499 1510/1722/1510 1509/1723/1509
f 1502/1708/1502 1501/1710/1501 1512/1724/1512 1513/1719/1513
f 1506/1706/1506 1504/1702/1504 1515/1714/1515 1520/1717/1520
f 1497/1698/1497 1498/1697/1498 1509/1723/1509 1442/1725/1442
f 1501/1710/1501 1500/1709/1500 1511/1721/1511 1512/1724/1512
f 1507/1699/1507 1493/1705/1493 1491/1716/1491 1521/1711/1521
f 1496/1703/1496 1497/1698/1497 1442/1725/1442 1444/1726/1444
f 1499/1696/1499 1494/1695/1494 1485/1720/1485 1510/1722/1510
f 1495/1704/1495 1496/1703/1496 1444/1726/1444 1446/1715/1446
f 1522/1727/1522 1521/1711/1521 1491/1716/1491 1490/1728/1490
f 1458/1729/1458 1522/1727/1522 1490/1728/1490 1487/1730/1487
f 1523/1731/1523 1458/1729/1458 1487/1730/1487 1486/1732/1486
f 1524/1718/1524 1523/1731/1523 1486/1732/1486 1485/1720/1485
f 1490/1728/1490 1491/1716/1491 1446/1715/1446 1444/1726/1444
f 1487/1730/1487 1490/1728/1490 1444/1726/1444 1442/1725/1442
f 1486/1732/1486 1487/1730/1487 1442/1725/1442 1509/1723/1509
f 1485/1720/1485 1486/1732/1486 1509/1723/1509 1510/1722/1510
f 1512/1724/1512 1511/1721/1511 1516/1712/1516 1517/1733/1517
f 1513/1719/1513 1512/1724/1512 1517/1733/1517 1518/1734/1518
f 1514/1713/1514 1513/1719/1513 1518/1734/1518 1519/1735/1519
f 1515/1714/1515 1514/1713/1514 1519/1735/1519 1520/1717/1520
f 1518/1734/1518 1517/1733/1517 1522/1727/1522 1458/1729/1458
f 1519/1735/1519 1518/1734/1518 1458/1729/1458 1523/1731/1523
f 1520/1717/1520 1519/1735/1519 1523/1731/1523 1524/1718/1524
f 1517/1733/1517 1516/1712/1516 1521/1711/1521 1522/1727/1522
f 1533/100/1533 1534/97/1534 1546/1736/1546 1545/1737/1545
f 1529/101/1529 1533/100/1533 1545/1737/1545 1541/1738/1541
f 1536/84/1536 1532/83/1532 1544/1739/1544 1548/1740/1548
f 1525/1741/1525 1529/101/1529 1541/1738/1541 1537/1742/1537
f 1528/80/1528 1527/79/1527 1539/1743/1539 1540/1744/1540
f 1535/96/1535 1536/84/1536 1548/1740/1548 1547/1745/1547
f 67/95/67 68/81/68 1536/84/1536 1535/96/1535
f 49/74/49 58/98/58 1529/101/1529 1525/1741/1525
f 65/99/65 66/94/66 1534/97/1534 1533/100/1533
f 50/75/50 49/74/49 1525/1741/1525 1526/89/1526
f 1545/1737/1545 1546/1736/1546 1604/1746/1604 1603/1747/1603
f 1541/1738/1541 1545/1737/1545 1603/1747/1603 1569/1748/1569 1567/1749/1567
f 1548/1740/1548 1544/1739/1544 1606/1750/1606 1602/1751/1602
f 1537/1742/1537 1541/1738/1541 1567/1749/1567 1568/1752/1568
f 1540/1744/1540 1539/1743/1539 1599/1753/1599 1600/1754/1600
f 1547/1745/1547 1548/1740/1548 1602/1751/1602 1605/1755/1605
f 1526/89/1526 1525/1741/1525 1537/1742/1537 1538/1756/1538
f 1534/97/1534 1535/96/1535 1547/1745/1547 1546/1736/1546
f 1527/79/1527 1526/89/1526 1538/1756/1538 1539/1743/1539
f 1532/83/1532 1528/80/1528 1540/1744/1540 1544/1739/1544
f 1554/1757/1554 1555/1758/1555 1565/1759/1565 1564/1760/1564
f 1530/1761/1530 1531/1762/1531 1543/1763/1543 1542/1764/1542
f 1553/1765/1553 1554/1757/1554 1564/1760/1564 1563/1766/1563
f 1567/1749/1567 1569/1748/1569 1577/1767/1577 1570/1768/1570
f 1556/1769/1556 1552/1770/1552 1562/1771/1562 1566/1772/1566
f 1569/1748/1569 1553/1765/1553 1572/1773/1572 1577/1767/1577
f 1538/1756/1538 1537/1742/1537 1568/1752/1568 1601/1774/1601
f 1546/1736/1546 1547/1745/1547 1605/1755/1605 1604/1746/1604
f 1539/1743/1539 1538/1756/1538 1601/1774/1601 1599/1753/1599
f 1544/1739/1544 1540/1744/1540 1600/1754/1600 1606/1750/1606
f 1557/1775/1557 1542/1764/1542 1560/1776/1560 1561/1777/1561
f 1558/1778/1558 1557/1775/1557 1561/1777/1561 1562/1771/1562
f 1542/1764/1542 1543/1763/1543 1559/1779/1559 1560/1776/1560
f 1560/1776/1560 1559/1779/1559 1563/1766/1563 1564/1760/1564
f 1561/1777/1561 1560/1776/1560 1564/1760/1564 1565/1759/1565
f 1562/1771/1562 1561/1777/1561 1565/1759/1565 1566/1772/1566
f 1549/1780/1549 1530/1761/1530 1542/1764/1542 1557/1775/1557
f 1552/1770/1552 1550/1781/1550 1558/1778/1558 1562/1771/1562
f 1555/1758/1555 1556/1769/1556 1566/1772/1566 1565/1759/1565
f 1550/1781/1550 1549/1780/1549 1557/1775/1557 1558/1778/1558
f 1571/1782/1571 1572/1773/1572 1573/1783/1573 1576/1784/1576
f 1531/1762/1531 1568/1752/1568 1578/1785/1578 1574/1786/1574
f 1568/1752/1568 1567/1749/1567 1570/1768/1570 1578/1785/1578
f 1574/1786/1574 1571/1782/1571 1576/1784/1576 1575/1787/1575
f 1578/1785/1578 1570/1768/1570 1571/1782/1571 1574/1786/1574
f 1570/1768/1570 1577/1767/1577 1572/1773/1572 1571/1782/1571
f 1573/1783/1573 1563/1766/1563 1580/1788/1580 1583/1789/1583
f 1581/1790/1581 1582/1791/1582 1590/1792/1590 1592/1793/1592
f 1553/1765/1553 1563/1766/1563 1573/1783/1573 1572/1773/1572
f 1543/1763/1543 1531/1762/1531 1574/1786/1574 1575/1787/1575
f 1580/1788/1580 1551/1794/1551 1581/1790/1581 1583/1789/1583
f 1551/1794/1551 1579/1795/1579 1582/1791/1582 1581/1790/1581
f 1563/1766/1563 1559/1779/1559 1551/1794/1551 1580/1788/1580
f 1575/1787/1575 1576/1784/1576 1584/1796/1584 1585/1797/1585
f 1559/1779/1559 1543/1763/1543 1579/1795/1579 1551/1794/1551
f 1543/1763/1543 1575/1787/1575 1582/1791/1582 1579/1795/1579
f 1585/1797/1585 1584/1796/1584 1587/1798/1587 1588/1799/1588
f 1584/1796/1584 1586/1800/1586 1589/1801/1589 1587/1798/1587
f 1573/1783/1573 1583/1789/1583 1591/1802/1591 1589/1801/1589 1586/1800/1586
f 1582/1791/1582 1575/1787/1575 1585/1797/1585 1588/1799/1588 1590/1792/1590
f 1576/1784/1576 1573/1783/1573 1586/1800/1586 1584/1796/1584
f 1583/1789/1583 1581/1790/1581 1592/1793/1592 1591/1802/1591
f 1598/1803/1598 1596/1804/1596 1594/1805/1594 1593/1806/1593
f 1588/1799/1588 1587/1798/1587 1593/1806/1593 1594/1805/1594
f 1591/1802/1591 1592/1793/1592 1598/1803/1598 1597/1807/1597
f 1597/1807/1597 1598/1803/1598 1593/1806/1593 1595/1808/1595
f 1589/1801/1589 1591/1802/1591 1597/1807/1597 1595/1808/1595
f 1590/1792/1590 1588/1799/1588 1594/1805/1594 1596/1804/1596
f 1592/1793/1592 1590/1792/1590 1596/1804/1596 1598/1803/1598
f 1587/1798/1587 1589/1801/1589 1595/1808/1595 1593/1806/1593
f 1601/1774/1601 1568/1752/1568 1531/1762/1531 1530/1761/1530
f 1600/1754/1600 1599/1753/1599 1549/1780/1549 1550/1781/1550
f 1599/1753/1599 1601/1774/1601 1530/1761/1530 1549/1780/1549
f 1605/1755/1605 1602/1751/1602 1556/1769/1556 1555/1758/1555
f 1602/1751/1602 1606/1750/1606 1552/1770/1552 1556/1769/1556
f 1606/1750/1606 1600/1754/1600 1550/1781/1550 1552/1770/1552
f 1603/1747/1603 1604/1746/1604 1554/1757/1554 1553/1765/1553 1569/1748/1569
f 1604/1746/1604 1605/1755/1605 1555/1758/1555 1554/1757/1554
f 1622/1812/1621 1616/1094/1616 905/1050/905 1612/1046/1612
f 1615/1175/1615 1609/1172/1609 967/1184/967
f 1609/1172/1609 1613/1171/1613 967/1184/967
f 1610/1187/1610 1624/1186/1622 1623/1185/1622 1613/1171/1613 968/1169/968 983/1181/983
f 1614/1071/1614 1625/1070/1623 1626/1069/1623 1619/1027/1619 892/1024/892 907/1067/907
f 1608/1091/1608 1627/1090/1624 1614/1071/1614 907/1067/907 922/1085/922 921/1095/921
f 1611/1244/1611 1634/1818/1627 1633/1819/1627 1610/1187/1610 983/1181/983 998/1231/998 997/1245/997
f 1660/449/1641 1663/953/1644 838/1820/838 1127/1384/1127 1126/1383/1126
f 1661/1033/1642 1662/997/1643 876/993/876 1617/1031/1617 1631/1817/1626 1632/1816/1626 1607/1045/1607 890/1044/890
f 1662/997/1643 1672/996/1653 1667/978/1648 861/975/861 876/993/876
f 1664/1037/1645 1676/1036/1656 1675/1035/1656 1661/1033/1642 890/1044/890 889/1049/889
f 1665/1015/1646 1678/1040/1657 1677/1039/1657 1664/1037/1645 889/1049/889 888/1016/888
f 1668/451/1649 1679/450/1658 1660/449/1641 1126/1383/1126 1125/891/1125
f 1668/451/1649 1666/890/1647 844/447/844
f 1670/980/1651 1680/985/1659 1658/984/1639 845/977/845
f 1666/890/1647 1658/944/1639 844/447/844
f 1685/776/1664 1692/775/1671 1041/1330/1041 1141/1332/1141 1136/1391/1136
f 1686/1299/1665 1690/1298/1669 1026/1821/1026
f 1692/775/1671 1699/1314/1678 1686/1313/1665 1026/1308/1026 1042/1309/1042 1041/1330/1041
f 1694/1257/1673 1700/1260/1679 1695/1247/1674 996/1246/996
f 1683/1322/1662 1702/1327/1681 1685/776/1664 1136/1391/1136 1137/1323/1137
f 1690/1298/1669 1688/1256/1667 1012/1254/1012 1027/1294/1027 1026/1821/1026
f 1704/1144/1683 1708/1143/1687 1706/1141/1685 951/1140/951 950/1146/950
f 929/1116/929 1715/1822/1694 1714/1823/1693 913/1115/913
f 1711/1102/1690 1710/1056/1689 903/1053/903 918/1100/918 913/1115/913
f 974/1223/974 1735/1205/1713 1716/1204/1695 959/1160/959 964/1158/964 979/1202/979
f 1713/1824/1692 1717/1825/1696 929/1116/929 944/1149/944
f 959/1160/959 1718/1826/1697 1713/1824/1692 944/1149/944
f 1714/1823/1693 1719/1827/1698 1712/1828/1691 1711/1102/1690 913/1115/913
f 1711/1102/1690 1712/1828/1691 1721/1060/1700 898/1057/898
f 1726/1207/1705 1732/1206/1710 1725/1210/1704
f 1720/1211/1699 1725/1210/1704 974/1223/974
f 1732/1206/1710 1735/1205/1713 974/1223/974 1725/1210/1704
usemtl Eye,_Ear
f 891/1068/891 1619/1027/1619 1626/1069/1623 1625/1070/1623 1614/1071/1614 906/1072/906 1636/1073/1629 1642/1074/1631 1643/1075/1631 1639/1076/1631 1640/1077/1631 1641/1078/1631 1635/1079/1628
f 906/1072/906 1614/1071/1614 1627/1090/1624 1608/1091/1608
f 935/1112/935 936/1129/936 1706/1141/1685 1708/1143/1687 1704/1144/1683
f 967/1184/967 1613/1171/1613 1623/1185/1622 1624/1186/1622 1610/1187/1610 1647/1188/1635 1657/1189/1638 1653/1190/1638 1654/1191/1638 1655/1192/1638 1656/1193/1638 1646/1194/1634
f 959/1160/959 1716/1204/1695 1735/1205/1713 1732/1206/1710 1726/1207/1705
f 1075/1334/1075 1072/1333/1072 1082/1346/1082 1084/1347/1084
f 1077/1336/1077 1078/1335/1078 1087/1348/1087 1086/1349/1086
f 804/1338/804 819/1337/819 1062/1350/1062 1059/1351/1059
f 1078/1335/1078 1075/1334/1075 1084/1347/1084 1087/1348/1087
f 789/1340/789 1070/1339/1070 1081/1352/1081 1056/1353/1056
f 1073/1343/1073 1076/1342/1076 1085/1354/1085 1083/1355/1083
f 1072/1333/1072 1069/1344/1069 1080/1356/1080 1082/1346/1082
f 1076/1342/1076 1079/1345/1079 1088/1357/1088 1085/1354/1085
f 1059/1351/1059 1062/1350/1062 1074/1358/1074 1071/1359/1071
f 1087/1348/1087 1084/1347/1084 1096/1360/1096 1099/1361/1099
f 1056/1353/1056 1081/1352/1081 1091/1362/1091 1068/1363/1068
f 1083/1355/1083 1085/1354/1085 1097/1364/1097 1094/1365/1094
f 1082/1346/1082 1080/1356/1080 1090/1366/1090 1093/1367/1093
f 1085/1354/1085 1088/1357/1088 1100/1368/1100 1097/1364/1097
f 1062/1350/1062 1056/1353/1056 1068/1363/1068 1074/1358/1074
f 1088/1357/1088 1086/1349/1086 1098/1369/1098 1100/1368/1100
f 1069/1344/1069 804/1338/804 1059/1351/1059 1080/1356/1080
f 1070/1339/1070 1073/1343/1073 1083/1355/1083 1081/1352/1081
f 1079/1345/1079 1077/1336/1077 1086/1349/1086 1088/1357/1088
f 819/1337/819 789/1340/789 1056/1353/1056 1062/1350/1062
f 1071/1359/1071 1074/1358/1074 1089/1370/1089 1090/1366/1090
f 1074/1358/1074 1068/1363/1068 1091/1362/1091 1089/1370/1089
f 1090/1366/1090 1089/1370/1089 1092/1371/1092 1093/1367/1093
f 1089/1370/1089 1091/1362/1091 1094/1365/1094 1092/1371/1092
f 1093/1367/1093 1092/1371/1092 1095/1372/1095 1096/1360/1096
f 1092/1371/1092 1094/1365/1094 1097/1364/1097 1095/1372/1095
f 1096/1360/1096 1095/1372/1095 1098/1369/1098 1099/1361/1099
f 1095/1372/1095 1097/1364/1097 1100/1368/1100 1098/1369/1098
f 1086/1349/1086 1087/1348/1087 1099/1361/1099 1098/1369/1098
f 1084/1347/1084 1082/1346/1082 1093/1367/1093 1096/1360/1096
f 1080/1356/1080 1059/1351/1059 1071/1359/1071 1090/1366/1090
f 1081/1352/1081 1083/1355/1083 1094/1365/1094 1091/1362/1091
f 1159/1405/1159 679/1408/679 1147/1409/1147 1173/1410/1173
f 1156/1402/1156 1157/1401/1157 1171/1411/1171 1170/1412/1170
f 1162/1396/1162 1155/1395/1155 1169/1413/1169 1175/1414/1175
f 1158/1406/1158 1159/1405/1159 1173/1410/1173 1172/1415/1172
f 1168/1398/1168 1163/1397/1163 1176/1416/1176 1180/1417/1180
f 1157/1401/1157 1158/1406/1158 1172/1415/1172 1171/1411/1171
f 702/1400/702 1160/1399/1160 1174/1418/1174 1150/1419/1150
f 1160/1399/1160 1165/1403/1165 1177/1420/1177 1174/1418/1174
f 1155/1395/1155 1156/1402/1156 1170/1412/1170 1169/1413/1169
f 1165/1403/1165 1167/1404/1167 1179/1421/1179 1177/1420/1177
f 1177/1420/1177 1179/1421/1179 1193/1422/1193 1191/1423/1191
f 1178/1424/1178 1180/1417/1180 1194/1425/1194 1192/1426/1192
f 1176/1416/1176 1175/1414/1175 1188/1427/1188 1189/1428/1189
f 1147/1409/1147 1150/1419/1150 1164/1429/1164 1161/1430/1161
f 1179/1421/1179 1178/1424/1178 1192/1426/1192 1193/1422/1193
f 1173/1410/1173 1147/1409/1147 1161/1430/1161 1185/1431/1185
f 1170/1412/1170 1171/1411/1171 1183/1432/1183 1182/1433/1182
f 1175/1414/1175 1169/1413/1169 1181/1434/1181 1188/1427/1188
f 1172/1415/1172 1173/1410/1173 1185/1431/1185 1184/1435/1184
f 1180/1417/1180 1176/1416/1176 1189/1428/1189 1194/1425/1194
f 1167/1404/1167 1166/1407/1166 1178/1424/1178 1179/1421/1179
f 679/1408/679 702/1400/702 1150/1419/1150 1147/1409/1147
f 1163/1397/1163 1162/1396/1162 1175/1414/1175 1176/1416/1176
f 1166/1407/1166 1168/1398/1168 1180/1417/1180 1178/1424/1178
f 1161/1430/1161 643/1436/643 1184/1435/1184 1185/1431/1185
f 643/1436/643 1182/1433/1182 1183/1432/1183 1184/1435/1184
f 670/1437/670 1181/1434/1181 1182/1433/1182 643/1436/643
f 1164/1429/1164 670/1437/670 643/1436/643 1161/1430/1161
f 1186/1438/1186 1187/1439/1187 670/1437/670 1164/1429/1164
f 1187/1439/1187 1188/1427/1188 1181/1434/1181 670/1437/670
f 1190/1440/1190 1189/1428/1189 1188/1427/1188 1187/1439/1187
f 1191/1423/1191 1190/1440/1190 1187/1439/1187 1186/1438/1186
f 1193/1422/1193 1192/1426/1192 1190/1440/1190 1191/1423/1191
f 1192/1426/1192 1194/1425/1194 1189/1428/1189 1190/1440/1190
f 1169/1413/1169 1170/1412/1170 1182/1433/1182 1181/1434/1181
f 1174/1418/1174 1177/1420/1177 1191/1423/1191 1186/1438/1186
f 1150/1419/1150 1174/1418/1174 1186/1438/1186 1164/1429/1164
f 1171/1411/1171 1172/1415/1172 1184/1435/1184 1183/1432/1183
f 1611/1244/1611 1620/1243/1620 1621/1242/1620 981/1199/981 1645/1809/1633 1644/1239/1632
f 1612/1046/1612 1607/1045/1607 891/1068/891 1635/1079/1628 1637/1810/1630 1638/1811/1630 1636/1073/1629 906/1072/906 1616/1094/1616 1622/1812/1621
f 1618/1197/1618 1615/1175/1615 967/1184/967 1646/1194/1634 1650/1813/1637 1651/1814/1637 1652/1815/1637 1645/1809/1633 981/1199/981
f 1608/1091/1608 1616/1094/1616 906/1072/906
f 1617/1031/1617 1630/1030/1625 1629/1029/1625 1628/1028/1625 1619/1027/1619 891/1068/891
f 1607/1045/1607 1632/1816/1626 1631/1817/1626 1617/1031/1617 891/1068/891
f 1644/1239/1632 1648/1238/1636 1649/1237/1636 1647/1188/1635 1610/1187/1610 1633/1819/1627 1634/1818/1627 1611/1244/1611
f 1707/1110/1686 1709/1109/1688 1705/1108/1684 936/1129/936 935/1112/935
f 1723/1120/1702 1729/1119/1708 1728/1080/1707 1714/1823/1693 1715/1822/1694 929/1116/929
f 1724/1063/1703 1730/1062/1709 1731/1061/1709 1721/1060/1700 1712/1828/1691
f 1727/1153/1706 1733/1152/1711 1723/1120/1702 929/1116/929 1717/1825/1696 1713/1824/1692
f 1722/1164/1701 1734/1163/1712 1727/1153/1706 1713/1824/1692 1718/1826/1697 959/1160/959
f 1726/1207/1705 1722/1164/1701 959/1160/959
f 1728/1080/1707 1724/1063/1703 1712/1828/1691 1719/1827/1698 1714/1823/1693
usemtl Eye_02
f 982/1236/982 1647/1188/1635 1649/1237/1636 1648/1238/1636 1644/1239/1632
f 1636/1073/1629 1638/1811/1630 1637/1810/1630 1635/1079/1628
f 1635/1079/1628 1641/1078/1631 1640/1077/1631 1639/1076/1631 1643/1075/1631 1642/1074/1631 1636/1073/1629
f 1645/1809/1633 1652/1815/1637 1651/1814/1637 1650/1813/1637 1646/1194/1634 982/1236/982
f 1646/1194/1634 1656/1193/1638 1655/1192/1638 1654/1191/1638 1653/1190/1638 1657/1189/1638 1647/1188/1635 982/1236/982
f 1644/1239/1632 1645/1809/1633 982/1236/982
usemtl Cheek
f 1025/774/1025 1692/775/1671 1685/776/1664
f 844/983/844 1658/984/1639 1680/985/1659 1670/980/1651 860/986/860 859/987/859
f 843/990/843 844/983/844 859/987/859 858/991/858
f 860/986/860 1667/978/1648 1672/996/1653 1662/997/1643 875/998/875
f 859/987/859 860/986/860 875/998/875 874/1001/874
f 858/991/858 859/987/859 874/1001/874 873/1003/873
f 875/998/875 1662/997/1643 1661/1033/1642
f 874/1001/874 875/998/875 1661/1033/1642 1675/1035/1656 1676/1036/1656 1664/1037/1645
f 873/1003/873 874/1001/874 1664/1037/1645 1677/1039/1657 1678/1040/1657 1665/1015/1646
f 995/1259/995 1695/1247/1674 1700/1260/1679 1694/1257/1673 1011/1261/1011 1010/1262/1010
f 1009/1275/1009 1010/1262/1010 1025/1276/1025 1024/1277/1024
f 1011/1261/1011 1688/1256/1667 1691/1296/1670
f 1010/1262/1010 1011/1261/1011 1691/1296/1670 1690/1298/1669 1686/1299/1665 1025/1276/1025
f 1025/774/1025 1686/1313/1665 1699/1314/1678 1692/775/1671
f 1024/1326/1024 1025/774/1025 1685/776/1664 1702/1327/1681 1683/1322/1662
f 1670/980/1651 1671/979/1652 1667/978/1648 860/986/860
f 1665/1015/1646 1673/1014/1654 1669/1007/1650 873/1003/873
f 1659/960/1640 1674/959/1655 1663/958/1644 843/990/843 858/991/858
f 1669/1007/1650 1681/1006/1660 1659/960/1640 858/991/858 873/1003/873
f 1683/1322/1662 1696/1321/1675 1693/1320/1672 1024/1326/1024
f 1684/1218/1663 1697/1217/1676 1689/1216/1668 995/1259/995
f 1689/1216/1668 1698/1248/1677 1695/1247/1674 995/1259/995
f 1687/1264/1666 1684/1218/1663 995/1259/995 1010/1262/1010 1009/1275/1009
f 1682/1268/1661 1701/1267/1680 1687/1264/1666 1009/1275/1009
f 1691/1296/1670 1688/1256/1667 1690/1298/1669
f 1694/1257/1673 1688/1256/1667 1011/1261/1011
f 1693/1281/1672 1703/1280/1682 1682/1268/1661 1009/1275/1009 1024/1277/1024
