# Blender 5.2.1 LTS
# www.blender.org
mtllib model.mtl
o Object_32
v -0.053460 3.793819 1.206842
v -0.053460 3.801839 1.056008
v -0.219859 3.778382 1.183883
v -0.053460 3.793819 1.206842
v -0.219859 3.778382 1.183883
v -0.235360 3.825209 1.211166
v -0.053460 3.835672 1.228245
v -0.235360 3.825209 1.211166
v -0.053460 3.894173 1.190217
v -0.053460 3.835672 1.228245
v 0.128417 3.825208 1.211166
v 0.112917 3.778383 1.183883
v 0.112917 3.778383 1.183883
v 0.128417 3.825208 1.211166
v -0.238819 3.814141 0.636973
v -0.208034 3.709980 0.520772
v -0.053460 3.726736 0.523194
v -0.053460 3.830634 0.643761
v -0.250817 3.896161 0.901305
v -0.250298 3.864057 0.746191
v -0.053460 3.894388 0.749088
v -0.053461 3.922190 0.900981
v 0.101113 3.709981 0.520773
v 0.131876 3.814140 0.636973
v 0.143356 3.864057 0.746191
v 0.143875 3.896161 0.901305
v -0.406666 3.758364 0.902948
v -0.386885 3.777950 1.038130
v -0.346350 3.727016 0.908331
v -0.349441 3.697247 0.779937
v -0.396116 3.725482 0.764588
v -0.379318 3.683259 0.668774
v -0.320170 3.664300 0.685118
v -0.283591 3.588310 0.550866
v -0.337919 3.590494 0.545720
v -0.406666 3.758364 0.902948
v -0.396116 3.725482 0.764588
v -0.384075 3.840645 0.894970
v -0.379405 3.811070 0.749887
v -0.352122 3.759120 0.644431
v -0.379318 3.683259 0.668774
v -0.337919 3.590494 0.545720
v -0.305555 3.662808 0.534435
v -0.305555 3.662808 0.534435
v -0.352122 3.759120 0.644431
v -0.379405 3.811070 0.749887
v -0.384075 3.840645 0.894970
v -0.250796 3.900874 1.032120
v -0.053461 3.930189 1.034735
v -0.386885 3.777950 1.038130
v -0.359386 3.848470 1.025461
v -0.251920 3.878931 1.176078
v -0.316430 3.793839 1.153054
v -0.251920 3.878931 1.176078
v -0.235360 3.825209 1.211166
v -0.313425 3.857443 1.118270
v -0.316430 3.793839 1.153054
v -0.359386 3.848470 1.025461
v -0.053460 3.894173 1.190217
v -0.251920 3.878931 1.176078
v -0.313425 3.857443 1.118270
v -0.320883 3.738172 1.042518
v -0.291266 3.762191 1.126810
v -0.200619 3.782425 1.051901
v -0.291266 3.762191 1.126810
v -0.320883 3.738172 1.042518
v -0.346350 3.727016 0.908331
v -0.194414 3.763443 0.906277
v -0.053460 3.789883 0.910536
v -0.053460 3.751401 0.775765
v -0.181162 3.734496 0.778900
v -0.053460 3.714498 0.680448
v -0.170741 3.599141 0.541656
v -0.171952 3.703019 0.674935
v -0.053460 3.614058 0.546304
v -0.283591 3.588310 0.550866
v -0.320170 3.664300 0.685118
v -0.349441 3.697247 0.779937
v 0.299724 3.758363 0.902948
v 0.289174 3.725481 0.764588
v 0.242499 3.697247 0.779937
v 0.213941 3.738172 1.042518
v 0.279943 3.777950 1.038130
v 0.239408 3.727016 0.908331
v 0.272376 3.683259 0.668774
v 0.230977 3.590494 0.545720
v 0.176649 3.588310 0.550866
v 0.213228 3.664300 0.685118
v 0.209487 3.793840 1.153055
v 0.184345 3.762190 1.126809
v 0.065010 3.703019 0.674935
v 0.063821 3.599140 0.541656
v 0.176649 3.588310 0.550866
v 0.213228 3.664300 0.685118
v 0.242499 3.697247 0.779937
v 0.074220 3.734496 0.778900
v 0.239408 3.727016 0.908331
v 0.213941 3.738172 1.042518
v 0.087472 3.763443 0.906277
v 0.093676 3.782424 1.051901
v 0.184345 3.762190 1.126809
v 0.272463 3.811069 0.749887
v 0.289174 3.725481 0.764588
v 0.277132 3.840644 0.894970
v 0.299724 3.758363 0.902948
v 0.272376 3.683259 0.668774
v 0.245180 3.759121 0.644431
v 0.230977 3.590494 0.545720
v 0.198613 3.662808 0.534435
v 0.198613 3.662808 0.534435
v 0.245180 3.759121 0.644431
v 0.272463 3.811069 0.749887
v 0.277132 3.840644 0.894970
v 0.143853 3.900874 1.032120
v 0.252444 3.848470 1.025461
v 0.279943 3.777950 1.038130
v 0.144999 3.878932 1.176079
v 0.209487 3.793840 1.153055
v 0.128417 3.825208 1.211166
v 0.206504 3.857442 1.118270
v 0.144999 3.878932 1.176079
v 0.252444 3.848470 1.025461
v 0.144999 3.878932 1.176079
v 0.206504 3.857442 1.118270
v -0.465900 3.854720 0.749197
v -0.435245 3.599749 0.705376
v -0.419528 3.846030 0.783831
v -0.358001 3.607922 0.745265
v -0.358001 3.607922 0.745265
v -0.371404 3.608679 0.848690
v -0.419528 3.846030 0.783831
v -0.438596 3.864168 0.866630
v -0.454399 3.874978 0.970011
v -0.385845 3.615769 0.954254
v -0.377630 3.626384 1.016366
v -0.433992 3.872059 1.050822
v -0.396246 3.881009 1.134983
v -0.355752 3.630210 1.083449
v -0.294550 3.639117 1.188214
v -0.327001 3.885960 1.217091
v -0.244288 3.896834 1.267722
v -0.232375 3.608655 1.235322
v -0.149771 3.605348 1.257546
v -0.152323 3.894780 1.286920
v -0.053460 3.606213 1.266410
v -0.053461 3.894066 1.295178
v 0.045380 3.894780 1.286920
v 0.042829 3.605348 1.257546
v 0.137346 3.896834 1.267722
v 0.125434 3.608656 1.235322
v 0.187631 3.639115 1.188214
v 0.220080 3.885960 1.217091
v 0.289303 3.881008 1.134983
v 0.248811 3.630208 1.083449
v 0.270689 3.626381 1.016366
v 0.327049 3.872057 1.050821
v 0.347479 3.874975 0.970010
v 0.278905 3.615767 0.954254
v 0.264485 3.608676 0.848689
v 0.331654 3.864167 0.866629
v 0.312608 3.846029 0.783830
v 0.251060 3.607920 0.745264
v 0.251060 3.607920 0.745264
v 0.328303 3.599748 0.705375
v 0.312608 3.846029 0.783830
v 0.358958 3.854719 0.749196
v -0.053461 3.891061 1.361548
v -0.053461 3.625346 1.360164
v -0.187150 3.633561 1.344534
v -0.179346 3.889894 1.353808
v -0.508208 3.585892 0.746365
v -0.435245 3.599749 0.705376
v -0.523449 3.823221 0.787722
v -0.465900 3.854720 0.749197
v -0.539663 3.578800 0.862242
v -0.508208 3.585892 0.746365
v -0.523449 3.823221 0.787722
v -0.547230 3.603598 1.000191
v -0.542149 3.846138 0.994764
v -0.550472 3.846354 0.873137
v -0.518650 3.647613 1.095378
v -0.276219 3.891969 1.333595
v -0.296000 3.654834 1.313122
v -0.377978 3.679328 1.279505
v -0.379470 3.890435 1.286790
v -0.449233 3.884252 1.197289
v -0.475500 3.690613 1.178459
v -0.491476 3.867713 1.100566
v -0.465900 3.854720 0.749197
v -0.483347 3.889636 0.864101
v -0.523449 3.823221 0.787722
v -0.550472 3.846354 0.873137
v -0.483347 3.889636 0.864101
v -0.465900 3.854720 0.749197
v -0.419528 3.846030 0.783831
v -0.438596 3.864168 0.866630
v -0.454399 3.874978 0.970011
v -0.542149 3.846138 0.994764
v -0.496339 3.900229 0.979869
v -0.496339 3.900229 0.979869
v -0.460820 3.906043 1.079466
v -0.491476 3.867713 1.100566
v -0.460820 3.906043 1.079466
v -0.433992 3.872059 1.050822
v -0.396246 3.881009 1.134983
v -0.449233 3.884252 1.197289
v -0.430857 3.914798 1.166352
v -0.430857 3.914798 1.166352
v -0.352835 3.923727 1.257843
v -0.379470 3.890435 1.286790
v -0.352835 3.923727 1.257843
v -0.327001 3.885960 1.217091
v -0.244288 3.896834 1.267722
v -0.276219 3.891969 1.333595
v -0.252547 3.927878 1.303328
v -0.252547 3.927878 1.303328
v -0.053461 3.894066 1.295178
v -0.053461 3.928592 1.329768
v -0.152323 3.894780 1.286920
v -0.158635 3.927360 1.320515
v -0.158635 3.927360 1.320515
v -0.179346 3.889894 1.353808
v -0.053461 3.928592 1.329768
v -0.053461 3.891061 1.361548
v 0.045380 3.894780 1.286920
v 0.051693 3.927358 1.320515
v 0.080229 3.633560 1.344534
v 0.051693 3.927358 1.320515
v 0.072403 3.889894 1.353808
v 0.072403 3.889894 1.353808
v 0.358958 3.854719 0.749196
v 0.328303 3.599748 0.705375
v 0.416507 3.823221 0.787721
v 0.401288 3.585891 0.746364
v 0.401288 3.585891 0.746364
v 0.432743 3.578799 0.862241
v 0.416507 3.823221 0.787721
v 0.443530 3.846353 0.873137
v 0.435229 3.846137 0.994764
v 0.440288 3.603596 1.000190
v 0.411730 3.647613 1.095377
v 0.169298 3.891969 1.333594
v 0.189057 3.654834 1.313122
v 0.271035 3.679329 1.279504
v 0.272527 3.890435 1.286790
v 0.342290 3.884251 1.197288
v 0.368557 3.690612 1.178458
v 0.384533 3.867712 1.100565
v 0.443530 3.846353 0.873137
v 0.376426 3.889633 0.864100
v 0.416507 3.823221 0.787721
v 0.358958 3.854719 0.749196
v 0.358958 3.854719 0.749196
v 0.376426 3.889633 0.864100
v 0.312608 3.846029 0.783830
v 0.331654 3.864167 0.866629
v 0.347479 3.874975 0.970010
v 0.435229 3.846137 0.994764
v 0.389397 3.900227 0.979868
v 0.389397 3.900227 0.979868
v 0.384533 3.867712 1.100565
v 0.353878 3.906042 1.079466
v 0.353878 3.906042 1.079466
v 0.327049 3.872057 1.050821
v 0.289303 3.881008 1.134983
v 0.342290 3.884251 1.197288
v 0.323936 3.914799 1.166352
v 0.323936 3.914799 1.166352
v 0.272527 3.890435 1.286790
v 0.245893 3.923728 1.257843
v 0.245893 3.923728 1.257843
v 0.220080 3.885960 1.217091
v 0.137346 3.896834 1.267722
v 0.169298 3.891969 1.333594
v 0.145604 3.927878 1.303328
v 0.145604 3.927878 1.303328
v -0.487454 4.100585 0.677702
v -0.496534 3.843862 0.764826
v -0.441190 3.879425 0.793881
v -0.390405 4.103075 0.726737
v -0.428713 4.107960 0.839436
v -0.390405 4.103075 0.726737
v -0.441190 3.879425 0.793881
v -0.469273 3.879598 0.877502
v -0.466527 3.882603 0.992752
v -0.421428 4.115397 0.950017
v -0.401128 4.121710 1.024602
v -0.444584 3.890688 1.091722
v -0.406535 3.896807 1.157357
v -0.376526 4.126379 1.084940
v -0.327712 4.122315 1.155958
v -0.342090 3.902147 1.225801
v -0.262036 3.896763 1.268217
v -0.241626 4.136886 1.220167
v -0.135393 4.137599 1.240467
v -0.148776 3.894558 1.296127
v -0.053458 4.129774 1.249871
v -0.053459 3.895877 1.305423
v 0.041836 3.894558 1.296127
v 0.028455 4.137598 1.240467
v 0.155096 3.896763 1.268217
v 0.134688 4.136885 1.220167
v 0.220774 4.122313 1.155958
v 0.235172 3.902147 1.225801
v 0.299617 3.896807 1.157357
v 0.269610 4.126378 1.084940
v 0.294212 4.121708 1.024602
v 0.337644 3.890688 1.091722
v 0.359587 3.882603 0.992752
v 0.314512 4.115396 0.950017
v 0.321776 4.107959 0.839436
v 0.362333 3.879598 0.877502
v 0.334271 3.879425 0.793881
v 0.283489 4.103073 0.726737
v 0.389594 3.843862 0.764826
v 0.380535 4.100585 0.677702
v 0.334271 3.879425 0.793881
v 0.283489 4.103073 0.726737
v -0.170654 3.902838 1.365134
v -0.172319 4.143778 1.339753
v -0.053459 4.134028 1.351881
v -0.496534 3.843862 0.764826
v -0.487454 4.100585 0.677702
v -0.563638 3.852121 0.798119
v -0.575356 4.097406 0.723167
v -0.575356 4.097406 0.723167
v -0.604087 4.093796 0.860272
v -0.563638 3.852121 0.798119
v -0.579074 3.844706 0.887858
v -0.555445 3.860617 1.019948
v -0.584781 4.110593 0.989401
v -0.535426 4.122895 1.105147
v -0.283006 3.901411 1.340878
v -0.302269 4.136882 1.313357
v -0.401066 4.125532 1.269103
v -0.391813 3.902644 1.299218
v -0.465965 3.901065 1.226839
v -0.469619 4.124603 1.203534
v -0.511235 3.893110 1.137662
v -0.579074 3.844706 0.887858
v -0.519796 3.837269 0.886236
v -0.563638 3.852121 0.798119
v -0.496534 3.843862 0.764826
v -0.496534 3.843862 0.764826
v -0.519796 3.837269 0.886236
v -0.441190 3.879425 0.793881
v -0.469273 3.879598 0.877502
v -0.466527 3.882603 0.992752
v -0.555445 3.860617 1.019948
v -0.515169 3.845009 1.007582
v -0.515169 3.845009 1.007582
v -0.511235 3.893110 1.137662
v -0.487822 3.864292 1.112541
v -0.487822 3.864292 1.112541
v -0.444584 3.890688 1.091722
v -0.406535 3.896807 1.157357
v -0.465965 3.901065 1.226839
v -0.430121 3.871556 1.194281
v -0.430121 3.871556 1.194281
v -0.391813 3.902644 1.299218
v -0.369113 3.872118 1.258900
v -0.369113 3.872118 1.258900
v -0.342090 3.902147 1.225801
v -0.262036 3.896763 1.268217
v -0.283006 3.901411 1.340878
v -0.269408 3.869481 1.305877
v -0.269408 3.869481 1.305877
v -0.053459 3.903400 1.366518
v -0.159239 3.866476 1.336143
v -0.170654 3.902838 1.365134
v -0.053459 3.903400 1.366518
v -0.159239 3.866476 1.336143
v -0.148776 3.894558 1.296127
v -0.053459 3.865222 1.339148
v -0.053459 3.865222 1.339148
v -0.053459 3.895877 1.305423
v 0.041836 3.894558 1.296127
v 0.052299 3.866476 1.336143
v 0.052299 3.866476 1.336143
v 0.063736 3.902838 1.365134
v 0.063736 3.902838 1.365134
v 0.065379 4.143778 1.339753
v 0.468437 4.097406 0.723167
v 0.380535 4.100585 0.677702
v 0.456698 3.852121 0.798119
v 0.389594 3.843862 0.764826
v 0.497146 4.093796 0.860272
v 0.468437 4.097406 0.723167
v 0.456698 3.852121 0.798119
v 0.477841 4.110593 0.989401
v 0.448526 3.860617 1.019948
v 0.472134 3.844706 0.887858
v 0.428486 4.122895 1.105147
v 0.176066 3.901411 1.340878
v 0.195328 4.136882 1.313357
v 0.294126 4.125532 1.269103
v 0.284873 3.902644 1.299218
v 0.359025 3.901065 1.226839
v 0.362700 4.124603 1.203534
v 0.404294 3.893110 1.137662
v 0.389594 3.843862 0.764826
v 0.412855 3.837269 0.886236
v 0.456698 3.852121 0.798119
v 0.472134 3.844706 0.887858
v 0.412855 3.837269 0.886236
v 0.389594 3.843862 0.764826
v 0.334271 3.879425 0.793881
v 0.362333 3.879598 0.877502
v 0.359587 3.882603 0.992752
v 0.448526 3.860617 1.019948
v 0.408229 3.845009 1.007582
v 0.408229 3.845009 1.007582
v 0.380881 3.864292 1.112541
v 0.404294 3.893110 1.137662
v 0.380881 3.864292 1.112541
v 0.337644 3.890688 1.091722
v 0.299617 3.896807 1.157357
v 0.359025 3.901065 1.226839
v 0.323181 3.871556 1.194281
v 0.323181 3.871556 1.194281
v 0.262195 3.872118 1.258900
v 0.284873 3.902644 1.299218
v 0.262195 3.872118 1.258900
v 0.235172 3.902147 1.225801
v 0.155096 3.896763 1.268217
v 0.176066 3.901411 1.340878
v 0.162468 3.869481 1.305877
v 0.162468 3.869481 1.305877
vn -0.0000 -0.9986 -0.0531
vn 0.1575 -0.9873 -0.0184
vn -0.0000 -0.9998 0.0221
vn -0.0000 -0.4672 0.8842
vn -0.1953 -0.5354 0.8217
vn -0.2050 -0.5717 0.7944
vn -0.0000 0.5450 0.8384
vn -0.0000 0.5406 0.8413
vn -0.1022 0.5261 0.8442
vn -0.0000 -0.4553 0.8903
vn 0.1022 0.5261 0.8443
vn -0.1575 -0.9873 -0.0184
vn 0.2050 -0.5717 0.7945
vn 0.1953 -0.5354 0.8217
vn -0.2246 0.7943 -0.5646
vn -0.0000 0.7478 -0.6640
vn -0.2321 0.6929 -0.6826
vn -0.0000 0.8232 -0.5678
vn -0.2643 0.9587 -0.1049
vn -0.0000 0.9358 -0.3524
vn -0.2457 0.9145 -0.3213
vn -0.0000 0.9933 -0.1152
vn 0.2322 0.6929 -0.6826
vn 0.2246 0.7943 -0.5646
vn 0.2458 0.9145 -0.3213
vn 0.2643 0.9587 -0.1049
vn -0.4771 -0.8570 0.1946
vn -0.4743 -0.8580 0.1973
vn -0.5016 -0.8218 0.2705
vn -0.5099 -0.8358 0.2034
vn -0.5547 -0.8071 0.2021
vn -0.3741 -0.8710 0.3185
vn -0.3655 -0.8808 0.3011
vn -0.1631 -0.8289 0.5351
vn -0.0875 -0.8094 0.5807
vn -0.9597 0.2810 -0.0069
vn -0.9667 0.2539 0.0315
vn -0.9610 0.1898 -0.2013
vn -0.9709 0.1588 -0.1792
vn -0.9062 0.2012 -0.3720
vn -0.9090 0.2105 -0.3596
vn -0.8216 0.2349 -0.5195
vn -0.7840 0.2631 -0.5623
vn -0.3776 0.6277 -0.6807
vn -0.3830 0.7083 -0.5929
vn -0.3834 0.8639 -0.3266
vn -0.3807 0.9193 -0.0998
vn -0.2900 0.9556 0.0521
vn -0.0000 0.9976 0.0687
vn -0.8964 0.3721 0.2409
vn -0.8946 0.3718 0.2479
vn -0.1004 0.5222 0.8469
vn -0.4083 -0.7268 0.5523
vn -0.7078 0.2202 0.6712
vn -0.7666 0.3346 0.5480
vn -0.6754 0.3024 0.6725
vn -0.7307 0.3538 0.5839
vn -0.4199 0.9065 0.0444
vn -0.2384 0.9570 0.1656
vn -0.0000 0.9742 0.2257
vn -0.4363 0.8901 0.1316
vn -0.5105 -0.8047 0.3030
vn -0.4401 -0.7541 0.4875
vn 0.2210 -0.9724 0.0753
vn 0.2754 -0.9585 0.0743
vn 0.3007 -0.9475 0.1088
vn 0.2269 -0.9639 0.1393
vn 0.2118 -0.9608 0.1790
vn -0.0000 -0.9820 0.1891
vn -0.0000 -0.9513 0.3084
vn 0.1666 -0.9480 0.2713
vn -0.0000 -0.8858 0.4640
vn 0.1010 -0.7843 0.6122
vn -0.0000 -0.7931 0.6091
vn 0.1396 -0.8788 0.4564
vn 0.1824 -0.7983 0.5739
vn 0.2545 -0.8561 0.4498
vn 0.2250 -0.9329 0.2813
vn 0.4771 -0.8570 0.1946
vn 0.5099 -0.8358 0.2034
vn 0.5547 -0.8071 0.2021
vn 0.5105 -0.8047 0.3030
vn 0.4743 -0.8580 0.1973
vn 0.5016 -0.8218 0.2705
vn 0.3741 -0.8710 0.3185
vn 0.1631 -0.8289 0.5351
vn 0.0875 -0.8094 0.5807
vn 0.3655 -0.8808 0.3011
vn 0.4084 -0.7267 0.5524
vn 0.4403 -0.7540 0.4875
vn -0.1396 -0.8788 0.4564
vn -0.1011 -0.7843 0.6122
vn -0.1825 -0.7983 0.5739
vn -0.2545 -0.8561 0.4498
vn -0.2250 -0.9329 0.2813
vn -0.1666 -0.9480 0.2713
vn -0.2269 -0.9639 0.1393
vn -0.3007 -0.9475 0.1088
vn -0.2118 -0.9608 0.1790
vn -0.2210 -0.9724 0.0753
vn -0.2753 -0.9585 0.0743
vn 0.9709 0.1588 -0.1792
vn 0.9667 0.2539 0.0315
vn 0.9610 0.1898 -0.2013
vn 0.9597 0.2810 -0.0069
vn 0.9090 0.2105 -0.3596
vn 0.9062 0.2012 -0.3720
vn 0.8216 0.2349 -0.5195
vn 0.7840 0.2631 -0.5623
vn 0.3776 0.6277 -0.6807
vn 0.3830 0.7083 -0.5929
vn 0.3834 0.8639 -0.3266
vn 0.3807 0.9193 -0.0998
vn 0.2900 0.9556 0.0521
vn 0.8946 0.3718 0.2478
vn 0.8964 0.3721 0.2409
vn 0.1004 0.5221 0.8469
vn 0.7307 0.3537 0.5840
vn 0.7667 0.3345 0.5480
vn 0.6754 0.3022 0.6726
vn 0.7078 0.2200 0.6713
vn 0.4199 0.9065 0.0444
vn 0.2384 0.9570 0.1655
vn 0.4363 0.8902 0.1315
vn 0.6101 0.2049 -0.7654
vn 0.5771 0.2142 -0.7881
vn 0.4525 0.2443 -0.8577
vn 0.4232 0.2504 -0.8708
vn 0.9655 0.2295 0.1234
vn 0.9584 0.2376 0.1583
vn 0.9631 0.2385 0.1251
vn 0.9599 0.2426 0.1406
vn 0.7757 0.6247 -0.0896
vn 0.9665 0.2563 -0.0120
vn 0.9365 0.2447 -0.2511
vn 0.8163 0.5003 -0.2887
vn 0.8277 0.2197 -0.5164
vn 0.8879 0.2257 -0.4009
vn 0.7130 0.1707 -0.6801
vn 0.6274 0.1713 -0.7596
vn 0.3724 0.1305 -0.9188
vn 0.4328 0.1184 -0.8937
vn 0.1709 0.1085 -0.9793
vn 0.1458 0.1003 -0.9842
vn -0.0000 0.1013 -0.9949
vn -0.0000 0.0994 -0.9950
vn -0.1458 0.1003 -0.9842
vn -0.1709 0.1085 -0.9793
vn -0.3724 0.1305 -0.9189
vn -0.4328 0.1184 -0.8937
vn -0.7130 0.1707 -0.6801
vn -0.6274 0.1713 -0.7596
vn -0.8277 0.2197 -0.5164
vn -0.8879 0.2257 -0.4009
vn -0.9365 0.2447 -0.2511
vn -0.8163 0.5003 -0.2888
vn -0.7757 0.6246 -0.0897
vn -0.9665 0.2564 -0.0122
vn -0.9630 0.2385 0.1252
vn -0.9599 0.2425 0.1406
vn -0.9584 0.2375 0.1582
vn -0.9654 0.2295 0.1236
vn -0.4232 0.2504 -0.8708
vn -0.5772 0.2142 -0.7880
vn -0.4525 0.2444 -0.8576
vn -0.6102 0.2049 -0.7653
vn -0.0000 -0.0254 0.9997
vn -0.1795 -0.0312 0.9833
vn -0.0000 -0.0052 1.0000
vn -0.1319 -0.0318 0.9907
vn -0.5032 0.1169 -0.8562
vn -0.5671 0.0783 -0.8199
vn -0.5185 0.1079 -0.8483
vn -0.5809 0.0695 -0.8110
vn -0.9879 -0.0099 -0.1549
vn -0.9576 -0.0241 -0.2873
vn -0.9647 -0.0161 -0.2629
vn -0.9967 0.0226 0.0780
vn -0.9760 0.0319 0.2152
vn -0.9950 -0.0364 -0.0935
vn -0.9359 0.0613 0.3469
vn -0.3121 -0.0374 0.9493
vn -0.3356 -0.0532 0.9405
vn -0.5658 -0.0195 0.8243
vn -0.6115 -0.0316 0.7906
vn -0.8359 0.0377 0.5476
vn -0.8370 0.0607 0.5438
vn -0.9126 0.1033 0.3956
vn -0.6089 0.7286 -0.3138
vn -0.5834 0.7392 -0.3365
vn -0.6040 0.7709 -0.2021
vn -0.5500 0.8211 -0.1528
vn 0.4744 0.8776 -0.0683
vn 0.3788 0.9056 -0.1908
vn 0.3398 0.9130 -0.2258
vn 0.4961 0.8669 -0.0487
vn -0.7101 0.7010 0.0666
vn 0.4890 0.8627 -0.1290
vn -0.7588 0.6507 0.0291
vn -0.7144 0.6704 0.2007
vn -0.7094 0.6764 0.1980
vn 0.5890 0.7633 -0.2656
vn 0.4954 0.7941 -0.3520
vn -0.6281 0.7119 0.3143
vn 0.4639 0.8094 -0.3600
vn -0.6722 0.6861 0.2781
vn -0.4148 0.7567 0.5053
vn -0.4261 0.7632 0.4857
vn 0.3381 0.7882 -0.5142
vn 0.3643 0.7868 -0.4983
vn 0.1925 0.7608 -0.6198
vn -0.2313 0.7175 0.6570
vn 0.1793 0.7618 -0.6226
vn -0.2045 0.7062 0.6779
vn -0.0000 0.7078 -0.7064
vn 0.1049 0.7215 -0.6844
vn -0.0000 0.7121 -0.7021
vn 0.1002 0.7296 -0.6765
vn -0.0957 0.6889 0.7185
vn -0.1055 0.6884 0.7176
vn -0.0000 0.6561 0.7547
vn -0.0000 0.6462 0.7632
vn -0.1049 0.7215 -0.6844
vn -0.1002 0.7296 -0.6765
vn 0.1795 -0.0312 0.9833
vn 0.1055 0.6884 0.7176
vn 0.0957 0.6889 0.7185
vn 0.1319 -0.0318 0.9908
vn 0.5809 0.0695 -0.8110
vn 0.5670 0.0783 -0.8200
vn 0.5184 0.1080 -0.8483
vn 0.5031 0.1169 -0.8563
vn 0.9647 -0.0161 -0.2629
vn 0.9575 -0.0240 -0.2873
vn 0.9879 -0.0099 -0.1549
vn 0.9949 -0.0363 -0.0936
vn 0.9760 0.0320 0.2152
vn 0.9967 0.0225 0.0780
vn 0.9359 0.0613 0.3469
vn 0.3121 -0.0374 0.9493
vn 0.3356 -0.0532 0.9405
vn 0.5658 -0.0195 0.8243
vn 0.6116 -0.0316 0.7906
vn 0.8359 0.0377 0.5476
vn 0.8370 0.0606 0.5439
vn 0.9125 0.1034 0.3957
vn 0.5501 0.8210 -0.1529
vn 0.5834 0.7392 -0.3365
vn 0.6041 0.7709 -0.2021
vn 0.6089 0.7285 -0.3139
vn -0.3399 0.9130 -0.2257
vn -0.3788 0.9056 -0.1907
vn -0.4744 0.8777 -0.0683
vn -0.4959 0.8670 -0.0488
vn -0.7757 0.6247 -0.0897
vn 0.7100 0.7011 0.0667
vn -0.4892 0.8625 -0.1291
vn 0.7586 0.6509 0.0292
vn 0.7094 0.6764 0.1980
vn 0.7144 0.6704 0.2007
vn -0.5889 0.7633 -0.2657
vn -0.8162 0.5004 -0.2888
vn -0.4954 0.7942 -0.3519
vn 0.6282 0.7117 0.3144
vn -0.4638 0.8095 -0.3599
vn 0.6725 0.6858 0.2782
vn 0.4261 0.7632 0.4857
vn 0.4148 0.7567 0.5053
vn -0.3381 0.7882 -0.5143
vn -0.3644 0.7867 -0.4983
vn -0.1925 0.7608 -0.6198
vn 0.2313 0.7176 0.6570
vn -0.1793 0.7617 -0.6226
vn 0.2044 0.7062 0.6778
vn 0.4582 -0.3363 -0.8227
vn 0.5511 -0.2948 -0.7806
vn 0.5811 -0.2799 -0.7642
vn 0.4299 -0.3478 -0.8332
vn 0.9755 -0.1539 0.1575
vn 0.9409 -0.1149 0.3185
vn 0.9389 -0.1159 0.3242
vn 0.9795 -0.1519 0.1321
vn 0.9699 -0.2113 -0.1208
vn 0.9668 -0.2132 -0.1410
vn 0.9258 -0.2358 -0.2955
vn 0.9017 -0.2682 -0.3393
vn 0.7924 -0.2712 -0.5464
vn 0.8597 -0.2525 -0.4441
vn 0.6852 -0.2543 -0.6825
vn 0.5693 -0.2821 -0.7722
vn 0.3517 -0.2507 -0.9019
vn 0.3979 -0.2124 -0.8925
vn 0.1446 -0.2208 -0.9646
vn 0.1632 -0.2298 -0.9594
vn -0.0000 -0.2286 -0.9735
vn -0.0000 -0.2311 -0.9729
vn -0.1632 -0.2298 -0.9594
vn -0.1446 -0.2208 -0.9646
vn -0.3517 -0.2507 -0.9019
vn -0.3979 -0.2124 -0.8925
vn -0.6851 -0.2543 -0.6826
vn -0.5693 -0.2822 -0.7722
vn -0.7924 -0.2712 -0.5464
vn -0.8596 -0.2525 -0.4442
vn -0.9258 -0.2357 -0.2955
vn -0.9017 -0.2681 -0.3392
vn -0.9699 -0.2112 -0.1208
vn -0.9668 -0.2131 -0.1409
vn -0.9755 -0.1539 0.1575
vn -0.9795 -0.1520 0.1320
vn -0.9410 -0.1149 0.3183
vn -0.9389 -0.1159 0.3240
vn -0.5812 -0.2798 -0.7641
vn -0.5512 -0.2948 -0.7806
vn -0.4582 -0.3363 -0.8227
vn -0.4299 -0.3478 -0.8332
vn -0.1238 0.0886 0.9884
vn -0.0000 0.0926 0.9957
vn -0.1506 0.1011 0.9834
vn -0.4543 -0.2718 -0.8483
vn -0.4496 -0.2742 -0.8501
vn -0.4369 -0.2803 -0.8547
vn -0.4326 -0.2823 -0.8562
vn -0.9723 -0.1096 -0.2066
vn -0.9757 -0.1154 -0.1861
vn -0.9944 -0.1029 -0.0231
vn -0.9950 -0.0983 0.0146
vn -0.9593 -0.0678 0.2742
vn -0.9575 -0.0784 0.2776
vn -0.8909 -0.0188 0.4539
vn -0.2857 0.1000 0.9531
vn -0.3131 0.0849 0.9459
vn -0.5582 0.0749 0.8263
vn -0.5257 0.0924 0.8456
vn -0.7914 0.0310 0.6105
vn -0.7685 0.0539 0.6375
vn -0.9117 -0.0381 0.4092
vn -0.1239 -0.9921 0.0207
vn -0.1525 -0.9842 -0.0900
vn -0.1523 -0.9883 0.0086
vn -0.1630 -0.9830 -0.0846
vn 0.5199 -0.8526 0.0533
vn 0.5609 -0.8215 0.1024
vn 0.6186 -0.7826 0.0699
vn 0.6498 -0.7493 0.1275
vn 0.6041 -0.7969 0.0006
vn -0.3085 -0.9313 0.1939
vn 0.6127 -0.7903 0.0062
vn -0.3170 -0.9365 0.1497
vn -0.5383 -0.7581 0.3680
vn -0.4810 -0.7970 0.3653
vn 0.5065 -0.8541 -0.1186
vn 0.4791 -0.8709 -0.1093
vn 0.4443 -0.8485 -0.2876
vn -0.4039 -0.8385 0.3657
vn 0.4205 -0.8514 -0.3136
vn -0.3808 -0.8539 0.3547
vn -0.2932 -0.8344 0.4667
vn -0.3102 -0.8306 0.4624
vn 0.3378 -0.8255 -0.4522
vn 0.3458 -0.8180 -0.4597
vn 0.1864 -0.8139 -0.5503
vn -0.2273 -0.7608 0.6079
vn 0.1783 -0.8131 -0.5541
vn -0.2416 -0.7618 0.6011
vn -0.0000 0.0633 0.9980
vn -0.0807 -0.6458 0.7592
vn -0.0000 -0.5939 0.8045
vn -0.0880 -0.6377 0.7652
vn 0.0678 -0.8233 -0.5636
vn 0.0697 -0.8144 -0.5761
vn -0.0000 -0.5826 0.8127
vn -0.0000 -0.7655 -0.6435
vn -0.0000 -0.7400 -0.6726
vn -0.0697 -0.8144 -0.5761
vn -0.0678 -0.8233 -0.5636
vn 0.0807 -0.6458 0.7592
vn 0.0881 -0.6378 0.7652
vn 0.1238 0.0886 0.9883
vn 0.1506 0.1011 0.9834
vn 0.4326 -0.2823 -0.8562
vn 0.4496 -0.2742 -0.8501
vn 0.4369 -0.2803 -0.8547
vn 0.4543 -0.2719 -0.8483
vn 0.9944 -0.1029 -0.0230
vn 0.9757 -0.1155 -0.1861
vn 0.9723 -0.1096 -0.2065
vn 0.9575 -0.0784 0.2776
vn 0.9593 -0.0678 0.2742
vn 0.9950 -0.0983 0.0145
vn 0.8909 -0.0188 0.4538
vn 0.2858 0.1000 0.9531
vn 0.3131 0.0849 0.9459
vn 0.5582 0.0749 0.8263
vn 0.5257 0.0924 0.8456
vn 0.7914 0.0310 0.6105
vn 0.7685 0.0538 0.6375
vn 0.9116 -0.0381 0.4092
vn 0.1630 -0.9830 -0.0846
vn 0.1525 -0.9842 -0.0900
vn 0.1523 -0.9883 0.0085
vn 0.1239 -0.9921 0.0207
vn -0.6186 -0.7826 0.0699
vn -0.5610 -0.8215 0.1023
vn -0.5200 -0.8525 0.0533
vn -0.6498 -0.7493 0.1274
vn -0.6041 -0.7969 0.0006
vn 0.3084 -0.9313 0.1939
vn -0.6127 -0.7903 0.0062
vn 0.3168 -0.9366 0.1497
vn 0.4810 -0.7970 0.3653
vn 0.5383 -0.7582 0.3680
vn -0.5065 -0.8541 -0.1185
vn -0.4791 -0.8709 -0.1092
vn -0.4444 -0.8484 -0.2876
vn 0.4039 -0.8385 0.3657
vn -0.4206 -0.8513 -0.3137
vn 0.3808 -0.8539 0.3547
vn 0.3103 -0.8306 0.4624
vn 0.2933 -0.8344 0.4667
vn -0.3378 -0.8255 -0.4522
vn -0.3458 -0.8180 -0.4598
vn -0.1864 -0.8139 -0.5504
vn 0.2273 -0.7608 0.6079
vn -0.1783 -0.8131 -0.5541
vn 0.2416 -0.7618 0.6011
vt 0.946510 1.415140
vt 0.945360 1.424560
vt 0.921580 1.419020
vt 0.949570 1.424620
vt 0.955990 1.416200
vt 0.966460 1.419600
vt 0.956220 1.464860
vt 0.973090 1.483270
vt 0.947530 1.480900
vt 0.982720 1.466880
vt 0.963980 1.442000
vt 0.986820 1.454460
vt 0.961360 1.454110
vt 0.986180 1.440580
vt 0.937480 1.441960
vt 0.930560 1.440490
vt 0.942690 1.434770
vt 0.923500 1.450190
vt 0.930670 1.451850
vt 0.924000 1.460760
vt 0.914090 1.458620
vt 0.897660 1.474800
vt 0.909980 1.476670
vt 0.946970 1.442620
vt 0.941920 1.452630
vt 0.936210 1.462410
vt 0.926800 1.477980
vt 0.961490 1.433710
vt 0.980250 1.429710
vt 0.949440 1.435350
vt 0.954070 1.426660
vt 0.946300 1.429040
vt 0.951090 1.430580
vt 0.937690 1.432830
vt 0.942190 1.428900
vt 0.929390 1.426800
vt 0.913570 1.434450
vt 0.900570 1.427430
vt 0.883670 1.438490
vt 0.899760 1.443750
vt 0.872750 1.448270
vt 0.876010 1.471040
vt 0.857580 1.465840
vt 0.888970 1.453370
vt 0.921610 1.933880
vt 0.924570 1.933340
vt 0.919530 1.946790
vt 0.935790 1.945600
vt 0.948320 1.940440
vt 0.928980 1.930600
vt 0.932040 1.925120
vt 0.955970 1.933400
vt 0.959270 1.928680
vt 0.936870 1.920140
vt 0.941510 1.916340
vt 0.965430 1.926030
vt 0.969940 1.923620
vt 0.947540 1.912680
vt 0.961010 1.906630
vt 0.976540 1.921030
vt 0.984750 1.918050
vt 0.966960 1.904310
vt 0.992840 1.914910
vt 0.973140 1.901920
vt 0.739090 1.953820
vt 0.745110 1.985840
vt 0.716840 1.980850
vt 0.758330 1.957670
vt 0.964470 1.961800
vt 0.915630 1.960660
vt 0.963200 1.946300
vt 0.915140 1.956560
vt 0.946330 1.977860
vt 0.912800 1.989860
vt 0.877380 1.968810
vt 0.898740 1.964740
vt 0.877480 1.993990
vt 0.774460 1.960940
vt 0.777210 1.990040
vt 0.806180 1.992580
vt 0.807960 1.968600
vt 0.833740 1.970780
vt 0.844340 1.993790
vt 0.856740 1.971760
vt 0.894130 1.959560
vt 0.910290 1.954580
vt 0.896170 1.953440
vt 0.874970 1.955530
vt 0.873860 1.962820
vt 0.851590 1.965070
vt 0.851120 1.956550
vt 0.829170 1.956210
vt 0.830620 1.964390
vt 0.803560 1.962170
vt 0.803050 1.954560
vt 0.779140 1.948910
vt 0.776340 1.955410
vt 0.750390 1.943140
vt 0.765000 1.946090
vt 0.744070 1.949010
vt 0.760850 1.952330
vt 0.970410 1.804890
vt 0.965780 1.819880
vt 0.965030 1.818860
vt 0.985150 1.810570
vt 0.992550 1.819200
vt 0.965500 1.823890
vt 0.961850 1.830150
vt 0.993370 1.829190
vt 0.990090 1.836600
vt 0.956920 1.835710
vt 0.953240 1.839840
vt 0.986140 1.842280
vt 0.982280 1.847000
vt 0.950980 1.844190
vt 0.946780 1.850220
vt 0.979950 1.852300
vt 0.979210 1.856120
vt 0.945500 1.854520
vt 0.977450 1.861580
vt 0.944360 1.860390
vt 0.913760 1.869480
vt 0.979180 1.876470
vt 0.964080 1.888230
vt 0.793110 1.915440
vt 0.797470 1.917780
vt 0.757620 1.936220
vt 0.787150 1.943910
vt 0.824060 1.943070
vt 0.812560 1.915960
vt 0.836880 1.909900
vt 0.861340 1.936600
vt 0.888230 1.929190
vt 0.899580 1.878550
vt 0.949350 1.899130
vt 0.929580 1.910770
vt 0.885030 1.890440
vt 0.871430 1.897930
vt 0.909760 1.920820
vt 0.854190 1.904410
vt 0.808890 1.909840
vt 0.793710 1.913410
vt 0.801700 1.906880
vt 0.819760 1.898120
vt 0.830380 1.903290
vt 0.845970 1.897890
vt 0.838720 1.891090
vt 0.852820 1.885880
vt 0.862520 1.891550
vt 0.875610 1.885040
vt 0.864880 1.879680
vt 0.883450 1.871540
vt 0.891000 1.875120
vt 0.924970 1.860220
vt 0.905910 1.867450
vt 0.893720 1.864990
vt 0.916020 1.857820
vt 0.906680 1.855750
s 1
usemtl material_0
f 1/1/1 3/2/2 2/3/3
f 4/1/4 6/4/5 5/2/6
f 7/5/7 9/6/8 8/4/9
f 10/5/10 6/4/5 4/1/4
f 11/4/11 9/6/8 7/5/7
f 2/3/3 12/2/12 1/1/1
f 13/2/13 14/4/14 4/1/4
f 4/1/4 14/4/14 10/5/10
f 15/7/15 17/8/16 16/9/17
f 18/10/18 17/8/16 15/7/15
f 19/11/19 21/12/20 20/13/21
f 22/14/22 21/12/20 19/11/19
f 23/9/23 17/8/16 24/7/24
f 24/7/24 17/8/16 18/10/18
f 24/7/24 18/10/18 25/13/25
f 26/11/26 21/12/20 22/14/22
f 25/13/25 21/12/20 26/11/26
f 25/13/25 18/10/18 21/12/20
f 21/12/20 18/10/18 20/13/21
f 20/13/21 18/10/18 15/7/15
f 27/15/27 29/16/28 28/17/29
f 27/15/27 30/18/30 29/16/28
f 31/19/31 30/18/30 27/15/27
f 31/19/31 32/20/32 30/18/30
f 30/18/30 32/20/32 33/21/33
f 32/20/32 34/22/34 33/21/33
f 35/23/35 34/22/34 32/20/32
f 36/15/36 38/24/37 37/19/38
f 37/19/38 38/24/37 39/25/39
f 39/25/39 40/26/40 37/19/38
f 37/19/38 40/26/40 41/20/41
f 41/20/41 40/26/40 42/23/42
f 42/23/42 40/26/40 43/27/43
f 44/27/44 15/7/15 16/9/17
f 45/26/45 15/7/15 44/27/44
f 46/25/46 15/7/15 45/26/45
f 20/13/21 15/7/15 46/25/46
f 47/24/47 20/13/21 46/25/46
f 19/11/19 20/13/21 47/24/47
f 19/11/19 48/28/48 22/14/22
f 22/14/22 48/28/48 49/29/49
f 50/17/50 51/30/51 36/15/36
f 36/15/36 51/30/51 38/24/37
f 8/4/9 9/6/8 52/31/52
f 6/4/5 53/32/53 5/2/6
f 54/31/54 56/33/55 55/4/56
f 55/4/56 56/33/55 57/32/57
f 47/24/47 58/30/58 19/11/19
f 19/11/19 58/30/58 48/28/48
f 49/29/49 60/31/59 59/6/60
f 48/28/48 60/31/59 49/29/49
f 48/28/48 61/33/61 60/31/59
f 58/30/58 61/33/61 48/28/48
f 50/17/50 56/33/55 51/30/51
f 57/32/57 56/33/55 50/17/50
f 28/17/29 29/16/28 62/34/62
f 28/17/29 62/34/62 53/32/53
f 5/2/6 53/32/53 63/35/63
f 53/32/53 62/34/62 63/35/63
f 2/3/3 3/2/2 64/36/64
f 65/35/65 64/36/64 3/2/2
f 66/34/66 64/36/64 65/35/65
f 67/16/67 68/37/68 66/34/66
f 66/34/66 68/37/68 64/36/64
f 2/3/3 64/36/64 69/38/69
f 69/38/69 64/36/64 68/37/68
f 69/38/69 68/37/68 70/39/70
f 71/40/71 72/41/72 70/39/70
f 70/39/70 68/37/68 71/40/71
f 73/42/73 75/43/74 74/44/75
f 74/44/75 76/22/76 73/42/73
f 77/21/77 76/22/76 74/44/75
f 74/44/75 78/18/78 77/21/77
f 67/16/67 71/40/71 68/37/68
f 78/18/78 71/40/71 67/16/67
f 71/40/71 78/18/78 74/44/75
f 74/44/75 72/41/72 71/40/71
f 74/44/75 75/43/74 72/41/72
f 79/15/79 81/18/80 80/19/81
f 82/34/82 84/16/83 83/17/84
f 83/17/84 84/16/83 79/15/79
f 84/16/83 81/18/80 79/15/79
f 85/20/85 87/22/86 86/23/87
f 88/21/88 87/22/86 85/20/85
f 13/2/13 89/32/89 14/4/14
f 90/35/90 89/32/89 13/2/13
f 72/41/72 75/43/74 91/44/91
f 91/44/91 75/43/74 92/42/92
f 92/42/92 93/22/93 91/44/91
f 91/44/91 93/22/93 94/21/94
f 88/21/88 85/20/85 81/18/80
f 94/21/94 95/18/95 91/44/91
f 91/44/91 95/18/95 96/40/96
f 96/40/96 72/41/72 91/44/91
f 70/39/70 72/41/72 96/40/96
f 81/18/80 85/20/85 80/19/81
f 97/16/97 96/40/96 95/18/95
f 98/34/98 99/37/99 97/16/97
f 99/37/99 96/40/96 97/16/97
f 96/40/96 99/37/99 70/39/70
f 70/39/70 99/37/99 69/38/69
f 100/36/100 12/2/12 2/3/3
f 69/38/69 100/36/100 2/3/3
f 99/37/99 100/36/100 69/38/69
f 100/36/100 99/37/99 98/34/98
f 12/2/12 100/36/100 101/35/101
f 101/35/101 100/36/100 98/34/98
f 90/35/90 82/34/82 89/32/89
f 89/32/89 82/34/82 83/17/84
f 102/25/102 104/24/103 103/19/104
f 103/19/104 104/24/103 105/15/105
f 106/20/106 107/26/107 103/19/104
f 103/19/104 107/26/107 102/25/102
f 108/23/108 107/26/107 106/20/106
f 109/27/109 107/26/107 108/23/108
f 23/9/23 24/7/24 110/27/110
f 110/27/110 24/7/24 111/26/111
f 111/26/111 24/7/24 112/25/112
f 112/25/112 24/7/24 25/13/25
f 112/25/112 25/13/25 113/24/113
f 113/24/113 25/13/25 26/11/26
f 49/29/49 114/28/114 22/14/22
f 22/14/22 114/28/114 26/11/26
f 104/24/103 115/30/115 105/15/105
f 105/15/105 115/30/115 116/17/116
f 117/31/117 9/6/8 11/4/11
f 118/32/118 120/33/119 119/4/120
f 119/4/120 120/33/119 121/31/121
f 116/17/116 120/33/119 118/32/118
f 115/30/115 120/33/119 116/17/116
f 26/11/26 122/30/122 113/24/113
f 114/28/114 122/30/122 26/11/26
f 59/6/60 123/31/123 49/29/49
f 49/29/49 123/31/123 114/28/114
f 123/31/123 124/33/124 114/28/114
f 114/28/114 124/33/124 122/30/122
f 125/45/125 127/46/126 126/47/127
f 126/47/127 127/46/126 128/48/128
f 129/48/129 131/46/130 130/49/131
f 130/49/131 131/46/130 132/50/132
f 132/50/132 133/51/133 130/49/131
f 130/49/131 133/51/133 134/52/134
f 134/52/134 133/51/133 135/53/135
f 135/53/135 133/51/133 136/54/136
f 136/54/136 137/55/137 135/53/135
f 135/53/135 137/55/137 138/56/138
f 138/56/138 137/55/137 139/57/139
f 139/57/139 137/55/137 140/58/140
f 140/58/140 141/59/141 139/57/139
f 139/57/139 141/59/141 142/60/142
f 141/59/141 143/61/143 142/60/142
f 144/62/144 143/61/143 141/59/141
f 144/62/144 145/63/145 143/61/143
f 146/64/146 145/63/145 144/62/144
f 147/62/147 145/63/145 146/64/146
f 148/61/148 145/63/145 147/62/147
f 149/59/149 148/61/148 147/62/147
f 150/60/150 148/61/148 149/59/149
f 150/60/150 149/59/149 151/57/151
f 151/57/151 149/59/149 152/58/152
f 152/58/152 153/55/153 151/57/151
f 151/57/151 153/55/153 154/56/154
f 154/56/154 153/55/153 155/53/155
f 155/53/155 153/55/153 156/54/156
f 156/54/156 157/51/157 155/53/155
f 155/53/155 157/51/157 158/52/158
f 158/52/158 157/51/157 159/49/159
f 159/49/159 157/51/157 160/50/160
f 160/50/160 161/46/161 159/49/159
f 159/49/159 161/46/161 162/48/162
f 163/48/163 165/46/164 164/47/165
f 164/47/165 165/46/164 166/45/166
f 167/65/167 169/66/168 168/67/169
f 170/68/170 169/66/168 167/65/167
f 171/69/171 173/70/172 172/71/173
f 172/71/173 173/70/172 174/72/174
f 175/73/175 177/70/176 176/69/177
f 178/74/178 179/75/179 175/73/175
f 180/76/180 177/70/176 175/73/175
f 175/73/175 179/75/179 180/76/180
f 181/77/181 179/75/179 178/74/178
f 170/68/170 182/78/182 169/66/168
f 169/66/168 182/78/182 183/79/183
f 183/79/183 182/78/182 184/80/184
f 184/80/184 182/78/182 185/81/185
f 185/81/185 186/82/186 184/80/184
f 184/80/184 186/82/186 187/83/187
f 187/83/187 186/82/186 181/77/181
f 188/84/188 179/75/179 181/77/181
f 181/77/181 186/82/186 188/84/188
f 189/72/189 191/70/190 190/85/191
f 190/85/191 191/70/190 192/76/192
f 193/85/193 195/86/194 194/72/195
f 196/87/196 195/86/194 193/85/193
f 193/85/193 197/88/133 196/87/196
f 192/76/192 198/75/197 190/85/191
f 199/89/198 197/88/133 193/85/193
f 190/85/191 198/75/197 200/89/199
f 200/89/199 198/75/197 201/90/200
f 201/90/200 198/75/197 202/84/201
f 203/90/202 197/88/133 199/89/198
f 204/91/136 197/88/133 203/90/202
f 203/90/202 205/92/203 204/91/136
f 202/84/201 206/82/204 201/90/200
f 207/93/205 205/92/203 203/90/202
f 201/90/200 206/82/204 208/93/206
f 208/93/206 206/82/204 209/94/207
f 209/94/207 206/82/204 210/81/208
f 211/94/209 205/92/203 207/93/205
f 212/95/210 205/92/203 211/94/209
f 211/94/209 213/96/211 212/95/210
f 210/81/208 214/78/212 209/94/207
f 215/97/213 213/96/211 211/94/209
f 209/94/207 214/78/212 216/97/214
f 217/98/215 219/99/216 218/100/217
f 218/100/217 219/99/216 220/101/218
f 219/99/216 213/96/211 220/101/218
f 220/101/218 213/96/211 215/97/213
f 216/97/214 214/78/212 221/101/219
f 221/101/219 214/78/212 222/68/220
f 221/101/219 222/68/220 223/100/221
f 223/100/221 222/68/220 224/65/222
f 218/100/217 225/99/223 217/98/215
f 226/101/224 225/99/223 218/100/217
f 168/67/169 227/66/225 167/65/167
f 223/100/221 229/68/226 228/101/227
f 224/65/222 229/68/226 223/100/221
f 167/65/167 227/66/225 230/68/228
f 231/72/229 233/70/230 232/71/231
f 232/71/231 233/70/230 234/69/232
f 235/69/233 237/70/234 236/73/235
f 238/76/236 239/75/237 236/73/235
f 236/73/235 237/70/234 238/76/236
f 236/73/235 239/75/237 240/74/238
f 240/74/238 239/75/237 241/77/239
f 227/66/225 242/78/240 230/68/228
f 243/79/241 242/78/240 227/66/225
f 244/80/242 242/78/240 243/79/241
f 245/81/243 242/78/240 244/80/242
f 244/80/242 246/82/244 245/81/243
f 247/83/245 246/82/244 244/80/242
f 241/77/239 246/82/244 247/83/245
f 241/77/239 239/75/237 248/84/246
f 248/84/246 246/82/244 241/77/239
f 249/76/247 251/70/248 250/85/249
f 250/85/249 251/70/248 252/72/250
f 253/72/251 255/86/252 254/85/253
f 254/85/253 255/86/252 256/87/254
f 256/87/254 257/88/255 254/85/253
f 250/85/249 258/75/256 249/76/247
f 254/85/253 257/88/255 259/89/257
f 260/89/258 258/75/256 250/85/249
f 261/84/259 258/75/256 262/90/260
f 262/90/260 258/75/256 260/89/258
f 259/89/257 257/88/255 263/90/261
f 263/90/261 257/88/255 264/91/262
f 264/91/262 265/92/263 263/90/261
f 262/90/260 266/82/264 261/84/259
f 263/90/261 265/92/263 267/93/265
f 268/93/266 266/82/264 262/90/260
f 269/81/267 266/82/264 270/94/268
f 270/94/268 266/82/264 268/93/266
f 267/93/265 265/92/263 271/94/269
f 271/94/269 265/92/263 272/95/270
f 272/95/270 273/96/271 271/94/269
f 270/94/268 274/78/272 269/81/267
f 271/94/269 273/96/271 275/97/273
f 276/97/274 274/78/272 270/94/268
f 229/68/226 274/78/272 228/101/227
f 228/101/227 274/78/272 276/97/274
f 275/97/273 273/96/271 226/101/224
f 226/101/224 273/96/271 225/99/223
f 277/102/275 279/103/276 278/104/277
f 280/105/278 279/103/276 277/102/275
f 281/106/279 283/103/280 282/105/281
f 284/107/282 283/103/280 281/106/279
f 281/106/279 285/108/283 284/107/282
f 286/109/284 285/108/283 281/106/279
f 287/110/285 285/108/283 286/109/284
f 288/111/286 285/108/283 287/110/285
f 287/110/285 289/112/287 288/111/286
f 290/113/288 289/112/287 287/110/285
f 291/114/289 289/112/287 290/113/288
f 292/115/290 289/112/287 291/114/289
f 291/114/289 293/116/291 292/115/290
f 294/117/292 293/116/291 291/114/289
f 295/118/293 293/116/291 294/117/292
f 296/119/294 293/116/291 295/118/293
f 295/118/293 297/120/295 296/119/294
f 296/119/294 297/120/295 298/121/296
f 298/121/296 297/120/295 299/119/297
f 299/119/297 297/120/295 300/118/298
f 300/118/298 301/116/299 299/119/297
f 302/117/300 301/116/299 300/118/298
f 303/114/301 301/116/299 302/117/300
f 304/115/302 301/116/299 303/114/301
f 303/114/301 305/112/303 304/115/302
f 306/113/304 305/112/303 303/114/301
f 307/110/305 305/112/303 306/113/304
f 308/111/306 305/112/303 307/110/305
f 307/110/305 309/108/307 308/111/306
f 310/109/308 309/108/307 307/110/305
f 311/106/309 309/108/307 310/109/308
f 312/107/310 309/108/307 311/106/309
f 311/106/309 313/103/311 312/107/310
f 314/105/312 313/103/311 311/106/309
f 315/104/313 317/103/314 316/102/315
f 316/102/315 317/103/314 318/105/316
f 319/122/317 321/123/318 320/124/319
f 322/125/320 324/126/321 323/127/322
f 323/127/322 324/126/321 325/128/323
f 326/128/324 328/126/325 327/129/326
f 329/130/327 330/131/328 327/129/326
f 327/129/326 328/126/325 329/130/327
f 327/129/326 330/131/328 331/132/329
f 331/132/329 330/131/328 332/133/330
f 320/124/319 333/134/331 319/122/317
f 334/135/332 333/134/331 320/124/319
f 335/136/333 333/134/331 334/135/332
f 336/137/334 333/134/331 335/136/333
f 335/136/333 337/138/335 336/137/334
f 338/139/336 337/138/335 335/136/333
f 332/133/330 337/138/335 338/139/336
f 332/133/330 330/131/328 339/140/337
f 339/140/337 337/138/335 332/133/330
f 340/130/338 342/126/339 341/141/340
f 341/141/340 342/126/339 343/125/341
f 344/125/342 346/142/343 345/141/344
f 345/141/344 346/142/343 347/143/345
f 347/143/345 348/144/346 345/141/344
f 341/141/340 349/131/347 340/130/338
f 345/141/344 348/144/346 350/145/348
f 351/145/349 349/131/347 341/141/340
f 352/140/350 349/131/347 353/146/351
f 353/146/351 349/131/347 351/145/349
f 350/145/348 348/144/346 354/146/352
f 354/146/352 348/144/346 355/147/353
f 355/147/353 356/148/354 354/146/352
f 353/146/351 357/138/355 352/140/350
f 354/146/352 356/148/354 358/149/356
f 359/149/357 357/138/355 353/146/351
f 360/137/358 357/138/355 361/150/359
f 361/150/359 357/138/355 359/149/357
f 358/149/356 356/148/354 362/150/360
f 362/150/360 356/148/354 363/151/361
f 363/151/361 364/152/362 362/150/360
f 361/150/359 365/134/363 360/137/358
f 362/150/360 364/152/362 366/153/364
f 367/153/365 365/134/363 361/150/359
f 368/154/366 321/123/318 319/122/317
f 369/155/367 371/154/368 370/122/369
f 370/122/369 365/134/363 369/155/367
f 369/155/367 365/134/363 367/153/365
f 366/153/364 364/152/362 372/155/370
f 372/155/370 364/152/362 373/156/371
f 374/157/372 371/154/368 369/155/367
f 372/155/370 373/156/371 375/157/373
f 375/157/373 373/156/371 376/158/374
f 376/158/374 377/156/375 375/157/373
f 375/157/373 377/156/375 378/155/376
f 379/155/377 371/154/368 374/157/372
f 380/122/378 371/154/368 379/155/377
f 381/122/379 321/123/318 368/154/366
f 382/124/380 321/123/318 381/122/379
f 383/128/381 385/126/382 384/127/383
f 384/127/383 385/126/382 386/125/384
f 387/129/385 389/126/386 388/128/387
f 390/132/388 391/131/389 387/129/385
f 392/130/390 389/126/386 387/129/385
f 387/129/385 391/131/389 392/130/390
f 393/133/391 391/131/389 390/132/388
f 381/122/379 394/134/392 382/124/380
f 382/124/380 394/134/392 395/135/393
f 395/135/393 394/134/392 396/136/394
f 396/136/394 394/134/392 397/137/395
f 397/137/395 398/138/396 396/136/394
f 396/136/394 398/138/396 399/139/397
f 399/139/397 398/138/396 393/133/391
f 400/140/398 391/131/389 393/133/391
f 393/133/391 398/138/396 400/140/398
f 401/125/399 403/126/400 402/141/401
f 402/141/401 403/126/400 404/130/402
f 405/141/403 407/142/404 406/125/405
f 408/143/406 407/142/404 405/141/403
f 405/141/403 409/144/407 408/143/406
f 404/130/402 410/131/408 402/141/401
f 411/145/409 409/144/407 405/141/403
f 402/141/401 410/131/408 412/145/410
f 412/145/410 410/131/408 413/146/411
f 413/146/411 410/131/408 414/140/412
f 415/146/413 409/144/407 411/145/409
f 416/147/414 409/144/407 415/146/413
f 415/146/413 417/148/415 416/147/414
f 414/140/412 418/138/416 413/146/411
f 419/149/417 417/148/415 415/146/413
f 413/146/411 418/138/416 420/149/418
f 420/149/418 418/138/416 421/150/419
f 421/150/419 418/138/416 422/137/420
f 423/150/421 417/148/415 419/149/417
f 424/151/422 417/148/415 423/150/421
f 423/150/421 425/152/423 424/151/422
f 422/137/420 426/134/424 421/150/419
f 427/153/425 425/152/423 423/150/421
f 421/150/419 426/134/424 428/153/426
f 379/155/377 426/134/424 380/122/378
f 428/153/426 426/134/424 379/155/377
f 377/156/375 425/152/423 378/155/376
f 378/155/376 425/152/423 427/153/425
o Object_35
v -0.418491 4.812855 1.093819
v -0.501290 4.808489 1.071725
v -0.497226 4.849954 1.071790
v -0.497442 4.770720 1.071681
v -0.487432 4.738508 1.071638
v -0.462657 4.706988 1.071552
v -0.417129 4.685326 1.071465
v -0.374713 4.706319 1.071465
v -0.350500 4.736477 1.071487
v -0.340080 4.764343 1.071509
v -0.335626 4.808682 1.071573
v -0.339128 4.852461 1.071617
v -0.353505 4.885235 1.071681
v -0.412913 4.937855 1.071789
v -0.370908 4.918441 1.071724
v -0.481617 4.885235 1.071811
v -0.459739 4.918441 1.071811
v -0.165401 4.909166 1.021699
v -0.222539 4.995296 1.021569
v -0.306830 5.055115 1.021158
v -0.407746 5.079090 1.020683
v -0.513288 5.057817 1.021094
v -0.603849 5.002386 1.021699
v -0.659193 4.912582 1.021894
v -0.681654 4.809180 1.021721
v -0.661117 4.709085 1.021721
v -0.604173 4.618568 1.021461
v -0.517439 4.561646 1.020770
v -0.412567 4.538708 1.020575
v -0.311846 4.560608 1.020856
v -0.222409 4.618676 1.021202
v -0.166892 4.704741 1.021483
v -0.144106 4.808575 1.021569
v -0.589040 4.414747 0.618618
v -0.578750 4.436258 0.763702
v -0.412805 4.397646 0.763464
v -0.413475 4.373909 0.618381
v -0.259853 4.430139 0.763356
v -0.251638 4.408283 0.618251
v -0.122099 4.517414 0.763334
v -0.105885 4.500638 0.618208
v -0.037289 4.647818 0.763421
v -0.016167 4.638587 0.618316
v -0.009141 4.808986 0.763593
v 0.013645 4.809115 0.618510
v -0.035321 4.963322 0.763831
v -0.014070 4.972423 0.618748
v -0.123590 5.094785 0.764090
v -0.107484 5.111518 0.619029
v -0.822241 4.651536 0.619181
v -0.799152 4.660033 0.764220
v -0.719249 4.528007 0.763983
v -0.737712 4.511837 0.618900
v -0.253432 5.185173 0.764350
v -0.244828 5.207137 0.619310
v -0.405433 5.219957 0.764566
v -0.405671 5.243954 0.619526
v -0.566168 5.187832 0.764674
v -0.575745 5.209970 0.619656
v -0.704808 5.105788 0.764718
v -0.722427 5.123171 0.619699
v -0.789186 4.968575 0.764631
v -0.811712 4.977979 0.619591
v -0.849545 4.808986 0.619418
v -0.824965 4.808878 0.764458
v -0.731767 4.944081 0.910730
v -0.659193 4.912582 1.021894
v -0.761427 4.808358 0.910622
v -0.681654 4.809180 1.021721
v -0.661117 4.709085 1.021721
v -0.738058 4.681003 0.911228
v -0.666327 4.565774 0.911552
v -0.604173 4.618568 1.021461
v -0.517439 4.561646 1.020770
v -0.551186 4.491407 0.910579
v -0.412654 4.459886 0.909757
v -0.412567 4.538708 1.020575
v -0.311846 4.560608 1.020856
v -0.283006 4.487624 0.909671
v -0.165984 4.562208 0.909628
v -0.222409 4.618676 1.021202
v -0.166892 4.704741 1.021483
v -0.093951 4.673501 0.909714
v -0.065241 4.809007 0.909865
v -0.144106 4.808575 1.021569
v -0.165401 4.909166 1.021699
v -0.091681 4.938633 0.910060
v -0.166871 5.050683 0.910276
v -0.222539 4.995296 1.021569
v -0.306830 5.055115 1.021158
v -0.277558 5.127710 0.910514
v -0.406427 5.157198 0.910687
v -0.407746 5.079090 1.020683
v -0.513288 5.057817 1.021094
v -0.542690 5.129959 0.910795
v -0.660230 5.060411 0.910817
v -0.603849 5.002386 1.021699
v 0.528040 4.808489 1.070644
v 0.445283 4.812855 1.092911
v 0.523975 4.849954 1.070709
v 0.524213 4.770720 1.070601
v 0.514182 4.738508 1.070579
v 0.489407 4.706988 1.070557
v 0.443878 4.685326 1.070557
v 0.401462 4.706319 1.070644
v 0.377249 4.736477 1.070709
v 0.366829 4.764343 1.070773
v 0.362376 4.808682 1.070838
v 0.365878 4.852461 1.070882
v 0.380254 4.885235 1.070903
v 0.397657 4.918441 1.070925
v 0.439662 4.937855 1.070903
v 0.486488 4.918441 1.070817
v 0.508367 4.885235 1.070752
v 0.192042 4.909166 1.021310
v 0.249180 4.995296 1.021072
v 0.333472 5.055093 1.020488
v 0.434409 5.079090 1.019796
v 0.539930 5.057817 1.019991
v 0.630512 5.002386 1.020402
v 0.685834 4.912582 1.020467
v 0.708296 4.809180 1.020251
v 0.687758 4.709085 1.020315
v 0.630815 4.618568 1.020164
v 0.544081 4.561646 1.019645
v 0.439208 4.538708 1.019689
v 0.338487 4.560608 1.020164
v 0.249051 4.618676 1.020705
v 0.193534 4.704741 1.021094
v 0.170748 4.808575 1.021223
v 0.604851 4.436258 0.762448
v 0.614838 4.414747 0.617343
v 0.438906 4.397646 0.762577
v 0.439273 4.373909 0.617473
v 0.285954 4.430139 0.762772
v 0.277436 4.408283 0.617689
v 0.148200 4.517414 0.763053
v 0.131683 4.500638 0.617970
v 0.063390 4.647818 0.763312
v 0.041965 4.638587 0.618251
v 0.035242 4.808986 0.763550
v 0.012153 4.809115 0.618510
v 0.061422 4.963322 0.763723
v 0.039868 4.972423 0.618683
v 0.149713 5.094785 0.763809
v 0.133283 5.111518 0.618770
v 0.825253 4.660033 0.762512
v 0.848017 4.651536 0.617408
v 0.745350 4.528007 0.762426
v 0.763510 4.511837 0.617321
v 0.279533 5.185173 0.763788
v 0.270626 5.207137 0.618748
v 0.431534 5.219957 0.763680
v 0.431469 5.243954 0.618640
v 0.592269 5.187832 0.763464
v 0.601543 5.209970 0.618402
v 0.730909 5.105788 0.763204
v 0.748226 5.123171 0.618143
v 0.815287 4.968575 0.762945
v 0.837511 4.977979 0.617862
v 0.851066 4.808856 0.762685
v 0.875344 4.808986 0.617602
v 0.708296 4.809180 1.020251
v 0.685834 4.912582 1.020467
v 0.787853 4.808358 0.908979
v 0.758170 4.944081 0.909174
v 0.687758 4.709085 1.020315
v 0.630815 4.618568 1.020164
v 0.692731 4.565774 0.910125
v 0.764483 4.681003 0.909649
v 0.544081 4.561646 1.019645
v 0.439208 4.538708 1.019689
v 0.439057 4.459886 0.908871
v 0.577590 4.491407 0.909390
v 0.338487 4.560608 1.020164
v 0.249051 4.618676 1.020705
v 0.192410 4.562208 0.909260
v 0.309432 4.487624 0.909044
v 0.193534 4.704741 1.021094
v 0.120355 4.673501 0.909476
v 0.091667 4.809007 0.909692
v 0.170748 4.808575 1.021223
v 0.192042 4.909166 1.021310
v 0.249180 4.995296 1.021072
v 0.193275 5.050683 0.909909
v 0.118106 4.938633 0.909844
v 0.333472 5.055093 1.020488
v 0.434409 5.079090 1.019796
v 0.432831 5.157198 0.909800
v 0.303984 5.127710 0.909887
v 0.539930 5.057817 1.019991
v 0.630512 5.002386 1.020402
v 0.686656 5.060411 0.909411
v 0.569115 5.129959 0.909606
vn -0.0004 0.0018 1.0000
vn -0.2519 0.0687 0.9653
vn -0.2653 -0.0047 0.9641
vn -0.2631 -0.0628 0.9627
vn -0.2395 -0.1351 0.9614
vn -0.1712 -0.2188 0.9606
vn -0.0133 -0.2623 0.9649
vn 0.1493 -0.1996 0.9684
vn 0.2130 -0.1284 0.9686
vn 0.2446 -0.0625 0.9676
vn 0.2588 -0.0011 0.9659
vn 0.2491 0.0623 0.9665
vn 0.2347 0.1310 0.9632
vn 0.0177 0.2689 0.9630
vn 0.2036 0.2053 0.9573
vn -0.2270 0.1282 0.9654
vn -0.1545 0.2059 0.9663
vn 0.2463 0.0960 0.9644
vn 0.2020 0.1965 0.9595
vn 0.1297 0.2750 0.9527
vn 0.0115 0.3314 0.9434
vn -0.1216 0.3068 0.9440
vn -0.2129 0.2063 0.9550
vn -0.2604 0.1021 0.9601
vn -0.2701 -0.0012 0.9628
vn -0.2531 -0.1007 0.9622
vn -0.1997 -0.1981 0.9596
vn -0.1179 -0.2774 0.9535
vn -0.0054 -0.3193 0.9476
vn 0.1237 -0.2873 0.9498
vn 0.2051 -0.1993 0.9582
vn 0.2482 -0.1007 0.9635
vn 0.2554 -0.0002 0.9668
vn -0.3878 -0.9074 0.1620
vn -0.0078 -0.9618 0.2736
vn -0.3781 -0.8847 0.2728
vn -0.0096 -0.9868 0.1615
vn 0.3634 -0.8908 0.2729
vn 0.3723 -0.9144 0.1588
vn 0.6763 -0.6838 0.2740
vn 0.6938 -0.7025 0.1587
vn 0.8952 -0.3531 0.2719
vn 0.9187 -0.3625 0.1568
vn 0.9659 -0.0063 0.2590
vn 0.9879 -0.0027 0.1551
vn 0.8939 0.3600 0.2671
vn 0.9172 0.3661 0.1573
vn 0.6864 0.6744 0.2720
vn 0.7040 0.6924 0.1580
vn -0.9233 -0.3457 0.1672
vn -0.6908 -0.6665 0.2802
vn -0.8984 -0.3360 0.2830
vn -0.7095 -0.6847 0.1666
vn 0.3895 0.8792 0.2745
vn 0.3990 0.9028 0.1604
vn 0.0139 0.9608 0.2768
vn 0.0135 0.9865 0.1632
vn -0.3435 0.8973 0.2771
vn -0.3534 0.9210 0.1639
vn -0.6727 0.6845 0.2809
vn -0.6914 0.7026 0.1682
vn -0.8899 0.3615 0.2781
vn -0.9137 0.3711 0.1659
vn -0.9857 0.0232 0.1671
vn -0.9594 0.0218 0.2811
vn -0.8110 0.3275 0.4848
vn -0.8719 0.0133 0.4896
vn -0.7559 0.3029 0.5805
vn -0.8123 0.0054 0.5832
vn -0.7489 -0.2960 0.5929
vn -0.8107 -0.3099 0.4967
vn -0.6179 -0.6131 0.4923
vn -0.5686 -0.5684 0.5946
vn -0.3110 -0.7537 0.5790
vn -0.3393 -0.8094 0.4794
vn -0.0037 -0.8763 0.4817
vn -0.0007 -0.8149 0.5796
vn 0.3123 -0.7543 0.5775
vn 0.3321 -0.8113 0.4812
vn 0.6170 -0.6204 0.4842
vn 0.5750 -0.5752 0.5819
vn 0.7541 -0.3125 0.5776
vn 0.8135 -0.3308 0.4784
vn 0.8831 -0.0082 0.4692
vn 0.8169 -0.0042 0.5767
vn 0.7527 0.3159 0.5777
vn 0.8095 0.3369 0.4809
vn 0.6266 0.6137 0.4803
vn 0.5864 0.5690 0.5765
vn 0.3353 0.7444 0.5774
vn 0.3548 0.8011 0.4821
vn 0.0129 0.8750 0.4840
vn 0.0138 0.8152 0.5790
vn -0.2928 0.7611 0.5788
vn -0.3131 0.8178 0.4829
vn -0.6118 0.6216 0.4892
vn -0.5698 0.5727 0.5894
vn 0.2674 -0.0046 0.9636
vn 0.2539 0.0689 0.9648
vn 0.0026 0.0018 1.0000
vn 0.2651 -0.0628 0.9622
vn 0.2416 -0.1351 0.9609
vn 0.1733 -0.2188 0.9603
vn 0.0152 -0.2623 0.9649
vn -0.1474 -0.1996 0.9687
vn -0.2109 -0.1286 0.9690
vn -0.2425 -0.0628 0.9681
vn -0.2568 -0.0011 0.9665
vn -0.2471 0.0624 0.9670
vn -0.2328 0.1310 0.9637
vn -0.2018 0.2052 0.9577
vn -0.0156 0.2689 0.9630
vn 0.1568 0.2057 0.9660
vn 0.2292 0.1281 0.9649
vn -0.2443 0.0960 0.9649
vn -0.2000 0.1965 0.9599
vn -0.1277 0.2750 0.9529
vn -0.0095 0.3315 0.9434
vn 0.1236 0.3068 0.9437
vn 0.2149 0.2062 0.9546
vn 0.2625 0.1021 0.9595
vn 0.2722 -0.0010 0.9623
vn 0.2551 -0.1007 0.9617
vn 0.2016 -0.1982 0.9592
vn 0.1199 -0.2775 0.9532
vn 0.0074 -0.3193 0.9476
vn -0.1217 -0.2873 0.9501
vn -0.2030 -0.1993 0.9587
vn -0.2462 -0.1007 0.9640
vn -0.2534 -0.0001 0.9674
vn 0.3787 -0.8847 0.2720
vn 0.0084 -0.9618 0.2736
vn 0.3881 -0.9074 0.1612
vn 0.0099 -0.9868 0.1615
vn -0.3628 -0.8908 0.2736
vn -0.3720 -0.9144 0.1596
vn -0.6757 -0.6838 0.2755
vn -0.6935 -0.7025 0.1602
vn -0.8947 -0.3531 0.2737
vn -0.9184 -0.3625 0.1587
vn -0.9653 -0.0063 0.2610
vn -0.9876 -0.0027 0.1572
vn -0.8933 0.3601 0.2690
vn -0.9168 0.3661 0.1592
vn -0.6858 0.6744 0.2735
vn -0.7037 0.6923 0.1596
vn 0.8990 -0.3360 0.2810
vn 0.6914 -0.6665 0.2787
vn 0.9237 -0.3458 0.1652
vn 0.7099 -0.6847 0.1651
vn -0.3889 0.8792 0.2753
vn -0.3987 0.9028 0.1612
vn -0.0133 0.9608 0.2768
vn -0.0132 0.9865 0.1632
vn 0.3441 0.8973 0.2764
vn 0.3537 0.9210 0.1632
vn 0.6733 0.6845 0.2795
vn 0.6917 0.7026 0.1668
vn 0.8905 0.3615 0.2763
vn 0.9140 0.3711 0.1640
vn 0.9600 0.0217 0.2791
vn 0.9860 0.0231 0.1650
vn 0.8135 0.0055 0.5816
vn 0.8729 0.0134 0.4877
vn 0.7571 0.3028 0.5789
vn 0.8120 0.3275 0.4831
vn 0.7502 -0.2960 0.5913
vn 0.5699 -0.5685 0.5934
vn 0.6189 -0.6131 0.4910
vn 0.8117 -0.3099 0.4950
vn 0.3122 -0.7537 0.5784
vn 0.0019 -0.8149 0.5796
vn 0.0047 -0.8763 0.4817
vn 0.3403 -0.8094 0.4786
vn -0.3111 -0.7543 0.5781
vn -0.5738 -0.5752 0.5831
vn -0.6159 -0.6204 0.4855
vn -0.3311 -0.8113 0.4819
vn -0.7529 -0.3125 0.5792
vn -0.8125 -0.3308 0.4801
vn -0.8821 -0.0081 0.4711
vn -0.8157 -0.0042 0.5784
vn -0.7515 0.3158 0.5792
vn -0.5852 0.5690 0.5778
vn -0.6256 0.6138 0.4815
vn -0.8085 0.3369 0.4826
vn -0.3341 0.7444 0.5782
vn -0.0127 0.8152 0.5791
vn -0.0120 0.8750 0.4840
vn -0.3537 0.8011 0.4828
vn 0.2940 0.7611 0.5781
vn 0.5711 0.5726 0.5882
vn 0.6129 0.6216 0.4879
vn 0.3141 0.8178 0.4822
vt 0.493490 1.497870
vt 0.418960 1.534000
vt 0.415410 1.495300
vt 0.419490 1.459690
vt 0.429700 1.429060
vt 0.453240 1.399450
vt 0.494960 1.379550
vt 0.533840 1.399190
vt 0.556210 1.427400
vt 0.566020 1.454310
vt 0.570110 1.495690
vt 0.566290 1.537230
vt 0.552320 1.567610
vt 0.495080 1.613390
vt 0.534280 1.597490
vt 0.433580 1.566200
vt 0.453340 1.595890
vt 0.725480 1.595010
vt 0.670590 1.675690
vt 0.590350 1.730150
vt 0.494320 1.750430
vt 0.399410 1.730150
vt 0.315640 1.675690
vt 0.264390 1.595010
vt 0.244220 1.496940
vt 0.264370 1.404160
vt 0.319100 1.320490
vt 0.399380 1.269110
vt 0.494320 1.248710
vt 0.590380 1.269110
vt 0.674140 1.320490
vt 0.725510 1.404160
vt 0.745950 1.496940
vt 0.307850 1.046590
vt 0.498250 1.025790
vt 0.314250 1.063000
vt 0.499270 1.006660
vt 0.675520 1.063180
vt 0.686470 1.045230
vt 0.830520 1.167800
vt 0.841980 1.154650
vt 0.927900 1.319120
vt 0.945870 1.308320
vt 0.958670 1.504070
vt 0.976550 1.504000
vt 0.927430 1.681680
vt 0.944650 1.688820
vt 0.826080 1.833240
vt 0.840370 1.846360
vt 0.041390 1.313460
vt 0.162420 1.162010
vt 0.058380 1.318320
vt 0.148630 1.148270
vt 0.675380 1.936140
vt 0.684550 1.954150
vt 0.498470 1.973260
vt 0.500930 1.993340
vt 0.314180 1.936330
vt 0.309150 1.954560
vt 0.157980 1.835950
vt 0.147900 1.850650
vt 0.057770 1.679630
vt 0.040790 1.689940
vt 0.001310 1.494820
vt 0.021260 1.495250
vt 0.102780 1.661690
vt 0.069260 1.495390
vt 0.103000 1.337100
vt 0.196320 1.195760
vt 0.332640 1.107650
vt 0.498590 1.073710
vt 0.657260 1.107640
vt 0.798810 1.200910
vt 0.887060 1.337390
vt 0.920120 1.503750
vt 0.886700 1.662670
vt 0.793790 1.799360
vt 0.657060 1.891860
vt 0.498750 1.925370
vt 0.332520 1.891670
vt 0.191450 1.802860
vt 0.573520 1.495300
vt 0.569970 1.534000
vt 0.495440 1.497870
vt 0.569440 1.459690
vt 0.559230 1.429060
vt 0.535690 1.399450
vt 0.493970 1.379550
vt 0.455090 1.399190
vt 0.432720 1.427400
vt 0.422910 1.454310
vt 0.418820 1.495690
vt 0.422640 1.537230
vt 0.436610 1.567610
vt 0.454640 1.597490
vt 0.493850 1.613390
vt 0.535590 1.595890
vt 0.555340 1.566200
vt 0.263450 1.595010
vt 0.318340 1.675690
vt 0.398570 1.730150
vt 0.494610 1.750430
vt 0.589520 1.730150
vt 0.673290 1.675690
vt 0.724530 1.595010
vt 0.744710 1.496940
vt 0.724560 1.404160
vt 0.669830 1.320490
vt 0.589550 1.269110
vt 0.494610 1.248710
vt 0.398550 1.269110
vt 0.314790 1.320490
vt 0.263420 1.404160
vt 0.242980 1.496940
vt 0.674680 1.063000
vt 0.490680 1.025790
vt 0.681080 1.046590
vt 0.489660 1.006660
vt 0.313410 1.063180
vt 0.302460 1.045230
vt 0.158400 1.167800
vt 0.146950 1.154650
vt 0.061030 1.319120
vt 0.043060 1.308320
vt 0.030260 1.504070
vt 0.012380 1.504000
vt 0.061490 1.681680
vt 0.044280 1.688820
vt 0.162850 1.833240
vt 0.148560 1.846360
vt 0.930550 1.318320
vt 0.826510 1.162010
vt 0.947530 1.313460
vt 0.840300 1.148270
vt 0.313540 1.936140
vt 0.304380 1.954150
vt 0.490450 1.973260
vt 0.488000 1.993340
vt 0.674740 1.936330
vt 0.679780 1.954560
vt 0.830950 1.835950
vt 0.841030 1.850650
vt 0.931160 1.679630
vt 0.948140 1.689940
vt 0.967660 1.495250
vt 0.987620 1.494820
vt 0.919660 1.495390
vt 0.886140 1.661690
vt 0.792600 1.195760
vt 0.885920 1.337100
vt 0.490340 1.073710
vt 0.656290 1.107650
vt 0.190110 1.200910
vt 0.331670 1.107640
vt 0.101870 1.337390
vt 0.068810 1.503750
vt 0.195140 1.799360
vt 0.102220 1.662670
vt 0.490180 1.925370
vt 0.331870 1.891860
vt 0.797480 1.802860
vt 0.656410 1.891670
s 1
usemtl material_1
f 429/159/427 431/160/428 430/161/429
f 432/162/430 429/159/427 430/161/429
f 433/163/431 429/159/427 432/162/430
f 434/164/432 429/159/427 433/163/431
f 435/165/433 429/159/427 434/164/432
f 436/166/434 429/159/427 435/165/433
f 437/167/435 429/159/427 436/166/434
f 438/168/436 429/159/427 437/167/435
f 439/169/437 429/159/427 438/168/436
f 440/170/438 429/159/427 439/169/437
f 441/171/439 429/159/427 440/170/438
f 442/172/440 429/159/427 443/173/441
f 444/174/442 429/159/427 445/175/443
f 443/173/441 429/159/427 441/171/439
f 445/175/443 429/159/427 442/172/440
f 444/174/442 431/160/428 429/159/427
f 446/176/444 441/171/439 440/170/438
f 447/177/445 441/171/439 446/176/444
f 447/177/445 448/178/446 441/171/439
f 441/171/439 448/178/446 443/173/441
f 448/178/446 449/179/447 443/173/441
f 443/173/441 449/179/447 442/172/440
f 449/179/447 450/180/448 442/172/440
f 442/172/440 450/180/448 445/175/443
f 450/180/448 451/181/449 445/175/443
f 445/175/443 451/181/449 444/174/442
f 451/181/449 452/182/450 444/174/442
f 444/174/442 452/182/450 431/160/428
f 452/182/450 453/183/451 431/160/428
f 431/160/428 453/183/451 430/161/429
f 453/183/451 454/184/452 430/161/429
f 430/161/429 454/184/452 432/162/430
f 454/184/452 455/185/453 432/162/430
f 432/162/430 455/185/453 433/163/431
f 455/185/453 456/186/454 433/163/431
f 433/163/431 456/186/454 434/164/432
f 456/186/454 457/187/455 434/164/432
f 434/164/432 457/187/455 435/165/433
f 457/187/455 458/188/456 435/165/433
f 435/165/433 458/188/456 436/166/434
f 458/188/456 459/189/457 436/166/434
f 436/166/434 459/189/457 437/167/435
f 459/189/457 460/190/458 437/167/435
f 437/167/435 460/190/458 438/168/436
f 460/190/458 461/191/459 438/168/436
f 438/168/436 461/191/459 439/169/437
f 461/191/459 446/176/444 439/169/437
f 439/169/437 446/176/444 440/170/438
f 462/192/460 464/193/461 463/194/462
f 465/195/463 464/193/461 462/192/460
f 465/195/463 466/196/464 464/193/461
f 467/197/465 466/196/464 465/195/463
f 467/197/465 468/198/466 466/196/464
f 469/199/467 468/198/466 467/197/465
f 469/199/467 470/200/468 468/198/466
f 471/201/469 470/200/468 469/199/467
f 471/201/469 472/202/470 470/200/468
f 473/203/471 472/202/470 471/201/469
f 473/203/471 474/204/472 472/202/470
f 475/205/473 474/204/472 473/203/471
f 475/205/473 476/206/474 474/204/472
f 477/207/475 476/206/474 475/205/473
f 478/208/476 480/209/477 479/210/478
f 481/211/479 480/209/477 478/208/476
f 477/207/475 482/212/480 476/206/474
f 483/213/481 482/212/480 477/207/475
f 483/213/481 484/214/482 482/212/480
f 485/215/483 484/214/482 483/213/481
f 485/215/483 486/216/484 484/214/482
f 487/217/485 486/216/484 485/215/483
f 487/217/485 488/218/486 486/216/484
f 489/219/487 488/218/486 487/217/485
f 489/219/487 490/220/488 488/218/486
f 491/221/489 490/220/488 489/219/487
f 492/222/490 493/223/491 491/221/489
f 491/221/489 493/223/491 490/220/488
f 478/208/476 479/210/478 492/222/490
f 492/222/490 479/210/478 493/223/491
f 462/192/460 463/194/462 481/211/479
f 481/211/479 463/194/462 480/209/477
f 494/224/492 496/225/493 495/182/494
f 495/182/494 496/225/493 497/183/495
f 490/220/488 493/223/491 494/224/492
f 494/224/492 493/223/491 496/225/493
f 497/183/495 496/225/493 498/184/496
f 499/226/497 500/227/498 498/184/496
f 498/184/496 500/227/498 501/185/499
f 498/184/496 496/225/493 499/226/497
f 496/225/493 493/223/491 499/226/497
f 499/226/497 493/223/491 479/210/478
f 479/210/478 480/209/477 499/226/497
f 499/226/497 480/209/477 500/227/498
f 501/185/499 500/227/498 502/186/500
f 503/228/501 504/229/502 502/186/500
f 502/186/500 504/229/502 505/187/503
f 502/186/500 500/227/498 503/228/501
f 500/227/498 480/209/477 503/228/501
f 503/228/501 480/209/477 463/194/462
f 463/194/462 464/193/461 503/228/501
f 503/228/501 464/193/461 504/229/502
f 505/187/503 504/229/502 506/188/504
f 507/230/505 508/231/506 506/188/504
f 506/188/504 508/231/506 509/189/507
f 506/188/504 504/229/502 507/230/505
f 504/229/502 464/193/461 507/230/505
f 507/230/505 464/193/461 466/196/464
f 466/196/464 468/198/466 507/230/505
f 507/230/505 468/198/466 508/231/506
f 509/189/507 508/231/506 510/190/508
f 470/200/468 472/202/470 511/232/509
f 511/232/509 468/198/466 470/200/468
f 508/231/506 468/198/466 511/232/509
f 510/190/508 508/231/506 511/232/509
f 511/232/509 472/202/470 512/233/510
f 511/232/509 512/233/510 510/190/508
f 510/190/508 512/233/510 513/191/511
f 513/191/511 512/233/510 514/176/512
f 515/234/513 516/235/514 514/176/512
f 514/176/512 516/235/514 517/177/515
f 514/176/512 512/233/510 515/234/513
f 472/202/470 474/204/472 512/233/510
f 512/233/510 474/204/472 515/234/513
f 474/204/472 476/206/474 515/234/513
f 515/234/513 476/206/474 516/235/514
f 517/177/515 516/235/514 518/178/516
f 519/236/517 520/237/518 518/178/516
f 518/178/516 520/237/518 521/179/519
f 518/178/516 516/235/514 519/236/517
f 516/235/514 476/206/474 519/236/517
f 519/236/517 476/206/474 482/212/480
f 482/212/480 484/214/482 519/236/517
f 519/236/517 484/214/482 520/237/518
f 521/179/519 520/237/518 522/180/520
f 523/238/521 524/239/522 522/180/520
f 522/180/520 524/239/522 525/181/523
f 522/180/520 520/237/518 523/238/521
f 520/237/518 484/214/482 523/238/521
f 523/238/521 484/214/482 486/216/484
f 486/216/484 488/218/486 523/238/521
f 523/238/521 488/218/486 524/239/522
f 525/181/523 524/239/522 495/182/494
f 495/182/494 524/239/522 494/224/492
f 524/239/522 488/218/486 494/224/492
f 494/224/492 488/218/486 490/220/488
f 526/240/524 528/241/525 527/242/526
f 526/240/524 527/242/526 529/243/527
f 529/243/527 527/242/526 530/244/528
f 530/244/528 527/242/526 531/245/529
f 531/245/529 527/242/526 532/246/530
f 532/246/530 527/242/526 533/247/531
f 533/247/531 527/242/526 534/248/532
f 534/248/532 527/242/526 535/249/533
f 535/249/533 527/242/526 536/250/534
f 536/250/534 527/242/526 537/251/535
f 537/251/535 527/242/526 538/252/536
f 539/253/537 527/242/526 540/254/538
f 541/255/539 527/242/526 542/256/540
f 538/252/536 527/242/526 539/253/537
f 540/254/538 527/242/526 541/255/539
f 527/242/526 528/241/525 542/256/540
f 537/251/535 538/252/536 543/257/541
f 543/257/541 538/252/536 544/258/542
f 538/252/536 545/259/543 544/258/542
f 539/253/537 545/259/543 538/252/536
f 539/253/537 546/260/544 545/259/543
f 540/254/538 546/260/544 539/253/537
f 540/254/538 547/261/545 546/260/544
f 541/255/539 547/261/545 540/254/538
f 541/255/539 548/262/546 547/261/545
f 542/256/540 548/262/546 541/255/539
f 542/256/540 549/263/547 548/262/546
f 528/241/525 549/263/547 542/256/540
f 528/241/525 550/264/548 549/263/547
f 526/240/524 550/264/548 528/241/525
f 526/240/524 551/265/549 550/264/548
f 529/243/527 551/265/549 526/240/524
f 529/243/527 552/266/550 551/265/549
f 530/244/528 552/266/550 529/243/527
f 530/244/528 553/267/551 552/266/550
f 531/245/529 553/267/551 530/244/528
f 531/245/529 554/268/552 553/267/551
f 532/246/530 554/268/552 531/245/529
f 532/246/530 555/269/553 554/268/552
f 533/247/531 555/269/553 532/246/530
f 533/247/531 556/270/554 555/269/553
f 534/248/532 556/270/554 533/247/531
f 534/248/532 557/271/555 556/270/554
f 535/249/533 557/271/555 534/248/532
f 535/249/533 558/272/556 557/271/555
f 536/250/534 558/272/556 535/249/533
f 537/251/535 543/257/541 536/250/534
f 536/250/534 543/257/541 558/272/556
f 559/273/557 561/274/558 560/275/559
f 560/275/559 561/274/558 562/276/560
f 561/274/558 563/277/561 562/276/560
f 562/276/560 563/277/561 564/278/562
f 563/277/561 565/279/563 564/278/562
f 564/278/562 565/279/563 566/280/564
f 565/279/563 567/281/565 566/280/564
f 566/280/564 567/281/565 568/282/566
f 567/281/565 569/283/567 568/282/566
f 568/282/566 569/283/567 570/284/568
f 569/283/567 571/285/569 570/284/568
f 570/284/568 571/285/569 572/286/570
f 571/285/569 573/287/571 572/286/570
f 572/286/570 573/287/571 574/288/572
f 575/289/573 577/290/574 576/291/575
f 576/291/575 577/290/574 578/292/576
f 573/287/571 579/293/577 574/288/572
f 574/288/572 579/293/577 580/294/578
f 579/293/577 581/295/579 580/294/578
f 580/294/578 581/295/579 582/296/580
f 581/295/579 583/297/581 582/296/580
f 582/296/580 583/297/581 584/298/582
f 583/297/581 585/299/583 584/298/582
f 584/298/582 585/299/583 586/300/584
f 585/299/583 587/301/585 586/300/584
f 586/300/584 587/301/585 588/302/586
f 587/301/585 589/303/587 588/302/586
f 588/302/586 589/303/587 590/304/588
f 590/304/588 575/289/573 576/291/575
f 589/303/587 575/289/573 590/304/588
f 578/292/576 559/273/557 560/275/559
f 577/290/574 559/273/557 578/292/576
f 591/264/589 593/305/590 592/263/591
f 592/263/591 593/305/590 594/306/592
f 594/306/592 589/303/587 587/301/585
f 593/305/590 589/303/587 594/306/592
f 595/265/593 593/305/590 591/264/589
f 596/266/594 597/307/595 595/265/593
f 595/265/593 597/307/595 598/308/596
f 598/308/596 593/305/590 595/265/593
f 598/308/596 589/303/587 593/305/590
f 575/289/573 589/303/587 598/308/596
f 598/308/596 577/290/574 575/289/573
f 597/307/595 577/290/574 598/308/596
f 599/267/597 597/307/595 596/266/594
f 600/268/598 601/309/599 599/267/597
f 599/267/597 601/309/599 602/310/600
f 602/310/600 597/307/595 599/267/597
f 602/310/600 577/290/574 597/307/595
f 559/273/557 577/290/574 602/310/600
f 602/310/600 561/274/558 559/273/557
f 601/309/599 561/274/558 602/310/600
f 603/269/601 601/309/599 600/268/598
f 604/270/602 605/311/603 603/269/601
f 603/269/601 605/311/603 606/312/604
f 606/312/604 601/309/599 603/269/601
f 606/312/604 561/274/558 601/309/599
f 563/277/561 561/274/558 606/312/604
f 606/312/604 565/279/563 563/277/561
f 605/311/603 565/279/563 606/312/604
f 607/271/605 605/311/603 604/270/602
f 608/313/606 569/283/567 567/281/565
f 567/281/565 565/279/563 608/313/606
f 608/313/606 565/279/563 605/311/603
f 608/313/606 605/311/603 607/271/605
f 609/314/607 569/283/567 608/313/606
f 607/271/605 609/314/607 608/313/606
f 610/272/608 609/314/607 607/271/605
f 611/257/609 609/314/607 610/272/608
f 612/258/610 613/315/611 611/257/609
f 611/257/609 613/315/611 614/316/612
f 614/316/612 609/314/607 611/257/609
f 609/314/607 571/285/569 569/283/567
f 614/316/612 571/285/569 609/314/607
f 614/316/612 573/287/571 571/285/569
f 613/315/611 573/287/571 614/316/612
f 615/259/613 613/315/611 612/258/610
f 616/260/614 617/317/615 615/259/613
f 615/259/613 617/317/615 618/318/616
f 618/318/616 613/315/611 615/259/613
f 618/318/616 573/287/571 613/315/611
f 579/293/577 573/287/571 618/318/616
f 618/318/616 581/295/579 579/293/577
f 617/317/615 581/295/579 618/318/616
f 619/261/617 617/317/615 616/260/614
f 620/262/618 621/319/619 619/261/617
f 619/261/617 621/319/619 622/320/620
f 622/320/620 617/317/615 619/261/617
f 622/320/620 581/295/579 617/317/615
f 583/297/581 581/295/579 622/320/620
f 622/320/620 585/299/583 583/297/581
f 621/319/619 585/299/583 622/320/620
f 592/263/591 621/319/619 620/262/618
f 594/306/592 621/319/619 592/263/591
f 587/301/585 585/299/583 594/306/592
f 594/306/592 585/299/583 621/319/619
o Object_38
v 0.778782 0.289680 0.307199
v 0.706571 0.308706 0.393020
v 0.741964 0.321062 0.275034
v 0.654842 0.357834 0.353824
v 0.556811 0.330439 0.405670
v 0.654842 0.357834 0.353824
v 0.706571 0.308706 0.393020
v 0.612559 0.396695 0.301828
v 0.516963 0.425207 0.358756
v 0.501297 0.436649 0.274017
v 0.596688 0.393960 0.191435
v 0.718166 0.339542 0.215157
v 0.695932 0.342214 0.121089
v 0.186710 0.872082 -0.357879
v 0.073273 0.829666 -0.200472
v 0.179020 0.736746 -0.340821
v 0.066408 0.686509 -0.171224
v 0.156388 0.482804 -0.308174
v 0.067155 0.479848 -0.139686
v 0.051515 0.346262 -0.128377
v 0.193860 0.131831 0.515726
v 0.203661 0.186530 0.493256
v 0.246873 0.100387 0.469594
v 0.265447 0.140018 0.433348
v 0.161317 0.138980 0.429382
v 0.203661 0.186530 0.493256
v 0.193860 0.131831 0.515726
v 0.157616 0.100757 0.466297
v 0.217013 0.114089 0.405999
v 0.161317 0.138980 0.429382
v 0.157616 0.100757 0.466297
v 0.206299 0.082325 0.444272
v 0.265447 0.140018 0.433348
v 0.217013 0.114089 0.405999
v 0.206299 0.082325 0.444272
v 0.246873 0.100387 0.469594
v 0.201278 0.053918 0.501254
v 0.219615 0.066548 0.493588
v 0.219615 0.066548 0.493588
v 0.246873 0.100387 0.469594
v 0.201278 0.053918 0.501254
v 0.199532 0.073397 0.510019
v 0.201278 0.053918 0.501254
v 0.157616 0.100757 0.466297
v 0.193860 0.131831 0.515726
v 0.199532 0.073397 0.510019
v 0.184263 0.066691 0.492380
v 0.184263 0.066691 0.492380
v 0.201278 0.053918 0.501254
v 0.201278 0.053918 0.501254
v 0.726065 0.136733 0.310960
v 0.731273 0.100068 0.351689
v 0.710435 0.186992 0.368355
v 0.720446 0.126482 0.400173
v 0.710435 0.186992 0.368355
v 0.720446 0.126482 0.400173
v 0.627391 0.140708 0.363159
v 0.657170 0.103725 0.392591
v 0.627391 0.140708 0.363159
v 0.657170 0.103725 0.392591
v 0.661794 0.113067 0.318414
v 0.680249 0.086177 0.355252
v 0.661794 0.113067 0.318414
v 0.680249 0.086177 0.355252
v 0.726065 0.136733 0.310960
v 0.731273 0.100068 0.351689
v 0.702575 0.058250 0.393339
v 0.719819 0.070685 0.379857
v 0.719819 0.070685 0.379857
v 0.714810 0.078531 0.401774
v 0.719819 0.070685 0.379857
v 0.702575 0.058250 0.393339
v 0.714810 0.078531 0.401774
v 0.714810 0.078531 0.401774
v 0.687875 0.071628 0.397903
v 0.687875 0.071628 0.397903
v 0.702575 0.058250 0.393339
v 0.702575 0.058250 0.393339
v 0.451636 0.129226 0.514796
v 0.452936 0.177653 0.489882
v 0.501236 0.134321 0.423818
v 0.383993 0.132778 0.444371
v 0.452936 0.177653 0.489882
v 0.451636 0.129226 0.514796
v 0.394867 0.098082 0.481372
v 0.440861 0.108148 0.413727
v 0.383993 0.132778 0.444371
v 0.394867 0.098082 0.481372
v 0.443864 0.077838 0.456013
v 0.494080 0.099252 0.464436
v 0.494080 0.099252 0.464436
v 0.501236 0.134321 0.423818
v 0.440861 0.108148 0.413727
v 0.443864 0.077838 0.456013
v 0.472158 0.065348 0.491472
v 0.451098 0.051096 0.502765
v 0.452976 0.073709 0.513820
v 0.472158 0.065348 0.491472
v 0.451098 0.051096 0.502765
v 0.394867 0.098082 0.481372
v 0.451636 0.129226 0.514796
v 0.452976 0.073709 0.513820
v 0.428969 0.064602 0.499678
v 0.428969 0.064602 0.499678
v 0.451098 0.051096 0.502765
v 0.451098 0.051096 0.502765
v 0.038210 0.250942 -0.109903
v 0.031314 0.106404 -0.099045
v 0.128538 0.107086 -0.271752
v 0.128538 0.107086 -0.271752
v 0.031314 0.106404 -0.099045
v 0.159313 0.043441 -0.240137
v 0.077578 0.043440 -0.087974
v 0.077578 0.043440 -0.087974
v 0.174031 0.043442 -0.098803
v 0.159313 0.043441 -0.240137
v 0.239632 0.043419 0.136168
v 0.094008 0.043409 0.134128
v 0.205273 0.043398 0.329238
v 0.107382 0.043388 0.281372
v 0.107280 0.043380 0.357195
v 0.067952 0.110520 0.366298
v 0.107280 0.043380 0.357195
v 0.065777 0.104390 0.296171
v 0.107382 0.043388 0.281372
v 0.094008 0.043409 0.134128
v 0.070604 0.108421 0.144396
v 0.077578 0.043440 -0.087974
v 0.031314 0.106404 -0.099045
v 0.070604 0.108421 0.144396
v 0.031314 0.106404 -0.099045
v 0.038210 0.250942 -0.109903
v 0.057484 0.237154 0.172337
v 0.072047 0.366206 0.153809
v 0.067952 0.110520 0.366298
v 0.065777 0.104390 0.296171
v 0.061142 0.252036 0.368521
v 0.066993 0.251351 0.300235
v 0.102844 0.361827 0.333115
v 0.074308 0.315154 0.206303
v 0.072047 0.366206 0.153809
v 0.203022 0.400181 0.367440
v 0.102844 0.361827 0.333115
v 0.168370 0.411739 0.225417
v 0.203022 0.400181 0.367440
v 0.265504 0.411179 0.377543
v 0.340241 0.356218 0.467648
v 0.265504 0.411179 0.377543
v 0.709255 0.116997 -0.183687
v 0.738955 0.113679 -0.012171
v 0.697506 0.265878 -0.165586
v 0.695932 0.342214 0.121089
v 0.683324 0.328050 0.012733
v 0.740265 0.242563 0.028046
v 0.773260 0.113956 0.125086
v 0.758442 0.251497 0.150452
v 0.718166 0.339542 0.215157
v 0.387351 0.442590 0.287468
v 0.431913 0.434265 0.367605
v 0.264413 0.432191 0.286208
v 0.332495 0.424534 0.380005
v 0.332495 0.424534 0.380005
v 0.431913 0.434265 0.367605
v 0.447504 0.418118 0.434083
v 0.786970 0.136746 0.317576
v 0.778782 0.289680 0.307199
v 0.778782 0.289680 0.307199
v 0.741964 0.321062 0.275034
v 0.516963 0.425207 0.358756
v 0.431913 0.434265 0.367605
v 0.447504 0.418118 0.434083
v 0.431913 0.434265 0.367605
v 0.556811 0.330439 0.405670
v 0.553270 0.296236 0.458637
v 0.453591 0.310478 0.509985
v 0.453591 0.310478 0.509985
v 0.344164 0.291038 0.494189
v 0.447504 0.418118 0.434083
v 0.340241 0.356218 0.467648
v 0.207100 0.372140 0.467240
v 0.203022 0.400181 0.367440
v 0.340241 0.356218 0.467648
v 0.207100 0.372140 0.467240
v 0.113105 0.347494 0.436775
v 0.113105 0.347494 0.436775
v 0.104870 0.115147 0.463646
v 0.113105 0.347494 0.436775
v 0.207100 0.372140 0.467240
v 0.105575 0.255373 0.471352
v 0.105575 0.255373 0.471352
v 0.208730 0.111166 0.513211
v 0.104870 0.115147 0.463646
v 0.215765 0.267614 0.520701
v 0.208730 0.111166 0.513211
v 0.215765 0.267614 0.520701
v 0.305022 0.114602 0.500864
v 0.319871 0.138926 0.433664
v 0.305022 0.114602 0.500864
v 0.316711 0.250949 0.513726
v 0.316711 0.250949 0.513726
v 0.215765 0.267614 0.520701
v 0.207100 0.372140 0.467240
v 0.316711 0.250949 0.513726
v 0.340241 0.356218 0.467648
v 0.340241 0.356218 0.467648
v 0.319871 0.138926 0.433664
v 0.340241 0.356218 0.467648
v 0.332329 0.120701 0.501367
v 0.344164 0.291038 0.494189
v 0.450671 0.120729 0.516246
v 0.332329 0.120701 0.501367
v 0.344164 0.291038 0.494189
v 0.453591 0.310478 0.509985
v 0.453591 0.310478 0.509985
v 0.553270 0.296236 0.458637
v 0.450671 0.120729 0.516246
v 0.555541 0.121254 0.465508
v 0.556752 0.145794 0.372360
v 0.555541 0.121254 0.465508
v 0.553270 0.296236 0.458637
v 0.556811 0.330439 0.405670
v 0.556752 0.145794 0.372360
v 0.556811 0.330439 0.405670
v 0.598047 0.123362 0.433367
v 0.585631 0.296547 0.425712
v 0.585631 0.296547 0.425712
v 0.717511 0.126957 0.405752
v 0.598047 0.123362 0.433367
v 0.585631 0.296547 0.425712
v 0.706571 0.308706 0.393020
v 0.717511 0.126957 0.405752
v 0.706571 0.308706 0.393020
v 0.786970 0.136746 0.317576
v 0.778782 0.289680 0.307199
v -0.062020 3.939828 1.384807
v 0.000004 3.952302 1.389693
v 0.000004 4.049434 1.372009
v -0.164039 4.023124 1.326458
v -0.136886 3.926359 1.375230
v -0.231857 3.923700 1.355838
v -0.248957 4.013310 1.305185
v -0.314180 3.913648 1.327280
v -0.290119 4.008273 1.291155
v -0.360617 3.902406 1.314027
v -0.332232 3.998220 1.281426
v -0.398407 3.893521 1.298829
v -0.410816 3.887813 1.281513
v -0.398407 3.893521 1.298829
v -0.461360 3.933277 1.187082
v -0.509700 3.862368 1.169139
v -0.420047 3.886970 1.276324
v -0.420047 3.886970 1.276324
v 0.000004 4.143043 1.310611
v 0.000004 4.221886 1.053327
v -0.266057 4.102919 1.209955
v -0.362822 3.903508 1.367685
v -0.342090 3.906124 1.294203
v -0.296410 3.917669 1.302051
v -0.323455 3.911832 1.389044
v -0.226322 3.924327 1.327409
v -0.248070 3.922014 1.412046
v -0.136886 3.929862 1.356443
v -0.138399 3.930618 1.442788
v 0.000004 3.957793 1.373998
v 0.000004 3.938358 1.460364
v -0.136886 3.926359 1.375230
v -0.146311 3.954226 1.487431
v -0.062020 3.939828 1.384807
v -0.231857 3.923700 1.355838
v -0.274834 3.935331 1.466115
v -0.343776 3.926597 1.441167
v -0.314180 3.913648 1.327280
v -0.385933 3.919830 1.417603
v -0.360617 3.902406 1.314027
v -0.426619 3.911421 1.396049
v -0.398407 3.893521 1.298829
v -0.447265 3.898882 1.361113
v -0.410816 3.887813 1.281513
v -0.457058 3.890451 1.347666
v -0.420047 3.886970 1.276324
v -0.409562 3.894299 1.339732
v -0.457058 3.890451 1.347666
v -0.420047 3.886970 1.276324
v -0.387403 3.895725 1.286853
v -0.248070 3.922014 1.412046
v -0.259053 3.866130 1.442788
v -0.323455 3.911832 1.389044
v -0.352856 3.858066 1.412609
v -0.362822 3.903508 1.367685
v -0.429084 3.843733 1.364204
v -0.409562 3.894299 1.339732
v 0.000004 4.232848 1.592065
v -0.089476 4.255331 1.585104
v 0.000004 4.331040 1.662802
v -0.675990 4.696461 1.057802
v -0.723119 4.666562 1.063402
v -0.766983 4.698190 0.961534
v -0.675990 4.696461 1.057802
v -0.766983 4.698190 0.961534
v -0.758422 4.720501 0.962226
v -0.673504 4.717322 1.058213
v -0.665203 4.714534 1.032379
v -0.673504 4.717322 1.058213
v -0.749688 4.721106 0.950617
v -0.758422 4.720501 0.962226
v -1.228391 4.984702 0.044426
v -1.115412 4.913879 0.100699
v -1.343877 4.918354 0.007782
v -1.184505 4.766115 0.071146
v -1.070942 5.322084 -0.334226
v -0.877844 5.485219 0.021510
v -0.928799 5.170428 -0.202071
v -0.216529 4.665091 1.323734
v -0.178567 4.785831 1.234795
v -0.118337 4.707702 1.348704
v -0.715735 0.116987 -0.175556
v -0.740380 0.113657 -0.000098
v -0.699110 0.043483 -0.151147
v -0.707498 0.043483 0.007599
v -0.767447 0.113915 0.142736
v -0.734024 0.043482 0.133678
v -0.734024 0.043482 0.133678
v -0.597979 0.043482 0.123236
v -0.707498 0.043483 0.007599
v -0.504841 2.995922 -0.549973
v -0.274240 3.004245 -0.571118
v -0.521640 3.145504 -0.477875
v -0.288898 3.169327 -0.486935
v -0.300128 5.010039 1.091008
v -0.316710 4.988658 1.061542
v -0.380767 5.006648 1.066774
v -0.382971 5.029345 1.103201
v -0.497355 5.013823 1.065542
v -0.258383 4.941249 1.069692
v -0.228441 4.879268 1.059813
v -0.183064 4.953769 1.014262
v -0.298248 5.098701 1.023710
v -0.316710 4.988658 1.061542
v -0.476170 5.181068 0.953449
v -0.476170 5.181068 0.953449
v -0.380767 5.006648 1.066774
v -0.316710 4.988658 1.061542
v -0.497355 5.013823 1.065542
v -0.601968 4.986086 1.037524
v -0.619242 5.155212 0.879362
v -0.694020 4.939822 1.000859
v -0.705522 5.080822 0.820991
v -0.747829 4.893644 0.962831
v -0.771957 5.001524 0.802896
v -0.780041 4.849434 0.925690
v -0.824771 4.913039 0.792173
v -0.797422 4.808423 0.890971
v -0.849633 4.817484 0.782618
v -0.796882 4.737882 0.885674
v -0.863836 4.717650 0.792281
v -0.778268 4.719462 0.906731
v -0.798894 4.669115 0.875384
v -0.749688 4.721106 0.950617
v -0.756780 4.658219 0.909606
v -0.661507 4.644686 1.007323
v -0.665203 4.714534 1.032379
v -0.533805 4.634784 1.087182
v -0.512013 4.690341 1.098964
v -0.219145 4.801051 1.057694
v -0.169099 4.846302 1.053738
v -0.183064 4.953769 1.014262
v -0.219145 4.801051 1.057694
v -0.365115 4.623499 1.073519
v -0.351732 4.674344 1.076697
v -0.290703 4.658735 1.038259
v -0.280110 4.620257 1.050236
v -0.290703 4.658735 1.038259
v -0.365115 4.623499 1.073519
v -0.169099 4.846302 1.053738
v -0.219145 4.801051 1.057694
v -0.224507 4.655452 1.016943
v -0.247465 4.697952 1.041091
v -0.256783 4.685607 1.038821
v -0.280110 4.620257 1.050236
v -0.256783 4.685607 1.038821
v -0.200639 4.210580 1.606701
v -0.216594 4.281447 1.581969
v -0.071446 4.170824 1.612452
v -0.439590 4.373823 1.547401
v -0.394429 4.250337 1.597989
v -0.658220 4.330542 1.489268
v -0.583008 4.207186 1.552395
v -0.730837 4.139195 1.476557
v -0.841308 4.266593 1.428866
v -0.818198 4.035491 1.383639
v -0.505225 4.102378 1.561432
v -0.340469 4.121576 1.602183
v -0.305252 3.989118 1.534041
v -0.407206 3.977942 1.499429
v -0.660533 3.972429 1.426661
v -0.619414 4.050731 1.488382
v -0.471240 3.959306 1.465726
v -0.247884 0.140071 0.424856
v -0.183288 0.186594 0.481843
v -0.227671 0.100444 0.460225
v -0.172198 0.131899 0.503678
v -0.183288 0.186594 0.481843
v -0.142818 0.139055 0.415323
v -0.172198 0.131899 0.503678
v -0.137478 0.100833 0.452096
v -0.142818 0.139055 0.415323
v -0.200518 0.114150 0.395282
v -0.137478 0.100833 0.452096
v -0.186985 0.082392 0.432272
v -0.200518 0.114150 0.395282
v -0.247884 0.140071 0.424856
v -0.186985 0.082392 0.432272
v -0.227671 0.100444 0.460225
v -0.180045 0.053985 0.489432
v -0.199070 0.066611 0.482817
v -0.227671 0.100444 0.460225
v -0.199070 0.066611 0.482817
v -0.180045 0.053985 0.489432
v -0.178035 0.073464 0.498188
v -0.180045 0.053985 0.489432
v -0.172198 0.131899 0.503678
v -0.137478 0.100833 0.452096
v -0.178035 0.073464 0.498188
v -0.163291 0.066762 0.479682
v -0.163291 0.066762 0.479682
v -0.180045 0.053985 0.489432
v -0.180045 0.053985 0.489432
v -0.697230 0.126453 0.416104
v -0.710893 0.100035 0.368435
v -0.689188 0.186964 0.383719
v -0.708169 0.136701 0.327468
v -0.697230 0.126453 0.416104
v -0.689188 0.186964 0.383719
v -0.606950 0.140700 0.373234
v -0.634730 0.103710 0.404517
v -0.634730 0.103710 0.404517
v -0.606950 0.140700 0.373234
v -0.643551 0.113050 0.330905
v -0.660024 0.086156 0.368652
v -0.660024 0.086156 0.368652
v -0.643551 0.113050 0.330905
v -0.708169 0.136701 0.327468
v -0.710893 0.100035 0.368435
v -0.679870 0.058225 0.408127
v -0.697792 0.070655 0.395805
v -0.697792 0.070655 0.395805
v -0.697792 0.070655 0.395805
v -0.691522 0.078503 0.417337
v -0.679870 0.058225 0.408127
v -0.691522 0.078503 0.417337
v -0.691522 0.078503 0.417337
v -0.664953 0.071606 0.411759
v -0.664953 0.071606 0.411759
v -0.679870 0.058225 0.408127
v -0.679870 0.058225 0.408127
v -0.422976 0.177689 0.488894
v -0.420058 0.129263 0.513669
v -0.475423 0.134344 0.426157
v -0.422976 0.177689 0.488894
v -0.357104 0.132830 0.438933
v -0.420058 0.129263 0.513669
v -0.365557 0.098132 0.476572
v -0.357104 0.132830 0.438933
v -0.415820 0.108185 0.412105
v -0.365557 0.098132 0.476572
v -0.416080 0.077876 0.454499
v -0.465651 0.099278 0.466216
v -0.475423 0.134344 0.426157
v -0.465651 0.099278 0.466216
v -0.415820 0.108185 0.412105
v -0.416080 0.077876 0.454499
v -0.420274 0.051133 0.501628
v -0.442022 0.065380 0.491748
v -0.442022 0.065380 0.491748
v -0.421441 0.073746 0.512783
v -0.420274 0.051133 0.501628
v -0.420058 0.129263 0.513669
v -0.365557 0.098132 0.476572
v -0.421441 0.073746 0.512783
v -0.398396 0.064645 0.497088
v -0.398396 0.064645 0.497088
v -0.420274 0.051133 0.501628
v -0.420274 0.051133 0.501628
v -1.088193 4.659233 0.313362
v -1.127669 4.629701 0.438210
v -1.096560 4.609768 0.095295
v -1.001913 4.720219 0.326204
v -0.960557 4.792210 0.550455
v -0.946505 4.789464 0.687733
v -0.974544 4.680743 0.732203
v -1.002346 4.693909 0.545374
v -0.980035 4.814433 0.333360
v -1.002346 4.693909 0.545374
v -1.156379 4.580627 0.705828
v -1.269142 4.418660 0.542845
v -1.212998 4.511555 0.332300
v -1.146521 4.336380 -0.093934
v -1.222208 4.227270 0.133257
v -0.359363 3.655499 1.332338
v -0.402558 3.556507 1.225801
v -0.494437 3.677355 1.264564
v -0.560612 3.612931 1.148731
v -0.601082 3.698693 1.221996
v -0.680746 3.654439 1.095527
v -0.697241 3.740374 1.213609
v -0.807972 3.708313 1.075940
v -0.763546 3.813142 1.244091
v -1.274784 4.114788 0.376468
v -1.144813 3.934185 0.065612
v -1.147385 3.826502 0.314552
v -1.238508 4.013051 0.593022
v -1.090182 3.760046 0.542175
v -1.011037 3.711815 0.768501
v -1.161438 3.919722 0.787158
v -1.024354 3.843149 0.975003
v -0.900868 3.708184 0.959870
v -0.908369 3.804106 1.099743
v -0.819755 3.922576 1.298116
v -0.995903 3.967046 1.185158
v -0.957963 4.137292 1.314135
v -0.846951 4.620838 1.160405
v -0.654264 4.608580 1.255008
v -0.534734 4.637938 1.143888
v -0.369351 4.631150 1.126290
v -0.269278 4.619563 1.102250
v -0.317142 4.593511 1.272325
v -0.417691 4.607759 1.253754
v -0.469965 4.549561 1.364680
v -0.711207 4.544956 1.338305
v -0.711186 4.452731 1.413430
v -0.976490 4.503491 1.236870
v -1.027315 4.587286 1.016857
v -1.147818 4.390642 1.089344
v -1.182991 4.495709 0.912935
v -0.924281 4.385670 1.350087
v -1.213474 4.179168 0.937840
v -1.267110 4.299757 0.769431
v -1.116730 4.054190 1.088998
v -1.062770 4.260238 1.228071
v -1.807270 2.762977 0.468848
v -1.726741 2.756772 0.496260
v -1.751170 2.714962 0.538979
v -1.751170 2.714962 0.538979
v -1.726741 2.756772 0.496260
v -1.757223 2.671443 0.490532
v -1.755926 2.689646 0.436052
v -1.755926 2.689646 0.436052
v -1.811356 2.712130 0.439295
v -1.810080 2.688284 0.489148
v -1.757223 2.671443 0.490532
v -1.809410 2.732171 0.518485
v -1.811356 2.712130 0.439295
v -1.807270 2.762977 0.468848
v -1.809410 2.732171 0.518485
v -1.810080 2.688284 0.489148
v -1.806859 2.660937 0.545400
v -1.806859 2.660937 0.545400
v -1.787359 2.676437 0.550264
v -1.793434 2.661218 0.530678
v -1.793434 2.661218 0.530678
v -1.757223 2.671443 0.490532
v -1.806859 2.660937 0.545400
v -1.810167 2.688046 0.541833
v -1.787359 2.676437 0.550264
v -1.806859 2.660937 0.545400
v -1.751170 2.714962 0.538979
v -1.809410 2.732171 0.518485
v -1.806859 2.660937 0.545400
v -1.810167 2.688046 0.541833
v -1.251853 2.853321 0.075341
v -1.387162 2.795881 0.073611
v -1.249843 2.986191 0.099013
v -1.387162 2.795881 0.073611
v -1.383444 2.913595 0.142597
v -1.249843 2.986191 0.099013
v -1.387162 2.795881 0.073611
v -1.251853 2.853321 0.075341
v -1.404478 2.745725 -0.042849
v -1.264608 2.749400 -0.016431
v -1.404478 2.745725 -0.042849
v -1.404478 2.745725 -0.042849
v -1.278465 2.734375 -0.125347
v -1.419567 2.759864 -0.133303
v -1.295911 2.787731 -0.246240
v -1.427869 2.840242 -0.229507
v -1.523788 2.850749 0.161924
v -1.528177 2.774089 0.059559
v -1.528177 2.774089 0.059559
v -1.387162 2.795881 0.073611
v -1.547135 2.763669 -0.056642
v -1.404478 2.745725 -0.042849
v -1.564516 2.784250 -0.133368
v -1.568927 2.882983 -0.214482
v -1.582242 2.770781 0.056576
v -1.601439 2.768836 -0.060274
v -1.620290 2.791816 -0.133605
v -1.620290 2.791816 -0.133605
v -1.620269 2.891068 -0.206223
v -1.690872 2.909250 -0.204969
v -1.698739 2.798324 -0.110603
v -1.698739 2.798324 -0.110603
v -1.681552 2.779883 -0.052535
v -1.635397 2.782996 0.061029
v -1.582242 2.770781 0.056576
v -1.635397 2.782996 0.061029
v -1.603103 2.855657 0.168799
v -1.845572 2.918697 0.380189
v -1.880810 3.006189 0.380167
v -1.756418 3.024759 0.320261
v -1.651289 2.982256 0.245179
v -1.759963 2.959319 0.372125
v -1.759963 2.959319 0.372125
v -1.845572 2.918697 0.380189
v -1.756418 3.024759 0.320261
v -1.853701 2.879200 0.421892
v -1.756440 2.916232 0.423275
v -1.827975 2.787601 0.541487
v -1.842178 2.831206 0.483159
v -1.757391 2.842036 0.520603
v -1.759596 2.871136 0.494747
v -1.757304 2.893554 0.460589
v -1.847151 2.848933 0.451142
v -1.603103 2.855657 0.168799
v -1.652411 2.842101 0.194504
v -1.651289 2.982256 0.245179
v -1.661644 2.926328 0.307852
v -1.652411 2.842101 0.194504
v -1.661644 2.926328 0.307852
v -1.651289 2.982256 0.245179
v -1.756440 2.916232 0.423275
v -1.670637 2.878378 0.385399
v -1.757304 2.893554 0.460589
v -1.652130 2.809695 0.283012
v -1.670637 2.878378 0.385399
v -1.648088 2.791038 0.339415
v -1.672171 2.850295 0.433155
v -1.672171 2.850295 0.433155
v -1.759596 2.871136 0.494747
v -1.652995 2.751865 0.414736
v -1.678030 2.825888 0.467334
v -1.672517 2.722009 0.466643
v -1.678030 2.825888 0.467334
v -1.724747 2.653477 0.462881
v -1.769108 2.708778 0.536450
v -1.672517 2.722009 0.466643
v -1.693617 2.778607 0.525489
v -1.693617 2.778607 0.525489
v -1.693617 2.778607 0.525489
v -1.769108 2.708778 0.536450
v -1.827975 2.787601 0.541487
v -1.757391 2.842036 0.520603
v -1.757391 2.842036 0.520603
v -1.693617 2.778607 0.525489
v -2.292747 2.871418 -0.185793
v -2.339680 2.930480 -0.134189
v -2.387803 2.871267 -0.133735
v -2.387803 2.871267 -0.133735
v -2.339680 2.930480 -0.134189
v -2.356499 2.838665 -0.083082
v -2.301243 2.876023 -0.067646
v -2.301243 2.876023 -0.067646
v -2.273939 2.842319 -0.124050
v -2.329822 2.818149 -0.126687
v -2.356499 2.838665 -0.083082
v -2.350770 2.835119 -0.173968
v -2.273939 2.842319 -0.124050
v -2.292747 2.871418 -0.185793
v -2.350770 2.835119 -0.173968
v -2.329822 2.818149 -0.126687
v -2.386873 2.795190 -0.128827
v -2.382636 2.805632 -0.145107
v -2.382636 2.805632 -0.145107
v -2.394807 2.817501 -0.130665
v -2.386873 2.795190 -0.128827
v -2.394807 2.817501 -0.130665
v -2.386570 2.806237 -0.115705
v -2.386570 2.806237 -0.115705
v -2.386873 2.795190 -0.128827
v -2.386873 2.795190 -0.128827
v -2.394807 2.817501 -0.130665
v -2.386570 2.806237 -0.115705
v -2.171902 2.919195 0.368644
v -2.174280 2.984895 0.439381
v -2.236065 2.914742 0.470058
v -2.236065 2.914742 0.470058
v -2.174280 2.984895 0.439381
v -2.176658 2.867915 0.481452
v -2.108884 2.914006 0.460719
v -2.108884 2.914006 0.460719
v -2.125487 2.883351 0.403299
v -2.185413 2.851787 0.435360
v -2.176658 2.867915 0.481452
v -2.223656 2.872866 0.411947
v -2.125487 2.883351 0.403299
v -2.171902 2.919195 0.368644
v -2.223656 2.872866 0.411947
v -2.185413 2.851787 0.435360
v -2.245577 2.822905 0.470448
v -2.252473 2.833541 0.454233
v -2.252473 2.833541 0.454233
v -2.252473 2.833541 0.454233
v -2.249858 2.842016 0.479528
v -2.245577 2.822905 0.470448
v -2.249858 2.842016 0.479528
v -2.249858 2.842016 0.479528
v -2.232952 2.831444 0.483419
v -2.232952 2.831444 0.483419
v -2.245577 2.822905 0.470448
v -2.245577 2.822905 0.470448
v -2.249858 2.842016 0.479528
v -2.232952 2.831444 0.483419
v -2.344588 2.912450 0.102430
v -2.371589 2.976723 0.181576
v -2.429375 2.903781 0.202201
v -2.429375 2.903781 0.202201
v -2.371589 2.976723 0.181576
v -2.372411 2.860587 0.233159
v -2.301438 2.910721 0.237677
v -2.301438 2.910721 0.237677
v -2.297633 2.880195 0.162141
v -2.362834 2.843356 0.182333
v -2.372411 2.860587 0.233159
v -2.402353 2.861948 0.143959
v -2.297633 2.880195 0.162141
v -2.344588 2.912450 0.102430
v -2.402353 2.861948 0.143959
v -2.362834 2.843356 0.182333
v -2.427689 2.808896 0.202547
v -2.429613 2.819252 0.185079
v -2.429613 2.819252 0.185079
v -2.429613 2.819252 0.185079
v -2.436033 2.825607 0.202438
v -2.427689 2.808896 0.202547
v -2.436033 2.825607 0.202438
v -2.436033 2.825607 0.202438
v -2.420230 2.821932 0.216253
v -2.420230 2.821932 0.216253
v -2.427689 2.808896 0.202547
v -2.427689 2.808896 0.202547
v -2.436033 2.825607 0.202438
v -2.420230 2.821932 0.216253
v -1.957446 2.799621 0.081178
v -2.044741 2.784510 -0.034677
v -2.043854 2.797135 0.094387
v -2.018150 2.822061 0.192623
v -1.773691 2.973630 -0.203888
v -1.934141 2.966908 -0.231171
v -1.934487 2.835422 -0.187134
v -1.767636 2.864283 -0.174616
v -1.767636 2.864283 -0.174616
v -1.934487 2.835422 -0.187134
v -1.943891 2.794649 -0.122753
v -1.801707 2.811144 -0.125282
v -1.801707 2.811144 -0.125282
v -1.912263 2.793914 -0.060080
v -1.781213 2.799902 -0.083968
v -1.869718 2.782672 0.002745
v -1.749952 2.779321 -0.029013
v -1.795308 2.766479 0.093587
v -1.690872 2.909250 -0.204969
v -1.698739 2.798324 -0.110603
v -1.690872 2.909250 -0.204969
v -1.698739 2.798324 -0.110603
v -1.681552 2.779883 -0.052535
v -1.635397 2.782996 0.061029
v -1.693377 2.766501 0.070088
v -2.056523 2.827942 0.230111
v -1.972147 2.843572 0.259469
v -1.910664 2.793525 0.122600
v -1.852770 2.765831 0.209378
v -1.874735 2.801588 0.280742
v -1.603103 2.855657 0.168799
v -1.652411 2.842101 0.194504
v -1.874735 2.801588 0.280742
v -1.870476 2.756448 0.324347
v -1.852770 2.765831 0.209378
v -1.870476 2.756448 0.324347
v -1.826461 2.725598 0.289454
v -1.852770 2.765831 0.209378
v -1.826461 2.725598 0.289454
v -1.728702 2.738698 0.268441
v -1.742862 2.754200 0.203454
v -1.742862 2.754200 0.203454
v -1.728702 2.738698 0.268441
v -1.652130 2.809695 0.283012
v -2.028267 2.787774 -0.119640
v -2.018582 2.829888 -0.198548
v -2.007211 2.961892 -0.241138
v -2.100084 2.951191 -0.252898
v -2.091739 2.841151 -0.187890
v -2.121010 2.814495 -0.024149
v -2.102332 2.806410 -0.113132
v -2.193756 2.786801 -0.108441
v -2.177067 2.803318 -0.197770
v -2.091739 2.841151 -0.187890
v -2.210770 2.797589 -0.020041
v -2.121010 2.814495 -0.024149
v -2.210770 2.797589 -0.020041
v -2.215094 2.951126 -0.005146
v -2.253293 2.948575 -0.005060
v -2.303599 2.941355 -0.016712
v -2.177067 2.803318 -0.197770
v -2.195096 2.941160 -0.275014
v -2.265205 2.928859 -0.268356
v -2.291233 2.796444 -0.040882
v -2.283191 2.784640 -0.117867
v -2.291233 2.796444 -0.040882
v -2.259995 2.794952 -0.203391
v -2.259995 2.794952 -0.203391
v -2.338275 2.919671 -0.260465
v -2.328417 2.807988 -0.206115
v -2.328417 2.807988 -0.206115
v -2.338275 2.919671 -0.260465
v -2.400601 2.930524 -0.143010
v -2.328417 2.807988 -0.206115
v -2.361147 2.800508 -0.123163
v -2.361147 2.800508 -0.123163
v -2.354035 2.934977 -0.029186
v -2.342577 2.809826 -0.054026
v -2.342577 2.809826 -0.054026
v -2.361147 2.800508 -0.123163
v -2.400601 2.930524 -0.143010
v -2.342577 2.809826 -0.054026
v -2.354035 2.934977 -0.029186
v -1.890711 2.819964 0.376859
v -1.853701 2.879200 0.421892
v -1.847151 2.848933 0.451142
v -1.887923 2.788811 0.409245
v -1.887923 2.788811 0.409245
v -1.869482 2.729468 0.366115
v -1.890711 2.819964 0.376859
v -1.883318 2.773160 0.440160
v -1.842178 2.831206 0.483159
v -1.883318 2.773160 0.440160
v -1.869482 2.729468 0.366115
v -1.866066 2.711848 0.406131
v -1.814874 2.673043 0.382351
v -1.866066 2.711848 0.406131
v -1.859236 2.741207 0.501038
v -1.827975 2.787601 0.541487
v -1.859236 2.741207 0.501038
v -1.803611 2.660893 0.441089
v -1.848253 2.682533 0.491353
v -1.848253 2.682533 0.491353
v -1.859236 2.741207 0.501038
v -1.827975 2.787601 0.541487
v -1.769108 2.708778 0.536450
v -1.848253 2.682533 0.491353
v -1.803611 2.660893 0.441089
v -1.848253 2.682533 0.491353
v -1.769108 2.708778 0.536450
v -1.724747 2.653477 0.462881
v -1.822505 2.689841 0.343696
v -1.822505 2.689841 0.343696
v -1.814874 2.673043 0.382351
v -1.721352 2.718183 0.321126
v -1.717872 2.688046 0.381961
v -1.803611 2.660893 0.441089
v -1.724747 2.653477 0.462881
v -1.717872 2.688046 0.381961
v -1.724747 2.653477 0.462881
v -1.672517 2.722009 0.466643
v -1.652995 2.751865 0.414736
v -1.721352 2.718183 0.321126
v -1.648088 2.791038 0.339415
v -2.108753 2.820029 0.254497
v -2.040180 2.813176 0.341642
v -2.001721 2.842232 0.294578
v -1.888787 2.848004 0.352300
v -1.888787 2.848004 0.352300
v -1.888787 2.848004 0.352300
v -1.845572 2.918697 0.380189
v -1.845572 2.918697 0.380189
v -1.888787 2.848004 0.352300
v -1.880810 3.006189 0.380167
v -1.920674 2.862467 0.348258
v -1.939957 2.861689 0.362440
v -1.880810 3.006189 0.380167
v -1.940325 2.995055 0.413352
v -1.920674 2.862467 0.348258
v -1.920674 2.862467 0.348258
v -1.920674 2.862467 0.348258
v -1.939957 2.861689 0.362440
v -1.989161 2.834514 0.417135
v -2.005202 2.989153 0.469885
v -1.989161 2.834514 0.417135
v -2.077817 2.976679 0.511221
v -2.072975 2.817067 0.457865
v -2.072975 2.817067 0.457865
v -2.127172 2.797740 0.392793
v -2.152163 2.843508 0.500628
v -2.152163 2.843508 0.500628
v -2.149007 2.967340 0.542741
v -2.149007 2.967340 0.542741
v -2.152163 2.843508 0.500628
v -2.253467 2.967405 0.480587
v -2.291926 2.963016 0.357662
v -2.253467 2.967405 0.480587
v -2.216240 2.826494 0.452028
v -2.216240 2.826494 0.452028
v -2.216240 2.826494 0.452028
v -2.254591 2.834708 0.362764
v -2.238961 2.977522 0.309430
v -2.291926 2.963016 0.357662
v -2.254591 2.834708 0.362764
v -2.178710 2.985522 0.264549
v -2.184396 2.806864 0.301907
v -2.254591 2.834708 0.362764
v -2.184396 2.806864 0.301907
v -2.108753 2.820029 0.254497
v -2.135430 2.972204 0.245244
v -2.056523 2.827942 0.230111
v -2.102332 2.806410 -0.113132
v -2.121010 2.814495 -0.024149
v -2.120578 2.814041 0.008042
v -2.091544 2.808766 0.119335
v -2.163707 2.807880 0.143268
v -2.195313 2.809047 0.034438
v -2.066597 2.828374 0.218912
v -2.137268 2.820483 0.236445
v -2.138824 2.975901 0.238066
v -2.135430 2.972204 0.245244
v -2.056523 2.827942 0.230111
v -2.066597 2.828374 0.218912
v -2.066597 2.828374 0.218912
v -2.137268 2.820483 0.236445
v -2.138824 2.975901 0.238066
v -2.206014 2.984592 0.272181
v -2.245965 2.808442 0.245503
v -2.245965 2.808442 0.245503
v -2.287018 2.967664 0.288179
v -2.215094 2.951126 -0.005146
v -2.214142 2.950521 0.002399
v -2.121010 2.814495 -0.024149
v -2.120578 2.814041 0.008042
v -2.120578 2.814041 0.008042
v -2.214142 2.950521 0.002399
v -2.195313 2.809047 0.034438
v -2.284273 2.945721 0.018332
v -2.310863 2.794022 0.064099
v -2.361818 2.936036 0.051041
v -2.310863 2.794022 0.064099
v -2.285635 2.792466 0.163135
v -2.332049 2.826429 0.261804
v -2.332049 2.826429 0.261804
v -2.366941 2.946240 0.297453
v -2.366941 2.946240 0.297453
v -2.332049 2.826429 0.261804
v -2.442130 2.936901 0.206892
v -2.397942 2.808723 0.191002
v -2.397942 2.808723 0.191002
v -2.393013 2.811058 0.099641
v -2.428251 2.931648 0.085697
v -2.393013 2.811058 0.099641
v -2.397942 2.808723 0.191002
v -2.393013 2.811058 0.099641
v -2.442130 2.936901 0.206892
v -2.428251 2.931648 0.085697
v -0.383500 0.442604 0.286563
v -0.373534 0.470341 0.262828
v -0.261506 0.432205 0.284165
v -0.238439 0.463077 0.254071
v -0.236082 0.516302 0.270588
v -0.238439 0.463077 0.254071
v -0.373534 0.470341 0.262828
v -0.376301 0.520085 0.283452
v -0.378636 0.590865 0.313761
v -0.592033 0.393963 0.195614
v -0.693403 0.342208 0.127796
v -0.683675 0.328049 0.018254
v -0.512347 0.521318 0.269422
v -0.501603 0.470882 0.253640
v -0.501603 0.470882 0.253640
v -0.496977 0.436659 0.274954
v -0.670358 0.513320 0.109962
v -0.512347 0.521318 0.269422
v -0.501603 0.470882 0.253640
v -0.501603 0.470882 0.253640
v -0.496977 0.436659 0.274954
v -0.592033 0.393963 0.195614
v -0.646339 0.434044 0.082701
v -0.683675 0.328049 0.018254
v -0.646339 0.434044 0.082701
v -0.714741 0.477239 -0.134934
v -0.706764 0.368671 -0.143884
v -0.714741 0.477239 -0.134934
v -0.706764 0.368671 -0.143884
v -0.626861 0.488849 -0.331989
v -0.623510 0.369947 -0.323233
v -0.603599 0.118609 -0.311710
v -0.621608 0.241187 -0.323363
v -0.702180 0.265874 -0.159559
v -0.683675 0.328049 0.018254
v -0.646339 0.434044 0.082701
v -0.702180 0.265874 -0.159559
v -0.568923 0.043484 -0.273207
v -0.699110 0.043483 -0.151147
v -0.391672 0.388798 -0.411676
v -0.623510 0.369947 -0.323233
v -0.621608 0.241187 -0.323363
v -0.146904 0.347980 -0.309811
v -0.391672 0.388798 -0.411676
v -0.379976 0.244472 -0.406336
v -0.379976 0.244472 -0.406336
v -0.067736 0.479853 -0.141207
v -0.066394 0.686504 -0.171217
v -0.158513 0.482816 -0.310200
v -0.052321 0.346270 -0.130745
v -0.146904 0.347980 -0.309811
v -0.039112 0.250953 -0.113039
v -0.131402 0.226395 -0.295998
v -0.131402 0.226395 -0.295998
v -0.037705 0.106496 -0.119938
v -0.135726 0.107125 -0.279913
v -0.580814 0.043483 -0.082140
v -0.699110 0.043483 -0.151147
v -0.568923 0.043484 -0.273207
v -0.354336 0.043483 -0.311840
v -0.383003 0.043482 -0.109576
v -0.603599 0.118609 -0.311710
v -0.568923 0.043484 -0.273207
v -0.354336 0.043483 -0.311840
v -0.365102 0.113528 -0.383723
v -0.603599 0.118609 -0.311710
v -0.365102 0.113528 -0.383723
v -0.135726 0.107125 -0.279913
v -0.037705 0.106496 -0.119938
v -0.166209 0.043481 -0.248046
v -0.166209 0.043481 -0.248046
v -0.079884 0.043478 -0.096156
v -0.177126 0.043479 -0.106078
v -0.079884 0.043478 -0.096156
v -0.427732 0.043482 0.118804
v -0.530031 0.043481 0.307860
v -0.422825 0.043481 0.270157
v -0.296226 0.043480 0.353020
v -0.094696 0.043480 0.263193
v -0.089873 0.043479 0.119902
v -0.188435 0.043480 0.314517
v -0.234352 0.043481 0.125374
v -0.089508 0.043480 0.337411
v -0.037705 0.106496 -0.119938
v -0.079884 0.043478 -0.096156
v -0.064232 0.108529 0.121350
v -0.089873 0.043479 0.119902
v -0.049879 0.104509 0.271429
v -0.094696 0.043480 0.263193
v -0.089508 0.043480 0.337411
v -0.049880 0.110627 0.344479
v -0.769047 0.136701 0.337390
v -0.740272 0.043481 0.303688
v -0.740272 0.043481 0.303688
v -0.498641 0.043481 0.407825
v -0.423516 0.043480 0.442976
v -0.680324 0.043481 0.361431
v -0.740272 0.043481 0.303688
v -0.769047 0.136701 0.337390
v -0.680324 0.043481 0.361431
v -0.693857 0.126928 0.421552
v -0.579516 0.043481 0.372197
v -0.579516 0.043481 0.372197
v -0.680324 0.043481 0.361431
v -0.693857 0.126928 0.421552
v -0.572339 0.123361 0.441830
v -0.579516 0.043481 0.372197
v -0.572339 0.123361 0.441830
v -0.530031 0.043481 0.307860
v -0.534593 0.145802 0.378379
v -0.530031 0.043481 0.307860
v -0.534593 0.145802 0.378379
v -0.526918 0.121264 0.471340
v -0.498641 0.043481 0.407825
v -0.080298 0.115253 0.442650
v -0.107213 0.043480 0.391155
v -0.107213 0.043480 0.391155
v -0.186381 0.043480 0.447105
v -0.107213 0.043480 0.391155
v -0.186381 0.043480 0.447105
v -0.080298 0.115253 0.442650
v -0.180327 0.111254 0.497691
v -0.294582 0.138991 0.424361
v -0.276293 0.114670 0.490795
v -0.267775 0.043480 0.443646
v -0.276293 0.114670 0.490795
v -0.267775 0.043480 0.443646
v -0.267775 0.043480 0.443646
v -0.296226 0.043480 0.353020
v -0.329389 0.043480 0.428189
v -0.294582 0.138991 0.424361
v -0.296226 0.043480 0.353020
v -0.329389 0.043480 0.428189
v -0.302214 0.120766 0.492525
v -0.526918 0.121264 0.471340
v -0.418998 0.120766 0.515052
v -0.498641 0.043481 0.407825
v -0.423516 0.043480 0.442976
v -0.302214 0.120766 0.492525
v -0.329389 0.043480 0.428189
v -0.495398 0.425223 0.362272
v -0.532107 0.330446 0.411714
v -0.633282 0.357816 0.366445
v -0.495398 0.425223 0.362272
v -0.594455 0.396686 0.311771
v -0.496977 0.436659 0.274954
v -0.633282 0.357816 0.366445
v -0.705553 0.339505 0.232085
v -0.725291 0.321021 0.293568
v -0.740380 0.113657 -0.000098
v -0.715735 0.116987 -0.175556
v -0.702180 0.265874 -0.159559
v -0.683675 0.328049 0.018254
v -0.693403 0.342208 0.127796
v -0.739732 0.242525 0.044673
v -0.767447 0.113915 0.142736
v -0.750347 0.251453 0.169175
v -0.769047 0.136701 0.337390
v -0.759945 0.289631 0.328094
v -0.725291 0.321021 0.293568
v -0.759945 0.289631 0.328094
v -0.705553 0.339505 0.232085
v -0.693403 0.342208 0.127796
v -0.592033 0.393963 0.195614
v -0.243260 0.411257 0.364433
v -0.181560 0.400274 0.350230
v -0.312007 0.356280 0.459275
v -0.070567 0.366224 0.149650
v -0.181560 0.400274 0.350230
v -0.166340 0.411754 0.222615
v -0.243260 0.411257 0.364433
v -0.409962 0.434302 0.365493
v -0.383500 0.442604 0.286563
v -0.261506 0.432205 0.284165
v -0.309953 0.424595 0.371308
v -0.309953 0.424595 0.371308
v -0.409962 0.434302 0.365493
v -0.421225 0.418153 0.432857
v -0.037705 0.106496 -0.119938
v -0.064232 0.108529 0.121350
v -0.039112 0.250953 -0.113039
v -0.049359 0.237268 0.147811
v -0.070567 0.366224 0.149650
v -0.049879 0.104509 0.271429
v -0.050528 0.251472 0.274931
v -0.063909 0.315269 0.182121
v -0.083800 0.361944 0.309370
v -0.083800 0.361944 0.309370
v -0.039871 0.252164 0.341949
v -0.049880 0.110627 0.344479
v -0.409962 0.434302 0.365493
v -0.409962 0.434302 0.365493
v -0.421225 0.418153 0.432857
v -0.532107 0.330446 0.411714
v -0.525146 0.296245 0.464335
v -0.422371 0.310513 0.508999
v -0.314191 0.291100 0.486018
v -0.422371 0.310513 0.508999
v -0.421225 0.418153 0.432857
v -0.312007 0.356280 0.459275
v -0.181560 0.400274 0.350230
v -0.179182 0.372234 0.450087
v -0.312007 0.356280 0.459275
v -0.179182 0.372234 0.450087
v -0.087346 0.347611 0.413486
v -0.087346 0.347611 0.413486
v -0.080298 0.115253 0.442650
v -0.179182 0.372234 0.450087
v -0.087346 0.347611 0.413486
v -0.077574 0.255494 0.447492
v -0.077574 0.255494 0.447492
v -0.080298 0.115253 0.442650
v -0.180327 0.111254 0.497691
v -0.184349 0.267708 0.504004
v -0.184349 0.267708 0.504004
v -0.180327 0.111254 0.497691
v -0.276293 0.114670 0.490795
v -0.276293 0.114670 0.490795
v -0.294582 0.138991 0.424361
v -0.285524 0.251018 0.503702
v -0.285524 0.251018 0.503702
v -0.179182 0.372234 0.450087
v -0.184349 0.267708 0.504004
v -0.285524 0.251018 0.503702
v -0.312007 0.356280 0.459275
v -0.312007 0.356280 0.459275
v -0.312007 0.356280 0.459275
v -0.294582 0.138991 0.424361
v -0.302214 0.120766 0.492525
v -0.314191 0.291100 0.486018
v -0.302214 0.120766 0.492525
v -0.418998 0.120766 0.515052
v -0.314191 0.291100 0.486018
v -0.422371 0.310513 0.508999
v -0.525146 0.296245 0.464335
v -0.422371 0.310513 0.508999
v -0.418998 0.120766 0.515052
v -0.526918 0.121264 0.471340
v -0.526918 0.121264 0.471340
v -0.534593 0.145802 0.378379
v -0.525146 0.296245 0.464335
v -0.532107 0.330446 0.411714
v -0.682356 0.308676 0.408969
v -0.682356 0.308676 0.408969
v -0.759945 0.289631 0.328094
v -0.532107 0.330446 0.411714
v -0.534593 0.145802 0.378379
v -0.572339 0.123361 0.441830
v -0.559562 0.296548 0.433614
v -0.559562 0.296548 0.433614
v -0.572339 0.123361 0.441830
v -0.693857 0.126928 0.421552
v -0.559562 0.296548 0.433614
v -0.682356 0.308676 0.408969
v -0.759945 0.289631 0.328094
v -0.682356 0.308676 0.408969
v -0.769047 0.136701 0.337390
v -0.693857 0.126928 0.421552
v -0.220733 1.209827 0.506489
v -0.212727 1.284326 0.514245
v -0.104980 1.197851 0.328453
v -0.118389 1.155867 0.330771
v -0.227759 1.099398 0.488091
v -0.126496 1.078386 0.316654
v -0.236126 0.718652 0.344675
v -0.133069 0.735104 0.218031
v -0.235737 0.586562 0.292509
v -0.131447 0.892898 0.266132
v -0.239520 0.882326 0.415172
v -0.887769 1.783306 -0.304950
v -0.874391 1.715228 0.152934
v -0.873443 1.633058 -0.289881
v -0.872946 1.564179 0.167398
v -0.667219 1.556309 0.554825
v -0.670682 1.440713 0.555779
v -0.670682 1.440713 0.555779
v -0.667219 1.556309 0.554825
v -0.380792 1.411746 0.584983
v -0.412621 1.343040 0.581051
v -0.420187 1.248458 0.575971
v -0.212727 1.284326 0.514245
v -0.220733 1.209827 0.506489
v -0.410978 1.115634 0.539199
v -0.227759 1.099398 0.488091
v -0.405357 0.892681 0.449050
v -0.239520 0.882326 0.415172
v -0.388754 0.723797 0.375893
v -0.236126 0.718652 0.344675
v -0.235737 0.586562 0.292509
v -0.166340 0.411754 0.222615
v -0.261506 0.432205 0.284165
v -0.238439 0.463077 0.254071
v -0.138840 0.432659 0.154580
v -0.238439 0.463077 0.254071
v -0.236082 0.516302 0.270588
v -0.138840 0.432659 0.154580
v -0.131144 0.497493 0.162968
v -0.128075 0.595836 0.183982
v -0.064104 0.466124 0.049880
v -0.064861 0.611986 0.065338
v -0.066394 0.686504 -0.171217
v -0.067736 0.479853 -0.141207
v -0.052321 0.346270 -0.130745
v -0.068470 0.392339 0.070136
v -0.070567 0.366224 0.149650
v -0.039112 0.250953 -0.113039
v -0.070567 0.366224 0.149650
v -0.068470 0.392339 0.070136
v -0.034525 1.156666 0.123594
v -0.048406 1.126681 0.133951
v -0.047085 1.169442 -0.226845
v -0.065011 1.132779 -0.205029
v -0.056427 1.053589 0.126925
v -0.071107 1.060356 -0.204099
v -0.062416 0.901415 0.098973
v -0.075496 0.947896 -0.202153
v -0.066265 0.751404 0.077788
v -0.073269 0.829664 -0.200467
v -1.766880 3.142020 -0.049638
v -1.920803 3.120639 -0.093632
v -1.767486 3.080644 -0.174314
v -1.936952 3.089054 -0.193425
v -1.936952 3.089054 -0.193425
v -1.934141 2.966908 -0.231171
v -1.773691 2.973630 -0.203888
v -1.767486 3.080644 -0.174314
v -1.427869 2.840242 -0.229507
v -1.295911 2.787731 -0.246240
v -1.430117 2.986126 -0.264032
v -1.307671 2.924426 -0.319398
v -1.430117 2.986126 -0.264032
v -1.307671 2.924426 -0.319398
v -1.302613 3.077920 -0.266324
v -1.421449 3.111537 -0.181167
v -1.421449 3.111537 -0.181167
v -1.302613 3.077920 -0.266324
v -1.398663 3.152656 -0.035564
v -1.568927 2.882983 -0.214482
v -1.563674 3.028326 -0.211001
v -1.563674 3.028326 -0.211001
v -1.524134 3.127557 0.042869
v -1.550162 3.126779 -0.103491
v -1.550162 3.126779 -0.103491
v -1.620269 2.891068 -0.206223
v -1.613890 3.042054 -0.190031
v -1.613890 3.042054 -0.190031
v -1.690872 2.909250 -0.204969
v -1.597179 3.131210 -0.073678
v -1.691758 3.061014 -0.184150
v -1.668150 3.136961 -0.055302
v -1.691758 3.061014 -0.184150
v -1.668150 3.136961 -0.055302
v -1.635918 3.132161 0.103186
v -1.568924 3.118542 0.070822
v -1.597179 3.131210 -0.073678
v -1.524134 3.127557 0.042869
v -1.513822 3.020673 0.154379
v -1.568924 3.118542 0.070822
v -1.398663 3.152656 -0.035564
v -1.384611 3.068969 0.101608
v -1.285448 3.157693 -0.128396
v -1.285448 3.157693 -0.128396
v -1.285448 3.157693 -0.128396
v -1.263355 3.119471 0.022050
v -1.384611 3.068969 0.101608
v -0.865165 3.102739 0.023305
v -0.976263 3.073098 0.028017
v -0.887064 3.168892 -0.114731
v -0.985559 3.154471 -0.092616
v -0.985559 3.154471 -0.092616
v -0.991763 3.152656 -0.259817
v -0.899189 3.164310 -0.291636
v -0.879991 3.033149 -0.418298
v -0.899189 3.164310 -0.291636
v -0.989665 3.027245 -0.373078
v -0.991763 3.152656 -0.259817
v -1.096093 3.030488 -0.342076
v -1.092267 3.143489 -0.223065
v -1.197570 3.145673 -0.187739
v -1.210346 3.040476 -0.314361
v -1.181464 3.137350 -0.035564
v -1.197570 3.145673 -0.187739
v -1.210346 3.040476 -0.314361
v -1.096093 3.030488 -0.342076
v -1.209848 2.880345 -0.340109
v -1.086818 2.868887 -0.352951
v -0.963291 2.861818 -0.368927
v -0.989665 3.027245 -0.373078
v -0.823479 2.843573 -0.402363
v -0.879991 3.033149 -0.418298
v -0.823479 2.843573 -0.402363
v -0.963291 2.861818 -0.368927
v -0.785952 2.737101 -0.262273
v -0.932593 2.752016 -0.258714
v -1.209848 2.880345 -0.340109
v -1.196293 2.764836 -0.252034
v -1.086818 2.868887 -0.352951
v -1.073934 2.763712 -0.257352
v -2.100084 2.951191 -0.252898
v -2.007211 2.961892 -0.241138
v -2.016205 3.095108 -0.205272
v -2.003905 3.153392 0.288330
v -1.948389 3.110089 0.374114
v -2.001505 3.115494 0.412768
v -1.881372 3.100296 0.322985
v -1.949707 3.155943 0.221766
v -2.048157 3.143468 0.182614
v -1.949707 3.155943 0.221766
v -2.073148 3.142064 0.084767
v -1.974784 3.152786 0.061332
v -2.214142 2.950521 0.002399
v -2.088821 3.124812 -0.019047
v -2.152941 3.114586 -0.011243
v -2.120362 3.132227 0.098019
v -2.152941 3.114586 -0.011243
v -2.088821 3.124812 -0.019047
v -2.028397 3.129914 -0.077807
v -2.095242 3.113851 -0.109349
v -2.016205 3.095108 -0.205272
v -2.085967 3.083909 -0.214828
v -2.085967 3.083909 -0.214828
v -2.175575 3.109700 -0.118256
v -2.162669 3.074462 -0.225594
v -2.162669 3.074462 -0.225594
v -2.217104 3.055178 -0.237635
v -2.241663 3.093119 -0.126450
v -2.271755 3.036737 -0.236079
v -2.297546 3.071868 -0.130471
v -2.217104 3.055178 -0.237635
v -2.271755 3.036737 -0.236079
v -2.195096 2.941160 -0.275014
v -2.265205 2.928859 -0.268356
v -2.319770 3.021798 -0.234544
v -2.319770 3.021798 -0.234544
v -2.338275 2.919671 -0.260465
v -2.338275 2.919671 -0.260465
v -2.319770 3.021798 -0.234544
v -2.400601 2.930524 -0.143010
v -2.352219 3.050638 -0.134059
v -2.352219 3.050638 -0.134059
v -2.354035 2.934977 -0.029186
v -2.400601 2.930524 -0.143010
v -2.332136 3.039115 -0.057529
v -2.352219 3.050638 -0.134059
v -2.303599 2.941355 -0.016712
v -2.354035 2.934977 -0.029186
v -2.332136 3.039115 -0.057529
v -2.253293 2.948575 -0.005060
v -2.298325 3.057318 -0.051562
v -2.352219 3.050638 -0.134059
v -2.297546 3.071868 -0.130471
v -2.332136 3.039115 -0.057529
v -2.298325 3.057318 -0.051562
v -2.189887 3.112662 -0.040752
v -2.254461 3.082007 -0.043909
v -2.254461 3.082007 -0.043909
v -2.215094 2.951126 -0.005146
v -2.189887 3.112662 -0.040752
v -2.109531 3.122715 -0.036558
v -2.109531 3.122715 -0.036558
v -2.215094 2.951126 -0.005146
v -2.109531 3.122715 -0.036558
v -2.088821 3.124812 -0.019047
v -2.214142 2.950521 0.002399
v -2.215094 2.951126 -0.005146
v -2.088821 3.124812 -0.019047
v -2.206014 2.984592 0.272181
v -2.287018 2.967664 0.288179
v -2.277593 3.080299 0.258323
v -2.366941 2.946240 0.297453
v -2.442130 2.936901 0.206892
v -2.341216 3.052065 0.268592
v -2.366941 2.946240 0.297453
v -2.341216 3.052065 0.268592
v -2.401812 3.053600 0.182852
v -2.324786 3.085487 0.158076
v -2.341216 3.052065 0.268592
v -2.277593 3.080299 0.258323
v -2.401812 3.053600 0.182852
v -2.335163 3.062745 0.050739
v -2.361818 2.936036 0.051041
v -2.284273 2.945721 0.018332
v -2.428251 2.931648 0.085697
v -2.382572 3.038899 0.071017
v -2.401812 3.053600 0.182852
v -2.442130 2.936901 0.206892
v -2.428251 2.931648 0.085697
v -2.382572 3.038899 0.071017
v -2.382572 3.038899 0.071017
v -2.335163 3.062745 0.050739
v -2.290348 3.082936 0.031952
v -2.290348 3.082936 0.031952
v -2.265141 3.107214 0.138814
v -2.224627 3.100210 0.010657
v -2.224995 3.102134 0.249676
v -2.224995 3.102134 0.249676
v -2.224627 3.100210 0.010657
v -2.196524 3.119947 0.119314
v -2.159751 3.119148 0.227603
v -2.090745 3.134108 0.202028
v -2.159751 3.119148 0.227603
v -2.138824 2.975901 0.238066
v -2.090745 3.134108 0.202028
v -2.048157 3.143468 0.182614
v -2.068803 3.138864 0.210891
v -2.065668 3.143274 0.339437
v -2.138824 2.975901 0.238066
v -2.048157 3.143468 0.182614
v -2.068803 3.138864 0.210891
v -2.135430 2.972204 0.245244
v -2.138824 2.975901 0.238066
v -2.068803 3.138864 0.210891
v -2.132620 3.123861 0.255642
v -2.068803 3.138864 0.210891
v -2.132620 3.123861 0.255642
v -2.135430 2.972204 0.245244
v -2.178710 2.985522 0.264549
v -2.050989 3.107819 0.449088
v -2.110807 3.129676 0.376838
v -2.179208 3.109592 0.291573
v -2.179208 3.109592 0.291573
v -2.208608 3.094848 0.320542
v -2.208608 3.094848 0.320542
v -2.238961 2.977522 0.309430
v -2.151817 3.112857 0.406218
v -2.090573 3.091302 0.470556
v -2.251392 3.074224 0.362764
v -2.251392 3.074224 0.362764
v -2.291926 2.963016 0.357662
v -2.291926 2.963016 0.357662
v -2.251392 3.074224 0.362764
v -2.253467 2.967405 0.480587
v -2.210987 3.087498 0.449737
v -2.210987 3.087498 0.449737
v -2.145613 3.069468 0.500281
v -2.253467 2.967405 0.480587
v -2.210987 3.087498 0.449737
v -2.145613 3.069468 0.500281
v -2.149007 2.967340 0.542741
v -2.077817 2.976679 0.511221
v -2.149007 2.967340 0.542741
v -2.145613 3.069468 0.500281
v -2.090573 3.091302 0.470556
v -2.005202 2.989153 0.469885
v -2.050989 3.107819 0.449088
v -2.001505 3.115494 0.412768
v -1.940325 2.995055 0.413352
v -1.948389 3.110089 0.374114
v -1.764308 3.145565 0.141949
v -1.736897 3.081617 0.223041
v -1.764308 3.145565 0.141949
v -1.601762 3.009755 0.191694
v -1.601762 3.009755 0.191694
v -1.635918 3.132161 0.103186
v -1.559435 3.002427 0.172518
v -1.559435 3.002427 0.172518
v -1.513822 3.020673 0.154379
v -1.573703 2.839594 0.162162
v -1.573703 2.839594 0.162162
v -1.523788 2.850749 0.161924
v -1.383444 2.913595 0.142597
v -1.384611 3.068969 0.101608
v -1.249843 2.986191 0.099013
v -1.263355 3.119471 0.022050
v -1.196293 2.764836 -0.252034
v -1.182739 2.732472 -0.117240
v -1.073934 2.763712 -0.257352
v -1.066973 2.738418 -0.113132
v -0.932593 2.752016 -0.258714
v -0.921049 2.735239 -0.112830
v -0.785952 2.737101 -0.262273
v -0.777802 2.736366 -0.119979
v -0.922995 2.792486 -0.019047
v -0.921049 2.735239 -0.112830
v -1.071404 2.786692 -0.007287
v -0.777802 2.736366 -0.119979
v -0.782471 2.806799 -0.028706
v -0.817151 2.945309 0.039108
v -0.946386 2.926782 0.042567
v -0.865165 3.102739 0.023305
v -0.817151 2.945309 0.039108
v -0.976263 3.073098 0.028017
v -1.173898 2.886593 0.060683
v -1.174200 3.020867 0.054824
v -1.174200 3.020867 0.054824
v -1.181464 3.137350 -0.035564
v -1.176167 2.772273 -0.006422
v -1.071404 2.786692 -0.007287
v -1.083252 2.911715 0.054003
v -1.089673 3.045426 0.039972
v -1.089673 3.045426 0.039972
v -1.088483 3.140289 -0.065939
v -1.088483 3.140289 -0.065939
v -1.092267 3.143489 -0.223065
v -0.065011 1.132779 -0.205029
v -0.047085 1.169442 -0.226845
v -0.133284 1.218498 -0.327714
v -0.109865 1.241585 -0.341770
v -0.065011 1.132779 -0.205029
v -0.133284 1.218498 -0.327714
v -0.188608 1.281215 -0.433148
v -0.188608 1.281215 -0.433148
v -0.171760 1.341334 -0.457538
v -0.200044 1.203841 -0.410837
v -0.065011 1.132779 -0.205029
v -0.188608 1.281215 -0.433148
v -0.071107 1.060356 -0.204099
v -0.201124 1.109238 -0.390018
v -0.075496 0.947896 -0.202153
v -0.073269 0.829664 -0.200467
v -0.186704 0.872082 -0.357870
v -0.179549 0.736749 -0.341245
v -0.191698 0.990336 -0.372939
v -0.422846 1.011847 -0.451197
v -0.191698 0.990336 -0.372939
v -0.423235 1.160605 -0.482264
v -0.201124 1.109238 -0.390018
v -0.427689 1.319459 -0.518627
v -0.200044 1.203841 -0.410837
v -0.412945 1.442188 -0.556461
v -0.188608 1.281215 -0.433148
v -0.171760 1.341334 -0.457538
v -0.382888 1.560223 -0.579122
v -0.644199 1.612067 -0.528530
v -0.624086 1.795348 -0.579617
v -0.887769 1.783306 -0.304950
v -0.873443 1.633058 -0.289881
v -0.624086 1.795348 -0.579617
v -0.644199 1.612067 -0.528530
v -0.658727 1.416937 -0.500641
v -0.862028 1.475869 -0.269646
v -0.862028 1.475869 -0.269646
v -0.865638 1.422231 0.180586
v -0.663591 1.311001 0.544667
v -0.663591 1.311001 0.544667
v -0.651139 1.153704 0.508089
v -0.621975 0.918062 0.432965
v -0.580295 0.739860 0.353993
v -0.538095 0.603728 0.300747
v -0.709077 0.630622 0.144119
v -0.538095 0.603728 0.300747
v -0.747039 0.657258 -0.147236
v -0.709077 0.630622 0.144119
v -0.398676 0.510165 -0.416714
v -0.158513 0.482816 -0.310200
v -0.179549 0.736749 -0.341245
v -0.626861 0.488849 -0.331989
v -0.634384 0.727822 -0.377865
v -0.634384 0.727822 -0.377865
v -0.410242 0.743992 -0.409926
v -0.747039 0.657258 -0.147236
v -0.844171 1.230538 0.184911
v -0.651139 1.153704 0.508089
v -0.788201 0.966337 0.187658
v -0.621975 0.918062 0.432965
v -0.749157 0.773110 0.169975
v -0.580295 0.739860 0.353993
v -0.415712 0.893593 -0.434205
v -0.186704 0.872082 -0.357870
v -0.657430 1.040924 -0.436669
v -0.648480 0.883173 -0.411461
v -0.814338 1.027930 -0.195491
v -0.777997 0.817149 -0.162521
v -0.648480 0.883173 -0.411461
v -0.777997 0.817149 -0.162521
v -0.657430 1.040924 -0.436669
v -0.814338 1.027930 -0.195491
v -0.659224 1.214371 -0.465855
v -0.842680 1.261044 -0.232114
v -0.842680 1.261044 -0.232114
v -0.659224 1.214371 -0.465855
v -0.658727 1.416937 -0.500641
v -0.862949 5.320095 0.249565
v -0.879790 5.497606 0.220596
v -0.855879 5.485003 0.238799
v -0.900998 5.502622 0.215321
v -0.879790 5.497606 0.220596
v -1.058619 5.537882 0.153535
v -0.879790 5.497606 0.220596
v -0.900998 5.502622 0.215321
v -0.855879 5.485003 0.238799
v -1.502775 5.457850 -0.031478
v -1.527009 5.581183 0.024299
v -1.376154 5.457720 0.019153
v -1.414441 5.635771 0.089436
v -0.963519 5.779341 0.151373
v -0.709132 5.744253 0.193141
v -0.919006 5.703351 0.189163
v -0.744695 5.683375 0.234973
v -0.855879 5.485003 0.238799
v -0.900998 5.502622 0.215321
v -1.562637 5.694595 0.062672
v -1.589509 5.780054 0.103899
v -1.509995 5.816244 0.114276
v -1.466412 5.773936 0.116135
v -1.589509 5.780054 0.103899
v -1.572106 5.804440 0.033595
v -1.473806 5.831550 0.072141
v -1.509995 5.816244 0.114276
v -1.509995 5.816244 0.114276
v -1.473806 5.831550 0.072141
v -1.466412 5.773936 0.116135
v -1.384023 5.797457 0.058024
v -1.282761 5.792095 0.077005
v -1.279086 5.745162 0.112806
v -1.100451 5.723023 0.132197
v -1.137916 5.792917 0.099986
v -1.395870 5.033929 -0.038871
v -1.058619 5.537882 0.153535
v -1.279086 5.745162 0.112806
v -1.194709 5.427973 -0.383776
v -1.237319 5.562635 0.102429
v -1.299840 5.089921 0.010938
v -1.489933 5.283949 -0.088248
v -1.347769 5.290996 -0.035455
v -1.376154 5.457720 0.019153
v -1.414441 5.635771 0.089436
v -1.312271 5.712431 -0.197380
v -1.312271 5.712431 -0.197380
v -1.414441 5.635771 0.089436
v -1.237319 5.562635 0.102429
v -1.347769 5.290996 -0.035455
v -1.070942 5.322084 -0.334226
v -0.928799 5.170428 -0.202071
v -1.228391 4.984702 0.044426
v -1.115412 4.913879 0.100699
v -1.299840 5.089921 0.010938
v -1.194709 5.427973 -0.383776
v -1.299840 5.089921 0.010938
v -1.194709 5.427973 -0.383776
v -0.966848 5.624832 0.028449
v -1.058619 5.537882 0.153535
v -0.879790 5.497606 0.220596
v -1.312271 5.712431 -0.197380
v -0.966848 5.624832 0.028449
v -0.877844 5.485219 0.021510
v -0.966848 5.624832 0.028449
v -0.879790 5.497606 0.220596
v -1.015360 4.901989 0.145990
v -0.998065 4.735936 0.195259
v -1.015360 4.901989 0.145990
v -0.741949 5.238441 0.006161
v -0.741949 5.238441 0.006161
v -1.015360 4.901989 0.145990
v -0.928799 5.170428 -0.202071
v -1.015360 4.901989 0.145990
v -0.741949 5.238441 0.006161
v -0.935912 5.056239 0.196924
v -0.862949 5.320095 0.249565
v -0.741949 5.238441 0.006161
v -0.862949 5.320095 0.249565
v -1.146521 4.336380 -0.093934
v -1.080108 4.076415 -0.176388
v -0.937922 4.196743 -0.436979
v -0.953942 4.468166 -0.485816
v -0.710797 4.216504 -0.713720
v -0.751613 4.481310 -0.758428
v -0.732113 4.794998 -0.770880
v -0.887551 4.759868 -0.471094
v -0.646935 5.125980 -0.758255
v -0.862668 4.937898 -0.467743
v -0.725800 5.355722 -0.491653
v -0.593688 5.425832 -0.629602
v -0.633467 5.727586 -0.306705
v 0.000004 4.477571 -1.048508
v -0.472278 4.486824 -0.949256
v 0.000004 4.249493 -0.972604
v -0.383728 5.498579 -0.711170
v -0.395380 5.222292 -0.883298
v 0.000004 5.293159 -0.947354
v 0.000004 4.892261 -1.056982
v -0.437515 4.822670 -0.980582
v -0.728027 3.620563 -0.147743
v -0.494372 3.465556 -0.116763
v -0.435159 3.527948 -0.336452
v -0.405076 3.387115 -0.099590
v -0.368694 3.426373 -0.311499
v -0.232181 3.600414 -0.502419
v -0.198389 3.465392 -0.470768
v -0.577928 3.705135 -0.414020
v 0.000004 4.021871 -0.848859
v -0.416999 3.982092 -0.724076
v 0.000004 3.808840 -0.701138
v -0.303328 3.775893 -0.617733
v 0.000004 3.639436 -0.562065
v -0.198389 3.465392 -0.470768
v 0.000004 3.478117 -0.502333
v -0.453686 4.204895 -0.850588
v -0.744089 3.902535 -0.453799
v -0.934355 3.807521 -0.184992
v 0.000004 5.714096 0.817878
v 0.000004 5.621525 0.984580
v -0.217567 5.732320 0.821726
v -0.078105 5.611320 0.989703
v -0.170611 5.528758 1.076200
v -0.145079 5.629004 1.011668
v -0.112392 5.491185 1.075119
v -0.159672 5.409575 1.114119
v 0.000004 5.479013 1.097018
v 0.217574 5.732320 0.821726
v 0.078112 5.611320 0.989703
v 0.145087 5.629004 1.011668
v 0.112399 5.491185 1.075119
v 0.170618 5.528758 1.076200
v 0.159679 5.409575 1.114119
v 0.000004 5.401706 1.149790
v 0.000004 5.079090 1.221023
v -0.094621 5.020265 1.205544
v 0.000004 5.300444 1.191665
v -0.116521 5.271366 1.170587
v 0.000004 4.914398 1.279459
v 0.094629 5.020265 1.205544
v 0.116528 5.271366 1.170587
v -0.493845 2.526555 -0.504794
v -0.539226 2.351335 -0.487543
v -0.275022 2.554594 -0.582449
v -0.278852 2.383742 -0.567706
v 0.000006 2.552843 -0.566929
v 0.000006 2.383352 -0.549742
v 0.000001 1.946376 -0.691410
v 0.000001 2.010107 -0.649145
v -0.183345 1.881690 -0.663522
v 0.000001 2.104645 -0.603811
v -0.290011 2.068887 -0.606015
v -0.285451 1.961378 -0.635265
v -0.282399 2.208068 -0.578927
v 0.000003 2.230984 -0.568919
v -0.624086 1.795348 -0.579617
v -0.382888 1.560223 -0.579122
v -0.337532 1.677699 -0.599033
v -0.279980 1.666715 -0.626121
v -0.596759 2.006497 -0.557566
v -0.887769 1.783306 -0.304950
v -0.624086 1.795348 -0.579617
v -0.879596 1.983019 -0.300540
v -0.839729 2.148034 -0.302378
v -0.575505 2.169933 -0.486073
v -0.774609 2.355832 -0.284542
v -0.740708 2.511768 -0.280953
v -0.713704 2.621699 -0.274855
v -0.608851 2.692632 -0.444237
v -0.713704 2.621699 -0.274855
v -0.712385 2.710251 -0.265083
v -0.823479 2.843573 -0.402363
v -0.785952 2.737101 -0.262273
v -0.712385 2.710251 -0.265083
v -0.671672 2.858621 -0.448949
v -0.671672 2.858621 -0.448949
v -0.273700 2.770631 -0.607158
v -0.480501 2.766092 -0.549413
v -0.551907 2.761141 -0.501981
v -0.624543 2.919348 -0.514648
v -0.655913 3.098308 -0.487237
v -0.655913 3.098308 -0.487237
v -0.535779 3.246528 -0.325571
v -0.655913 3.098308 -0.487237
v -0.657818 3.211893 -0.332082
v -0.752765 3.058205 -0.460930
v -0.752765 3.058205 -0.460930
v -0.671672 2.858621 -0.448949
v -0.655913 3.098308 -0.487237
v -0.823479 2.843573 -0.402363
v -0.879991 3.033149 -0.418298
v -0.765933 3.182145 -0.312843
v -0.879991 3.033149 -0.418298
v -0.899189 3.164310 -0.291636
v -0.748986 3.185517 -0.138315
v -0.887064 3.168892 -0.114731
v -0.899189 3.164310 -0.291636
v -0.765933 3.182145 -0.312843
v -0.657818 3.211893 -0.332082
v -0.643097 3.213925 -0.147695
v -0.426801 3.276016 -0.313724
v -0.523954 3.240561 -0.138243
v -0.535779 3.246528 -0.325571
v -0.436377 3.258850 -0.121986
v -0.426801 3.276016 -0.313724
v -0.198389 3.465392 -0.470768
v -0.368694 3.426373 -0.311499
v -0.214364 3.369385 -0.467178
v -0.354101 3.360090 -0.305770
v -0.405076 3.387115 -0.099590
v -0.370940 3.339856 -0.101081
v -0.251631 3.258309 -0.473641
v -0.371524 3.285830 -0.307260
v -0.354101 3.360090 -0.305770
v -0.370940 3.339856 -0.101081
v -0.371524 3.285830 -0.307260
v -0.377943 3.267931 -0.109642
v -0.371524 3.285830 -0.307260
v -0.377943 3.267931 -0.109642
v -0.371524 3.285830 -0.307260
v -0.288898 3.169327 -0.486935
v -0.198389 3.465392 -0.470768
v -0.214364 3.369385 -0.467178
v 0.000004 3.478117 -0.502333
v 0.000002 3.369101 -0.502160
v -0.251631 3.258309 -0.473641
v 0.000003 3.259581 -0.512473
v 0.000003 3.146343 -0.525553
v 0.000005 3.003183 -0.550629
v 0.000006 2.761787 -0.577371
v 0.275035 2.554594 -0.582454
v -0.775436 5.281181 0.747963
v -0.850604 5.160851 0.624326
v -0.774507 5.360111 0.612695
v -0.629100 5.556257 0.659888
v -0.479736 5.646342 0.802204
v -0.497269 5.628182 0.896635
v -0.647540 5.514966 0.785666
v -0.473078 5.579325 0.975003
v -0.627802 5.470366 0.935181
v -0.644254 5.508977 0.871795
v -0.260934 5.638452 1.003842
v -0.631240 5.426848 0.965707
v -0.441471 5.508112 1.049155
v -0.257929 5.540930 1.078210
v -0.631240 5.426848 0.965707
v -0.602314 5.389491 0.975932
v -0.418339 5.459297 1.066558
v -0.256286 5.461157 1.107979
v -0.412718 5.404754 1.065671
v -0.582036 5.346664 0.978505
v -0.687167 5.325024 0.916459
v -0.694561 5.355917 0.896743
v -0.687167 5.325024 0.916459
v -0.728329 5.332829 0.826396
v -0.695490 5.275042 0.885307
v -0.695490 5.275042 0.885307
v -0.759979 5.220952 0.829920
v -0.746381 5.156679 0.889652
v -0.656144 5.220606 0.961880
v -0.554991 5.250180 1.019213
v -0.440261 5.289331 1.082426
v -0.296345 5.092320 1.072178
v -0.395661 5.117938 1.085150
v -0.286617 5.169650 1.115265
v -0.438099 5.218681 1.080567
v -0.266036 5.246397 1.122636
v -0.252221 5.397749 1.095592
v -0.219145 5.218077 1.132192
v -0.206714 5.463751 1.109082
v -0.206714 5.463751 1.109082
v -0.241477 5.699394 0.912935
v 0.000004 5.779839 0.697267
v -0.468559 5.685515 0.690695
v -0.236786 5.777136 0.698543
v 0.000004 5.847158 0.555816
v -0.270403 5.823313 0.552292
v -0.748046 5.436403 0.387428
v -0.616518 5.616076 0.505250
v -0.483066 5.738503 0.554951
v 0.000004 5.897703 0.292846
v -0.326352 5.858184 0.289538
v -0.568913 5.725229 0.270471
v -0.626916 5.611536 0.345963
v -0.568913 5.725229 0.270471
v -0.626916 5.611536 0.345963
v -0.709132 5.744253 0.193141
v -0.744695 5.683375 0.234973
v -0.748046 5.436403 0.387428
v -0.855879 5.485003 0.238799
v -0.851772 5.218249 0.405523
v -0.851772 5.218249 0.405523
v -0.862949 5.320095 0.249565
v -0.855879 5.485003 0.238799
v -0.911591 4.989113 0.590082
v -0.911072 5.020827 0.383861
v -0.935912 5.056239 0.196924
v -0.998065 4.735936 0.195259
v -1.015360 4.901989 0.145990
v -0.909061 4.960814 0.702391
v -0.833439 5.100795 0.731425
v -0.823949 5.051936 0.830179
v -0.883638 4.937920 0.800605
v -0.922659 4.792123 0.789212
v -0.880546 4.801894 0.858067
v -0.943608 4.686775 0.815478
v -0.889172 4.714317 0.860575
v -0.961076 4.657893 0.881502
v -0.889172 4.714317 0.860575
v -0.943608 4.686775 0.815478
v -0.974544 4.680743 0.732203
v -1.032915 4.637440 0.825250
v -0.942721 4.626112 1.033741
v -0.821938 4.677846 0.980645
v -0.883205 4.683121 0.896916
v -0.807172 4.696287 0.903661
v -0.807172 4.696287 0.903661
v -0.823646 4.738725 0.884269
v -0.807172 4.696287 0.903661
v -0.823646 4.738725 0.884269
v -0.791694 4.715333 0.914643
v -0.778268 4.719462 0.906731
v -0.791694 4.715333 0.914643
v -0.807691 4.739568 0.896592
v -0.791694 4.715333 0.914643
v -0.807691 4.739568 0.896592
v -0.778268 4.719462 0.906731
v -0.796882 4.737882 0.885674
v -0.796882 4.737882 0.885674
v -0.807691 4.739568 0.896592
v -0.797422 4.808423 0.890971
v -0.780041 4.849434 0.925690
v -0.797422 4.808423 0.890971
v -0.808859 4.811969 0.904115
v -0.808859 4.811969 0.904115
v -0.790937 4.855206 0.933733
v -0.790937 4.855206 0.933733
v -0.808859 4.811969 0.904115
v -0.818112 4.873669 0.914903
v -0.829699 4.811537 0.891230
v -0.855598 4.905751 0.876119
v -0.769967 4.941594 0.946617
v -0.804816 4.991166 0.916178
v -0.725389 5.068843 0.952346
v -0.553153 5.175076 1.052181
v -0.747829 4.893644 0.962831
v -0.705522 5.007229 0.988774
v -0.754055 4.904951 0.978354
v -0.754055 4.904951 0.978354
v -0.701803 4.953377 1.023515
v -0.694020 4.939822 1.000859
v -0.701803 4.953377 1.023515
v -0.628062 5.140660 1.018348
v -0.621944 5.072691 1.029979
v -0.522671 5.110718 1.061672
v -0.613880 4.995922 1.071833
v -0.601968 4.986086 1.037524
v -0.613880 4.995922 1.071833
v -0.509008 5.024935 1.099677
v -0.509008 5.024935 1.099677
v -0.382971 5.029345 1.103201
v -0.296345 5.092320 1.072178
v -0.300128 5.010039 1.091008
v -0.220442 4.890423 1.088760
v -0.228441 4.879268 1.059813
v -0.258383 4.941249 1.069692
v -0.219145 4.801051 1.057694
v -0.206973 4.811537 1.070276
v -0.219145 4.801051 1.057694
v -0.220442 4.890423 1.088760
v -0.189916 4.822519 1.081713
v -0.246384 4.959841 1.095570
v -0.220442 4.890423 1.088760
v -0.246384 4.959841 1.095570
v -0.190608 4.974931 1.071162
v -0.189916 4.822519 1.081713
v -0.189916 4.822519 1.081713
v -0.190608 4.974931 1.071162
v -0.161445 4.876868 1.144190
v -0.227814 5.030663 1.081669
v -0.190608 4.974931 1.071162
v -0.227814 5.030663 1.081669
v -0.184555 5.038836 1.110530
v -0.184555 5.038836 1.110530
v -0.154267 4.945508 1.179840
v -0.230019 5.145265 1.120669
v -0.177961 5.142195 1.144709
v -0.177961 5.142195 1.144709
v -0.154267 4.945508 1.179840
v -0.100458 4.867853 1.262120
v 0.000004 4.519857 1.659797
v -0.185182 4.528094 1.639951
v 0.000004 4.543573 1.581170
v -0.181831 4.554101 1.572284
v 0.000004 4.742163 1.363123
v 0.000004 4.742163 1.363123
v -0.145122 4.352983 1.636902
v -0.263571 4.417558 1.609793
v 0.000004 4.519857 1.659797
v 0.000004 4.331040 1.662802
v -0.145122 4.352983 1.636902
v -0.185182 4.528094 1.639951
v -0.392570 4.538968 1.536008
v -0.285709 4.543832 1.596130
v -0.285709 4.543832 1.596130
v -0.296237 4.567526 1.540699
v -0.392570 4.538968 1.536008
v -0.362044 4.566056 1.489960
v -0.269084 4.612428 1.305077
v -0.296237 4.567526 1.540699
v -0.269084 4.612428 1.305077
v -0.220161 4.660702 1.177159
v -0.178567 4.785831 1.234795
v -0.269084 4.612428 1.305077
v -0.534734 4.637938 1.143888
v -0.512013 4.690341 1.098964
v -0.351732 4.674344 1.076697
v -0.518434 4.689044 1.117578
v -0.518434 4.689044 1.117578
v -0.354953 4.668680 1.089387
v -0.521806 4.667058 1.121599
v -0.354953 4.668680 1.089387
v -0.210173 4.700568 1.074751
v -0.369351 4.631150 1.126290
v -0.356856 4.654282 1.100218
v -0.269278 4.619563 1.102250
v -0.275678 4.641008 1.072784
v -0.271786 4.662583 1.052462
v -0.290703 4.658735 1.038259
v -0.271786 4.662583 1.052462
v -0.354953 4.668680 1.089387
v -0.290703 4.658735 1.038259
v -0.210173 4.700568 1.074751
v -0.228635 4.663859 1.069714
v -0.228635 4.663859 1.069714
v -0.235813 4.710664 1.064785
v -0.219145 4.801051 1.057694
v -0.206973 4.811537 1.070276
v -0.235813 4.710664 1.064785
v -0.247465 4.697952 1.041091
v -0.243877 4.684742 1.059964
v -0.256783 4.685607 1.038821
v -0.290703 4.658735 1.038259
v -0.271786 4.662583 1.052462
v -0.275678 4.641008 1.072784
v -0.271786 4.662583 1.052462
v -0.228635 4.663859 1.069714
v -0.269278 4.619563 1.102250
v -0.269278 4.619563 1.102250
v -0.469208 4.483300 1.442204
v -0.377739 4.546058 1.405280
v -0.395834 4.487018 1.450614
v -0.317142 4.593511 1.272325
v -0.377739 4.546058 1.405280
v -0.362044 4.566056 1.489960
v -0.395834 4.487018 1.450614
v -0.377739 4.546058 1.405280
v -0.362044 4.566056 1.489960
v -0.392570 4.538968 1.536008
v -0.395813 4.428086 1.518173
v -0.395813 4.428086 1.518173
v -0.395834 4.487018 1.450614
v -0.392570 4.538968 1.536008
v -0.395813 4.428086 1.518173
v -0.391251 4.487926 1.534560
v -0.391251 4.487926 1.534560
v -0.395813 4.428086 1.518173
v -0.229868 4.336661 1.558254
v -0.229868 4.336661 1.558254
v -0.089476 4.255331 1.585104
v -0.073608 4.234037 1.581948
v -0.073608 4.234037 1.581948
v -0.216594 4.281447 1.581969
v 0.000004 4.208116 1.583439
v 0.000004 4.208116 1.583439
v 0.000004 4.149745 1.607890
v -0.069284 4.080674 1.606680
v 0.000004 4.075312 1.586899
v 0.841316 4.266593 1.428866
v 0.730844 4.139195 1.476557
v 0.658227 4.330542 1.489268
v 0.583016 4.207186 1.552395
v 0.394436 4.250337 1.597989
v 0.439598 4.373823 1.547401
v 0.200647 4.210580 1.606701
v 0.216601 4.281447 1.581969
v 0.071453 4.170824 1.612452
v 0.073615 4.234037 1.581948
v 0.069292 4.080674 1.606680
v 0.862675 4.937898 -0.467743
v 0.725807 5.355722 -0.491653
v 0.646942 5.125980 -0.758255
v 0.887558 4.759868 -0.471094
v 0.732120 4.794998 -0.770881
v 0.953949 4.468166 -0.485816
v 0.751620 4.481310 -0.758428
v 0.710804 4.216504 -0.713720
v 0.937929 4.196743 -0.436980
v 1.080116 4.076415 -0.176388
v 1.146528 4.336380 -0.093934
v 0.000004 3.297039 0.545331
v 0.000004 3.312042 0.293344
v -0.289665 3.328494 0.506482
v -0.276362 3.337391 0.192090
v 0.000004 3.304562 0.734906
v -0.292216 3.327564 0.718194
v -0.760411 3.621428 0.966377
v -0.629964 3.564355 1.010393
v -0.669505 3.524446 0.851430
v -0.501701 3.467156 0.901132
v -0.456669 3.496536 1.063142
v -0.287698 3.355929 0.961535
v 0.000004 3.323025 0.979867
v -0.544765 3.436112 0.671736
v -0.559639 3.417347 0.420397
v -0.710796 3.503108 0.612933
v -0.752391 3.493704 0.368620
v -0.552829 3.412936 0.149839
v -0.405076 3.387115 -0.099590
v -0.494372 3.465556 -0.116763
v -0.761427 3.533958 0.123723
v -0.728027 3.620563 -0.147743
v -0.934355 3.807521 -0.184992
v -1.080108 4.076415 -0.176388
v -0.972231 3.678544 0.086064
v -0.811496 3.594707 0.810679
v -0.938830 3.609299 0.336473
v -0.861716 3.584265 0.580872
v -0.251140 3.405932 1.144666
v -0.208833 3.508924 1.292949
v 0.000004 3.372791 1.156405
v 0.000004 3.510805 1.330457
v -0.187884 3.637188 1.385564
v 0.000004 3.639436 1.416478
v 0.000004 3.873934 1.484988
v 0.000004 3.768089 1.475822
v -0.145403 3.871621 1.463953
v 0.000004 3.938358 1.460364
v -0.138399 3.930618 1.442788
v -0.166979 3.765451 1.451522
v -0.309078 3.764154 1.411679
v -0.419679 3.764695 1.354346
v -0.352856 3.858066 1.412609
v -0.498588 3.777645 1.321291
v -0.659863 3.909778 1.370690
v -0.628127 3.850824 1.331625
v -0.569735 3.805943 1.305228
v -0.485595 3.854131 1.334090
v -0.485595 3.854131 1.334090
v -0.539187 3.879101 1.362929
v -0.409562 3.894299 1.339732
v -0.457058 3.890451 1.347666
v -0.409562 3.894299 1.339732
v -0.539187 3.879101 1.362929
v -0.538950 3.921020 1.397389
v -0.516963 3.944822 1.433168
v -0.184685 4.109902 1.614333
v -0.274834 3.935331 1.466115
v -0.150743 4.000728 1.562534
v -0.056940 3.954182 1.507623
v -0.061437 4.004814 1.572544
v 0.000004 4.026389 1.560870
v 0.000004 3.969251 1.474784
v 0.000004 3.952302 1.389693
v 0.000004 3.938358 1.460364
v 0.000004 3.957793 1.373998
v 0.138406 3.930618 1.442788
v 0.136893 3.929862 1.356443
v 0.248078 3.922014 1.412046
v 0.226329 3.924327 1.327409
v 0.296417 3.917669 1.302051
v 0.323462 3.911832 1.389044
v 0.342097 3.906124 1.294203
v 0.362830 3.903508 1.367685
v 0.259060 3.866130 1.442788
v 0.248078 3.922014 1.412046
v 0.323462 3.911832 1.389044
v 0.352864 3.858066 1.412609
v 0.362830 3.903508 1.367685
v 0.429091 3.843733 1.364204
v 0.409569 3.894299 1.339732
v 0.409569 3.894299 1.339732
v 0.387410 3.895725 1.286853
v 0.062028 3.939828 1.384807
v 0.056947 3.954182 1.507623
v 0.146319 3.954226 1.487431
v 0.136893 3.926359 1.375230
v 0.231864 3.923700 1.355838
v 0.274842 3.935331 1.466115
v 0.343784 3.926597 1.441167
v 0.314188 3.913648 1.327280
v 0.385940 3.919830 1.417603
v 0.360625 3.902406 1.314027
v 0.420054 3.886970 1.276324
v 0.457066 3.890451 1.347666
v 0.420054 3.886970 1.276324
v 0.410823 3.887813 1.281513
v 0.457066 3.890451 1.347666
v 0.447272 3.898882 1.361113
v 0.398414 3.893521 1.298829
v 0.426626 3.911421 1.396049
v 0.516971 3.944822 1.433168
v 1.184512 4.766115 0.071146
v 1.115419 4.913879 0.100699
v 1.343885 4.918354 0.007782
v 1.228398 4.984702 0.044426
v 0.877851 5.485219 0.021510
v 1.070949 5.322084 -0.334226
v 0.928806 5.170428 -0.202071
v 1.133838 5.505302 -0.457626
v 1.238688 5.201084 -0.393634
v 1.338113 5.254158 -0.316153
v 1.239640 5.509972 -0.377291
v 1.132800 5.772423 -0.255123
v 0.985274 5.776725 -0.304695
v 1.133838 5.505302 -0.457626
v 0.118344 4.707702 1.348704
v 0.216536 4.665091 1.323734
v 0.181838 4.554101 1.572284
v 0.178574 4.785831 1.234795
v 0.673512 4.717322 1.058213
v 0.665210 4.714534 1.032379
v 0.749696 4.721106 0.950617
v 0.758430 4.720501 0.962226
v 0.675998 4.696461 1.057802
v 0.673512 4.717322 1.058213
v 0.758430 4.720501 0.962226
v 0.766991 4.698190 0.961534
v 0.723126 4.666562 1.063401
v 0.675998 4.696461 1.057802
v 0.766991 4.698190 0.961534
v 0.942729 4.626112 1.033741
v 1.027323 4.587286 1.016857
v 0.846958 4.620838 1.160404
v 0.976497 4.503491 1.236870
v 0.534741 4.637938 1.143888
v 0.654271 4.608580 1.255008
v 0.469215 4.483300 1.442204
v 0.469972 4.549561 1.364680
v 0.711193 4.452731 1.413430
v 0.711215 4.544956 1.338305
v 0.417698 4.607759 1.253754
v 0.369359 4.631150 1.126290
v 0.269286 4.619563 1.102250
v 0.317149 4.593511 1.272325
v 0.665251 2.815380 0.019067
v 0.593779 2.861103 0.191846
v 0.700322 2.970622 0.052811
v 0.611938 3.003483 0.129324
v 0.700322 2.970622 0.052811
v 0.316717 4.988658 1.061542
v 0.300136 5.010039 1.091008
v 0.380772 5.006648 1.066774
v 0.382978 5.029345 1.103201
v 0.497363 5.013823 1.065542
v 0.228448 4.879268 1.059813
v 0.258390 4.941249 1.069692
v 0.183069 4.953769 1.014262
v 0.298254 5.098701 1.023710
v 0.316717 4.988658 1.061542
v 0.476175 5.181068 0.953449
v 0.380772 5.006648 1.066774
v 0.476175 5.181068 0.953449
v 0.316717 4.988658 1.061542
v 0.497363 5.013823 1.065542
v 0.601976 4.986086 1.037524
v 0.619248 5.155212 0.879362
v 0.694028 4.939822 1.000859
v 0.705528 5.080822 0.820991
v 0.747837 4.893644 0.962831
v 0.771962 5.001524 0.802896
v 0.780048 4.849434 0.925690
v 0.824776 4.913038 0.792173
v 0.797430 4.808423 0.890971
v 0.849638 4.817484 0.782618
v 0.796889 4.737882 0.885674
v 0.863841 4.717649 0.792282
v 0.778276 4.719462 0.906731
v 0.798899 4.669115 0.875384
v 0.749696 4.721106 0.950617
v 0.756786 4.658219 0.909606
v 0.661512 4.644686 1.007323
v 0.665210 4.714534 1.032379
v 0.533811 4.634784 1.087182
v 0.512020 4.690341 1.098964
v 0.219152 4.801051 1.057694
v 0.183069 4.953769 1.014262
v 0.169104 4.846302 1.053738
v 0.219152 4.801051 1.057694
v 0.365120 4.623499 1.073519
v 0.351739 4.674344 1.076697
v 0.290710 4.658735 1.038259
v 0.290710 4.658735 1.038259
v 0.280116 4.620257 1.050236
v 0.365120 4.623499 1.073519
v 0.219152 4.801051 1.057694
v 0.169104 4.846302 1.053738
v 0.224512 4.655452 1.016943
v 0.247472 4.697952 1.041091
v 0.256790 4.685607 1.038821
v 0.256790 4.685607 1.038821
v 0.280116 4.620257 1.050236
v -0.000000 1.183991 -0.214501
v 0.000001 1.271635 -0.359973
v -0.022851 1.183559 -0.225224
v -0.078562 1.261171 -0.360297
v -0.047085 1.169442 -0.226845
v -0.109865 1.241585 -0.341770
v -0.382888 1.560223 -0.579122
v -0.171760 1.341334 -0.457538
v -0.337532 1.677699 -0.599033
v 0.000003 1.484880 -0.532058
v -0.165250 1.494155 -0.550867
v -0.136759 1.414945 -0.483286
v -0.136759 1.414945 -0.483286
v -0.165250 1.494155 -0.550867
v -0.279980 1.666715 -0.626121
v -0.337532 1.677699 -0.599033
v -0.136759 1.414945 -0.483286
v -0.136759 1.414945 -0.483286
v -0.171760 1.341334 -0.457538
v 0.000000 1.430576 -0.489448
v 0.022851 1.183559 -0.225224
v 0.078563 1.261172 -0.360298
v 0.047090 1.169449 -0.226846
v 0.109872 1.241593 -0.341771
v 0.165256 1.494155 -0.550867
v 0.136760 1.414946 -0.483286
v 0.171766 1.341343 -0.457540
v 0.136760 1.414946 -0.483286
v 0.171766 1.341343 -0.457540
v 0.382888 1.560229 -0.579123
v 0.337532 1.677701 -0.599034
v 0.136760 1.414946 -0.483286
v 0.165256 1.494155 -0.550867
v 0.136760 1.414946 -0.483286
v 0.279984 1.666719 -0.626122
v 0.337532 1.677701 -0.599034
v -0.985267 5.776725 -0.304695
v -0.798266 5.757290 -0.319331
v -0.950029 5.796139 -0.038612
v -0.691599 5.777114 0.007004
v -1.238681 5.201084 -0.393634
v -1.133830 5.505302 -0.457625
v -1.338105 5.254158 -0.316153
v -1.239632 5.509972 -0.377290
v -1.133830 5.505302 -0.457625
v -0.985267 5.776725 -0.304695
v -1.132793 5.772423 -0.255123
v -1.368998 5.097791 -0.197250
v -1.395870 5.033929 -0.038871
v -1.343877 4.918354 0.007782
v -0.709132 5.744253 0.193141
v -0.963519 5.779341 0.151373
v -1.489933 5.283949 -0.088248
v -1.458500 5.340805 -0.175393
v -1.502775 5.457850 -0.031478
v -1.494668 5.491488 -0.088140
v -1.527009 5.581183 0.024299
v -1.498602 5.649240 -0.003590
v -1.562637 5.694595 0.062672
v -1.498602 5.649240 -0.003590
v -1.568150 5.715523 0.020278
v -1.562637 5.694595 0.062672
v -1.589509 5.780054 0.103899
v -1.572106 5.804440 0.033595
v -1.354600 5.573596 -0.254475
v -1.132793 5.772423 -0.255123
v -1.092323 5.787426 -0.067667
v -1.137916 5.792917 0.099986
v -1.282761 5.792095 0.077005
v -1.281551 5.789566 -0.063776
v -1.473806 5.831550 0.072141
v -1.572106 5.804440 0.033595
v -1.384023 5.797457 0.058024
v -1.474087 5.777395 -0.018009
v -1.292944 5.769958 -0.197293
v -1.572106 5.804440 0.033595
v -1.568150 5.715523 0.020278
v -1.474087 5.777395 -0.018009
v -1.498602 5.649240 -0.003590
v -1.474087 5.777395 -0.018009
v -1.292944 5.769958 -0.197293
v -1.282480 5.002948 -0.194310
v -1.238681 5.201084 -0.393634
v -1.184505 4.766115 0.071146
v -1.144251 4.863768 -0.170291
v -1.184505 4.766115 0.071146
v -0.998065 4.735936 0.195259
v -1.144251 4.863768 -0.170291
v -0.994433 4.778157 -0.155353
v -0.998065 4.735936 0.195259
v -0.998065 4.735936 0.195259
v -1.096560 4.609768 0.095295
v -0.994433 4.778157 -0.155353
v -0.994433 4.778157 -0.155353
v -0.862668 4.937898 -0.467743
v -0.914812 5.432253 -0.513445
v -1.070942 5.041841 -0.451399
v -1.070942 5.041841 -0.451399
v -0.862668 4.937898 -0.467743
v -0.725800 5.355722 -0.491653
v -0.914812 5.432253 -0.513445
v -0.725800 5.355722 -0.491653
v -0.633467 5.727586 -0.306705
v -0.798266 5.757290 -0.319331
v -0.633467 5.727586 -0.306705
v -0.568913 5.725229 0.270471
v -0.583441 5.746113 0.050241
v -0.568913 5.725229 0.270471
v -0.583441 5.746113 0.050241
v -0.326352 5.858184 0.289538
v 0.000004 5.897703 0.292846
v -0.367838 5.860108 0.004409
v 0.000004 5.902978 -0.014485
v -0.351019 5.776486 -0.391191
v 0.000004 5.562484 -0.764157
v 0.000004 5.807272 -0.420117
v 0.472285 4.486824 -0.949256
v 0.326359 5.858184 0.289538
v 0.367845 5.860108 0.004409
v 0.437522 4.822670 -0.980582
v 0.395387 5.222292 -0.883298
v 0.383735 5.498579 -0.711170
v 0.351026 5.776486 -0.391191
v 1.127676 4.629701 0.438210
v 1.088201 4.659233 0.313362
v 1.096567 4.609768 0.095294
v 1.001921 4.720219 0.326204
v 0.946512 4.789464 0.687733
v 0.960564 4.792210 0.550454
v 0.974551 4.680743 0.732203
v 1.002353 4.693909 0.545374
v 0.980043 4.814433 0.333360
v 1.002353 4.693909 0.545374
v 1.156386 4.580627 0.705828
v 1.269149 4.418660 0.542845
v 1.213005 4.511555 0.332300
v 1.222215 4.227270 0.133257
v 1.146528 4.336380 -0.093934
v 0.402565 3.556507 1.225801
v 0.359371 3.655499 1.332338
v 0.494444 3.677355 1.264564
v 0.560619 3.612931 1.148731
v 0.601089 3.698693 1.221996
v 0.680754 3.654439 1.095527
v 0.697249 3.740374 1.213608
v 0.807980 3.708313 1.075940
v 0.763553 3.813142 1.244091
v 1.274791 4.114788 0.376467
v 1.144820 3.934185 0.065612
v 1.147393 3.826502 0.314551
v 1.238515 4.013051 0.593022
v 1.090190 3.760046 0.542175
v 1.011044 3.711815 0.768501
v 1.161445 3.919722 0.787158
v 1.024361 3.843149 0.975003
v 0.900875 3.708184 0.959870
v 0.908377 3.804106 1.099743
v 0.819762 3.922576 1.298116
v 0.995911 3.967046 1.185158
v 0.818205 4.035491 1.383639
v 0.957970 4.137292 1.314135
v 0.340476 4.121576 1.602183
v 0.505232 4.102378 1.561432
v 0.305259 3.989118 1.534041
v 0.407213 3.977942 1.499429
v 0.660540 3.972429 1.426661
v 0.619422 4.050731 1.488382
v 0.471247 3.959306 1.465726
v 1.726784 2.756771 0.496257
v 1.807314 2.762975 0.468844
v 1.751213 2.714961 0.538976
v 1.755970 2.689646 0.436049
v 1.726784 2.756771 0.496257
v 1.757267 2.671443 0.490528
v 1.751213 2.714961 0.538976
v 1.811400 2.712129 0.439292
v 1.755970 2.689646 0.436049
v 1.810125 2.688284 0.489145
v 1.757267 2.671443 0.490528
v 1.809455 2.732170 0.518481
v 1.807314 2.762975 0.468844
v 1.811400 2.712129 0.439292
v 1.809455 2.732170 0.518481
v 1.810125 2.688284 0.489145
v 1.806904 2.660936 0.545397
v 1.787404 2.676437 0.550261
v 1.806904 2.660936 0.545397
v 1.793478 2.661218 0.530675
v 1.757267 2.671443 0.490528
v 1.793478 2.661218 0.530675
v 1.806904 2.660936 0.545397
v 1.787404 2.676437 0.550261
v 1.810211 2.688046 0.541830
v 1.806904 2.660936 0.545397
v 1.751213 2.714961 0.538976
v 1.809455 2.732170 0.518481
v 1.810211 2.688046 0.541830
v 1.806904 2.660936 0.545397
v 1.383477 2.913592 0.142593
v 1.387196 2.795879 0.073608
v 1.249873 2.986187 0.099010
v 1.387196 2.795879 0.073608
v 1.251884 2.853319 0.075337
v 1.249873 2.986187 0.099010
v 1.264639 2.749400 -0.016435
v 1.404513 2.745724 -0.042854
v 1.251884 2.853319 0.075337
v 1.387196 2.795879 0.073608
v 1.404513 2.745724 -0.042854
v 1.404513 2.745724 -0.042854
v 1.278496 2.734374 -0.125351
v 1.419603 2.759863 -0.133307
v 1.295943 2.787729 -0.246244
v 1.427904 2.840240 -0.229511
v 1.523827 2.850747 0.161921
v 1.528215 2.774088 0.059555
v 1.404513 2.745724 -0.042854
v 1.387196 2.795879 0.073608
v 1.547175 2.763668 -0.056646
v 1.528215 2.774088 0.059555
v 1.564556 2.784248 -0.133372
v 1.568967 2.882980 -0.214486
v 1.601481 2.768834 -0.060278
v 1.582284 2.770780 0.056572
v 1.620333 2.791815 -0.133610
v 1.620333 2.791815 -0.133610
v 1.620311 2.891065 -0.206228
v 1.690918 2.909247 -0.204974
v 1.698788 2.798322 -0.110607
v 1.698788 2.798322 -0.110607
v 1.681601 2.779881 -0.052539
v 1.635445 2.782995 0.061025
v 1.635445 2.782995 0.061025
v 1.582284 2.770780 0.056572
v 1.603146 2.855654 0.168796
v 1.880861 3.006184 0.380164
v 1.845623 2.918694 0.380185
v 1.756467 3.024755 0.320258
v 1.651334 2.982253 0.245175
v 1.760012 2.959315 0.372121
v 1.845623 2.918694 0.380185
v 1.760012 2.959315 0.372121
v 1.756467 3.024755 0.320258
v 1.756488 2.916229 0.423272
v 1.853751 2.879197 0.421888
v 1.842229 2.831204 0.483156
v 1.828025 2.787599 0.541484
v 1.757439 2.842035 0.520600
v 1.759645 2.871133 0.494744
v 1.757353 2.893552 0.460586
v 1.847201 2.848931 0.451139
v 1.652459 2.842100 0.194501
v 1.603146 2.855654 0.168796
v 1.651334 2.982253 0.245175
v 1.661690 2.926326 0.307848
v 1.661690 2.926326 0.307848
v 1.652459 2.842100 0.194501
v 1.651334 2.982253 0.245175
v 1.756488 2.916229 0.423272
v 1.670684 2.878376 0.385396
v 1.757353 2.893552 0.460586
v 1.652178 2.809693 0.283008
v 1.670684 2.878376 0.385396
v 1.648135 2.791037 0.339412
v 1.672218 2.850293 0.433152
v 1.672218 2.850293 0.433152
v 1.759645 2.871133 0.494744
v 1.653042 2.751864 0.414732
v 1.678077 2.825886 0.467331
v 1.672564 2.722009 0.466639
v 1.678077 2.825886 0.467331
v 1.769157 2.708778 0.536447
v 1.724795 2.653478 0.462878
v 1.672564 2.722009 0.466639
v 1.693664 2.778606 0.525486
v 1.693664 2.778606 0.525486
v 1.769157 2.708778 0.536447
v 1.693664 2.778606 0.525486
v 1.828025 2.787599 0.541484
v 1.757439 2.842035 0.520600
v 1.693664 2.778606 0.525486
v 1.757439 2.842035 0.520600
v 2.339742 2.930476 -0.134193
v 2.292807 2.871414 -0.185798
v 2.387865 2.871263 -0.133739
v 2.301303 2.876019 -0.067650
v 2.339742 2.930476 -0.134193
v 2.356561 2.838662 -0.083086
v 2.387865 2.871263 -0.133739
v 2.273999 2.842316 -0.124054
v 2.301303 2.876019 -0.067650
v 2.329884 2.818146 -0.126692
v 2.356561 2.838662 -0.083086
v 2.350832 2.835117 -0.173972
v 2.292807 2.871414 -0.185798
v 2.273999 2.842316 -0.124054
v 2.350832 2.835117 -0.173972
v 2.329884 2.818146 -0.126692
v 2.386935 2.795187 -0.128832
v 2.382698 2.805629 -0.145111
v 2.382698 2.805629 -0.145111
v 2.394869 2.817498 -0.130669
v 2.386935 2.795187 -0.128832
v 2.394869 2.817498 -0.130669
v 2.386633 2.806235 -0.115709
v 2.386633 2.806235 -0.115709
v 2.386935 2.795187 -0.128832
v 2.394869 2.817498 -0.130669
v 2.386935 2.795187 -0.128832
v 2.386633 2.806235 -0.115709
v 2.174336 2.984890 0.439378
v 2.171958 2.919191 0.368641
v 2.236123 2.914738 0.470055
v 2.108940 2.914003 0.460716
v 2.174336 2.984890 0.439378
v 2.176715 2.867911 0.481448
v 2.236123 2.914738 0.470055
v 2.125543 2.883348 0.403296
v 2.108940 2.914003 0.460716
v 2.185470 2.851784 0.435357
v 2.176715 2.867911 0.481448
v 2.223714 2.872863 0.411944
v 2.171958 2.919191 0.368641
v 2.125543 2.883348 0.403296
v 2.223714 2.872863 0.411944
v 2.185470 2.851784 0.435357
v 2.245636 2.822902 0.470444
v 2.252532 2.833539 0.454230
v 2.252532 2.833539 0.454230
v 2.249916 2.842013 0.479524
v 2.252532 2.833539 0.454230
v 2.245636 2.822902 0.470444
v 2.249916 2.842013 0.479524
v 2.249916 2.842013 0.479524
v 2.233010 2.831442 0.483416
v 2.233010 2.831442 0.483416
v 2.245636 2.822902 0.470444
v 2.249916 2.842013 0.479524
v 2.245636 2.822902 0.470444
v 2.233010 2.831442 0.483416
v 2.371652 2.976718 0.181572
v 2.344649 2.912446 0.102426
v 2.429439 2.903777 0.202197
v 2.301498 2.910717 0.237674
v 2.371652 2.976718 0.181572
v 2.372473 2.860583 0.233155
v 2.429439 2.903777 0.202197
v 2.297693 2.880192 0.162137
v 2.301498 2.910717 0.237674
v 2.362896 2.843354 0.182329
v 2.372473 2.860583 0.233155
v 2.402415 2.861945 0.143956
v 2.344649 2.912446 0.102426
v 2.297693 2.880192 0.162137
v 2.402415 2.861945 0.143956
v 2.362896 2.843354 0.182329
v 2.427752 2.808893 0.202543
v 2.429677 2.819249 0.185075
v 2.429677 2.819249 0.185075
v 2.436097 2.825605 0.202435
v 2.429677 2.819249 0.185075
v 2.427752 2.808893 0.202543
v 2.436097 2.825605 0.202435
v 2.436097 2.825605 0.202435
v 2.420294 2.821930 0.216249
v 2.420294 2.821930 0.216249
v 2.427752 2.808893 0.202543
v 2.436097 2.825605 0.202435
v 2.427752 2.808893 0.202543
v 2.420294 2.821930 0.216249
v 2.044796 2.784508 -0.034681
v 1.957500 2.799619 0.081174
v 2.043910 2.797133 0.094383
v 2.018205 2.822059 0.192620
v 1.934195 2.966903 -0.231176
v 1.773740 2.973627 -0.203893
v 1.934541 2.835420 -0.187138
v 1.767687 2.864280 -0.174621
v 1.934541 2.835420 -0.187138
v 1.767687 2.864280 -0.174621
v 1.943945 2.794647 -0.122757
v 1.801758 2.811142 -0.125286
v 1.801758 2.811142 -0.125286
v 1.912316 2.793912 -0.060084
v 1.781263 2.799900 -0.083973
v 1.869771 2.782670 0.002741
v 1.750003 2.779319 -0.029017
v 1.795359 2.766478 0.093583
v 1.690918 2.909247 -0.204974
v 1.690918 2.909247 -0.204974
v 1.698788 2.798322 -0.110607
v 1.698788 2.798322 -0.110607
v 1.681601 2.779881 -0.052539
v 1.693426 2.766500 0.070084
v 1.635445 2.782995 0.061025
v 2.056579 2.827940 0.230107
v 1.972201 2.843570 0.259465
v 1.910717 2.793523 0.122596
v 1.874787 2.801586 0.280738
v 1.852822 2.765829 0.209374
v 1.603146 2.855654 0.168796
v 1.652459 2.842100 0.194501
v 1.870528 2.756447 0.324344
v 1.874787 2.801586 0.280738
v 1.852822 2.765829 0.209374
v 1.826512 2.725597 0.289451
v 1.870528 2.756447 0.324344
v 1.852822 2.765829 0.209374
v 1.728752 2.738698 0.268437
v 1.826512 2.725597 0.289451
v 1.742912 2.754199 0.203451
v 1.728752 2.738698 0.268437
v 1.742912 2.754199 0.203451
v 1.652178 2.809693 0.283008
v 2.028323 2.787773 -0.119644
v 2.018637 2.829885 -0.198553
v 2.007266 2.961888 -0.241142
v 2.100140 2.951187 -0.252903
v 2.091795 2.841149 -0.187895
v 2.102389 2.806408 -0.113136
v 2.121068 2.814493 -0.024153
v 2.193815 2.786800 -0.108445
v 2.091795 2.841149 -0.187895
v 2.177125 2.803316 -0.197775
v 2.210829 2.797587 -0.020045
v 2.210829 2.797587 -0.020045
v 2.121068 2.814493 -0.024153
v 2.215153 2.951122 -0.005150
v 2.253353 2.948571 -0.005064
v 2.303660 2.941350 -0.016716
v 2.177125 2.803316 -0.197775
v 2.195155 2.941156 -0.275019
v 2.265265 2.928855 -0.268360
v 2.291294 2.796441 -0.040886
v 2.291294 2.796441 -0.040886
v 2.283252 2.784637 -0.117871
v 2.260055 2.794950 -0.203395
v 2.260055 2.794950 -0.203395
v 2.338336 2.919667 -0.260469
v 2.328478 2.807986 -0.206119
v 2.328478 2.807986 -0.206119
v 2.400663 2.930520 -0.143014
v 2.338336 2.919667 -0.260469
v 2.328478 2.807986 -0.206119
v 2.361209 2.800506 -0.123168
v 2.361209 2.800506 -0.123168
v 2.354097 2.934973 -0.029190
v 2.342639 2.809823 -0.054030
v 2.342639 2.809823 -0.054030
v 2.354097 2.934973 -0.029190
v 2.400663 2.930520 -0.143014
v 2.342639 2.809823 -0.054030
v 2.361209 2.800506 -0.123168
v 1.853751 2.879197 0.421888
v 1.890763 2.819962 0.376856
v 1.847201 2.848931 0.451139
v 1.887974 2.788810 0.409241
v 1.869533 2.729467 0.366111
v 1.887974 2.788810 0.409241
v 1.890763 2.819962 0.376856
v 1.842229 2.831204 0.483156
v 1.883369 2.773158 0.440156
v 1.883369 2.773158 0.440156
v 1.866117 2.711848 0.406128
v 1.869533 2.729467 0.366111
v 1.814924 2.673043 0.382347
v 1.866117 2.711848 0.406128
v 1.828025 2.787599 0.541484
v 1.859286 2.741206 0.501035
v 1.859286 2.741206 0.501035
v 1.848304 2.682533 0.491350
v 1.803661 2.660893 0.441086
v 1.848304 2.682533 0.491350
v 1.828025 2.787599 0.541484
v 1.859286 2.741206 0.501035
v 1.769157 2.708778 0.536447
v 1.848304 2.682533 0.491350
v 1.848304 2.682533 0.491350
v 1.803661 2.660893 0.441086
v 1.769157 2.708778 0.536447
v 1.724795 2.653478 0.462878
v 1.822555 2.689840 0.343693
v 1.717920 2.688046 0.381958
v 1.814924 2.673043 0.382347
v 1.721401 2.718182 0.321123
v 1.822555 2.689840 0.343693
v 1.803661 2.660893 0.441086
v 1.724795 2.653478 0.462878
v 1.724795 2.653478 0.462878
v 1.717920 2.688046 0.381958
v 1.672564 2.722009 0.466639
v 1.653042 2.751864 0.414732
v 1.721401 2.718182 0.321123
v 1.648135 2.791037 0.339412
v 2.040235 2.813174 0.341639
v 2.108810 2.820027 0.254493
v 2.001775 2.842230 0.294574
v 1.888839 2.848001 0.352297
v 1.888839 2.848001 0.352297
v 1.888839 2.848001 0.352297
v 1.845623 2.918694 0.380185
v 1.888839 2.848001 0.352297
v 1.845623 2.918694 0.380185
v 1.880861 3.006184 0.380164
v 1.940378 2.995051 0.413349
v 1.940010 2.861686 0.362436
v 1.880861 3.006184 0.380164
v 1.920726 2.862464 0.348254
v 1.920726 2.862464 0.348254
v 1.920726 2.862464 0.348254
v 1.920726 2.862464 0.348254
v 1.940010 2.861686 0.362436
v 1.989214 2.834511 0.417132
v 2.005256 2.989149 0.469882
v 1.989214 2.834511 0.417132
v 2.077874 2.976675 0.511218
v 2.073030 2.817065 0.457862
v 2.073030 2.817065 0.457862
v 2.127229 2.797738 0.392789
v 2.152221 2.843505 0.500624
v 2.152221 2.843505 0.500624
v 2.149065 2.967336 0.542738
v 2.152221 2.843505 0.500624
v 2.149065 2.967336 0.542738
v 2.253527 2.967401 0.480584
v 2.253527 2.967401 0.480584
v 2.291986 2.963012 0.357658
v 2.216299 2.826491 0.452025
v 2.216299 2.826491 0.452025
v 2.216299 2.826491 0.452025
v 2.254651 2.834706 0.362761
v 2.291986 2.963012 0.357658
v 2.239020 2.977518 0.309427
v 2.254651 2.834706 0.362761
v 2.178769 2.985517 0.264546
v 2.184454 2.806861 0.301903
v 2.254651 2.834706 0.362761
v 2.184454 2.806861 0.301903
v 2.108810 2.820027 0.254493
v 2.135488 2.972200 0.245240
v 2.056579 2.827940 0.230107
v 2.102389 2.806408 -0.113136
v 2.121068 2.814493 -0.024153
v 2.120635 2.814039 0.008037
v 2.091601 2.808764 0.119332
v 2.195372 2.809045 0.034434
v 2.163764 2.807878 0.143264
v 2.137325 2.820481 0.236441
v 2.066653 2.828372 0.218908
v 2.135488 2.972200 0.245240
v 2.138882 2.975897 0.238063
v 2.056579 2.827940 0.230107
v 2.066653 2.828372 0.218908
v 2.137325 2.820481 0.236441
v 2.066653 2.828372 0.218908
v 2.138882 2.975897 0.238063
v 2.206073 2.984587 0.272177
v 2.246025 2.808439 0.245500
v 2.246025 2.808439 0.245500
v 2.287078 2.967660 0.288175
v 2.214201 2.950516 0.002395
v 2.215153 2.951122 -0.005150
v 2.121068 2.814493 -0.024153
v 2.120635 2.814039 0.008037
v 2.214201 2.950516 0.002395
v 2.120635 2.814039 0.008037
v 2.195372 2.809045 0.034434
v 2.284333 2.945717 0.018328
v 2.361879 2.936032 0.051038
v 2.310924 2.794020 0.064095
v 2.310924 2.794020 0.064095
v 2.285695 2.792464 0.163132
v 2.332110 2.826426 0.261800
v 2.332110 2.826426 0.261800
v 2.367003 2.946236 0.297450
v 2.332110 2.826426 0.261800
v 2.367003 2.946236 0.297450
v 2.442194 2.936897 0.206888
v 2.398005 2.808721 0.190998
v 2.398005 2.808721 0.190998
v 2.428314 2.931644 0.085693
v 2.393075 2.811055 0.099637
v 2.393075 2.811055 0.099637
v 2.428314 2.931644 0.085693
v 2.393075 2.811055 0.099637
v 2.442194 2.936897 0.206888
v 2.398005 2.808721 0.190998
v -0.387403 3.895725 1.286853
v -0.420047 3.886970 1.276324
v -0.509700 3.862368 1.169139
v -0.483649 3.825378 1.168425
v -0.387403 3.895725 1.286853
v -0.509700 3.862368 1.169139
v -0.342090 3.906124 1.294203
v -0.483649 3.825378 1.168425
v -0.384246 3.831604 1.227293
v -0.342090 3.906124 1.294203
v -0.483649 3.825378 1.168425
v -0.296410 3.917669 1.302051
v -0.342090 3.906124 1.294203
v -0.384246 3.831604 1.227293
v -0.321942 3.812969 1.255462
v -0.296410 3.917669 1.302051
v -0.384246 3.831604 1.227293
v -0.226322 3.924327 1.327409
v -0.202650 3.783503 1.336965
v -0.136886 3.929862 1.356443
v -0.158029 3.799004 1.332360
v -0.136886 3.929862 1.356443
v -0.202650 3.783503 1.336965
v 0.000004 3.799112 1.370690
v 0.000004 3.648278 1.331171
v 0.000004 3.957793 1.373998
v 0.420054 3.886970 1.276324
v 0.387410 3.895725 1.286853
v 0.509707 3.862368 1.169139
v 0.387410 3.895725 1.286853
v 0.483656 3.825378 1.168425
v 0.509707 3.862368 1.169139
v 0.342097 3.906124 1.294203
v 0.483656 3.825378 1.168425
v 0.342097 3.906124 1.294203
v 0.384254 3.831604 1.227293
v 0.483656 3.825378 1.168425
v 0.342097 3.906124 1.294203
v 0.296417 3.917669 1.302051
v 0.384254 3.831604 1.227293
v 0.296417 3.917669 1.302051
v 0.321949 3.812969 1.255462
v 0.384254 3.831604 1.227293
v 0.226329 3.924327 1.327409
v 0.202657 3.783503 1.336965
v 0.136893 3.929862 1.356443
v 0.136893 3.929862 1.356443
v 0.158036 3.799004 1.332360
v 0.202657 3.783503 1.336965
v 0.426410 3.727251 1.192184
v 0.578887 3.756091 1.049739
v 0.578887 3.756091 1.049739
v 0.178985 3.674242 1.277686
v 0.178985 3.674242 1.277686
v 0.178985 3.674242 1.277686
v 0.426410 3.727251 1.192184
v 0.202657 3.783503 1.336965
v 0.710436 3.792799 0.826677
v 0.638079 3.828535 1.012879
v 0.681683 3.659866 0.854046
v 0.578887 3.756091 1.049739
v 0.546480 3.590772 0.953168
v 0.212602 3.525938 1.003259
v 0.000004 3.520165 1.034930
v 0.000004 3.648278 1.331171
v -0.178977 3.674242 1.277686
v -0.178977 3.674242 1.277686
v -0.578879 3.756091 1.049739
v -0.578879 3.756091 1.049739
v -0.426403 3.727251 1.192184
v -0.178977 3.674242 1.277686
v -0.426403 3.727251 1.192184
v -0.202650 3.783503 1.336965
v -0.212594 3.525938 1.003259
v -0.578879 3.756091 1.049739
v -0.546473 3.590772 0.953168
v -0.638071 3.828535 1.012879
v -0.681676 3.659866 0.854046
v -0.710429 3.792799 0.826677
v 0.000004 3.693266 0.370047
v -0.276326 3.695796 0.432136
v 0.000004 3.867859 0.452609
v 0.000004 3.693266 0.370047
v 0.000004 3.453493 0.646874
v -0.276326 3.695796 0.432136
v 0.000004 3.453493 0.646874
v -0.213740 3.457428 0.659586
v -0.213740 3.457428 0.659586
v -0.555272 3.664686 0.596481
v -0.479823 3.536228 0.718324
v -0.681676 3.659866 0.854046
v -0.710429 3.792799 0.826677
v -0.614550 3.761992 0.632498
v -0.555272 3.664686 0.596481
v -0.614550 3.761992 0.632498
v -0.358996 3.865589 0.504861
v 0.000004 4.173893 0.641837
v -0.195278 4.183124 0.688231
v 0.000004 4.173893 0.641837
v -0.195278 4.183124 0.688231
v -0.342458 4.191123 0.962680
v -0.342458 4.191123 0.962680
v -0.195278 4.183124 0.688231
v -0.358996 3.865589 0.504861
v -0.511905 3.978741 1.092652
v -0.576155 3.954680 0.845269
v -0.576155 3.954680 0.845269
v -0.614550 3.761992 0.632498
v -0.710429 3.792799 0.826677
v -0.710429 3.792799 0.826677
v -0.638071 3.828535 1.012879
v 0.000004 4.143043 1.310611
v 0.062028 3.939828 1.384807
v 0.136893 3.926359 1.375230
v 0.164046 4.023124 1.326458
v 0.231864 3.923700 1.355838
v 0.248964 4.013310 1.305185
v 0.314188 3.913648 1.327280
v 0.360625 3.902406 1.314027
v 0.290126 4.008273 1.291155
v 0.332239 3.998220 1.281426
v 0.398414 3.893521 1.298829
v 0.398414 3.893521 1.298829
v 0.410823 3.887813 1.281513
v 0.461368 3.933277 1.187082
v 0.420054 3.886970 1.276324
v 0.420054 3.886970 1.276324
v 0.509707 3.862368 1.169139
v 0.000004 4.143043 1.310611
v 0.266065 4.102919 1.209955
v 0.342465 4.191123 0.962680
v 0.511912 3.978741 1.092652
v 0.638079 3.828535 1.012879
v 0.576163 3.954680 0.845269
v 0.710436 3.792799 0.826677
v 0.576163 3.954680 0.845269
v 0.710436 3.792799 0.826677
v 0.614557 3.761992 0.632498
v 0.359003 3.865589 0.504861
v 0.342465 4.191123 0.962680
v 0.195285 4.183124 0.688231
v 0.195285 4.183124 0.688231
v 0.195285 4.183124 0.688231
v 0.359003 3.865589 0.504861
v 0.276333 3.695796 0.432136
v 0.276333 3.695796 0.432136
v 0.213747 3.457428 0.659586
v 0.213747 3.457428 0.659586
v 0.555279 3.664686 0.596481
v 0.555279 3.664686 0.596481
v 0.614557 3.761992 0.632498
v 0.710436 3.792799 0.826677
v 0.681683 3.659866 0.854046
v 0.614557 3.761992 0.632498
v 0.479830 3.536228 0.718324
v 0.000003 1.484880 -0.532058
v 0.000003 1.469229 -0.590451
v -0.165250 1.494155 -0.550867
v -0.181810 1.475584 -0.606578
v -0.196316 1.387661 -0.739036
v 0.000003 1.385305 -0.701225
v 0.000003 1.289188 -0.832083
v -0.199667 1.289059 -0.872834
v 0.000003 1.179452 -0.994482
v -0.210562 1.195385 -1.031321
v 0.000003 1.079250 -1.178566
v -0.226171 1.104198 -1.214691
v 0.000003 0.994591 -1.352769
v -0.243855 1.028057 -1.391575
v 0.000003 0.919596 -1.550516
v -0.260501 0.959850 -1.582555
v 0.000003 0.852211 -1.763136
v 0.000003 0.998828 -2.490671
v -0.168384 1.015993 -2.442786
v 0.000003 0.861225 -2.356310
v -0.236613 0.913781 -2.343534
v 0.000003 0.861225 -2.356310
v -0.236613 0.913781 -2.343534
v 0.000003 0.808368 -2.171427
v -0.293772 0.867862 -2.180356
v 0.000003 0.805428 -1.970675
v -0.286422 0.863366 -1.987409
v -0.276694 0.907273 -1.789489
v 0.000003 1.384743 -2.454892
v -0.156559 1.345483 -2.406444
v 0.000003 1.211469 -2.557559
v 0.000003 1.211469 -2.557559
v -0.225328 1.212745 -2.474456
v -0.225328 1.212745 -2.474456
v -0.236613 0.913781 -2.343534
v -0.216983 1.356357 -2.306328
v -0.337723 1.159887 -2.336356
v -0.337723 1.159887 -2.336356
v -0.293772 0.867862 -2.180356
v -0.384916 1.144776 -2.189457
v -0.286422 0.863366 -1.987409
v -0.386754 1.167994 -2.022949
v -0.276694 0.907273 -1.789489
v -0.365481 1.189180 -1.851276
v -0.260501 0.959850 -1.582555
v -0.343906 1.221068 -1.668748
v -0.243855 1.028057 -1.391575
v -0.325487 1.253647 -1.489789
v -0.226171 1.104198 -1.214691
v -0.306679 1.302160 -1.309618
v -0.210562 1.195385 -1.031321
v -0.296907 1.379922 -1.128411
v -0.199667 1.289059 -0.872834
v -0.290746 1.454031 -0.969297
v -0.196316 1.387661 -0.739036
v 0.000002 1.616689 -1.233845
v 0.000002 1.687253 -1.074991
v -0.188252 1.620754 -1.046195
v -0.191863 1.711681 -0.898885
v 0.000002 1.769792 -0.926794
v 0.000002 1.888673 -0.759768
v -0.178049 1.824855 -0.734345
v -0.279980 1.666715 -0.626121
v -0.165250 1.494155 -0.550867
v -0.285407 1.653268 -0.673683
v -0.181810 1.475584 -0.606578
v 0.000001 1.946376 -0.691410
v -0.183345 1.881690 -0.663522
v -0.178049 1.824855 -0.734345
v -0.183345 1.881690 -0.663522
v -0.279980 1.666715 -0.626121
v -0.285407 1.653268 -0.673683
v -0.292043 1.547812 -0.822722
v -0.292043 1.547812 -0.822722
v -0.191863 1.711681 -0.898885
v -0.188252 1.620754 -1.046195
v -0.290746 1.454031 -0.969297
v -0.296907 1.379922 -1.128411
v -0.188858 1.547942 -1.208119
v -0.188858 1.547942 -1.208119
v 0.000003 1.549996 -1.407054
v 0.000003 1.494111 -1.573626
v -0.194349 1.478546 -1.383836
v -0.194349 1.478546 -1.383836
v -0.306679 1.302160 -1.309618
v -0.198824 1.421451 -1.553867
v -0.198824 1.421451 -1.553867
v -0.325487 1.253647 -1.489789
v 0.000003 1.459111 -1.728632
v 0.000003 1.423008 -1.882471
v -0.207363 1.391466 -1.714278
v -0.207363 1.391466 -1.714278
v -0.343906 1.221068 -1.668748
v -0.219145 1.359773 -1.877434
v -0.219145 1.359773 -1.877434
v -0.365481 1.189180 -1.851276
v 0.000003 1.413431 -2.018301
v 0.000003 1.409626 -2.143928
v -0.233154 1.344316 -2.025760
v -0.233154 1.344316 -2.025760
v -0.386754 1.167994 -2.022949
v -0.238818 1.344575 -2.180874
v -0.238818 1.344575 -2.180874
v -0.384916 1.144776 -2.189457
v 0.000003 1.425105 -2.281704
v -0.216983 1.356357 -2.306328
v -0.156559 1.345483 -2.406444
v 0.000003 1.384743 -2.454892
v 0.000003 1.384743 -2.454892
v 0.156565 1.345483 -2.406444
v 0.000003 1.425105 -2.281704
v 0.156565 1.345483 -2.406444
v 0.000003 1.384743 -2.454892
v 0.000003 1.211469 -2.557559
v 0.225334 1.212745 -2.474456
v 0.168391 1.015993 -2.442786
v 0.225334 1.212745 -2.474456
v 0.000003 1.211469 -2.557559
v 0.000003 0.998828 -2.490671
v 0.000003 0.861225 -2.356310
v 0.236619 0.913781 -2.343534
v 0.236619 0.913781 -2.343534
v 0.000003 0.861225 -2.356310
v 0.000003 0.808368 -2.171427
v 0.293779 0.867862 -2.180356
v 0.286428 0.863366 -1.987409
v 0.000003 0.805428 -1.970675
v 0.276700 0.907273 -1.789489
v 0.000003 0.852211 -1.763136
v 0.260507 0.959850 -1.582555
v 0.000003 0.919596 -1.550516
v 0.243861 1.028057 -1.391575
v 0.000003 0.994591 -1.352769
v 0.226177 1.104197 -1.214690
v 0.000003 1.079250 -1.178566
v 0.210568 1.195385 -1.031321
v 0.000003 1.179452 -0.994482
v 0.199672 1.289059 -0.872834
v 0.000003 1.289188 -0.832083
v 0.000003 1.469229 -0.590451
v 0.000003 1.484880 -0.532058
v 0.165256 1.494155 -0.550867
v 0.181815 1.475584 -0.606578
v 0.196321 1.387661 -0.739036
v 0.000003 1.385305 -0.701225
v 0.199672 1.289059 -0.872834
v 0.196321 1.387661 -0.739036
v 0.290751 1.454031 -0.969297
v 0.296913 1.379922 -1.128411
v 0.210568 1.195385 -1.031321
v 0.306685 1.302159 -1.309618
v 0.226177 1.104197 -1.214690
v 0.325493 1.253647 -1.489789
v 0.243861 1.028057 -1.391575
v 0.343912 1.221068 -1.668748
v 0.260507 0.959850 -1.582555
v 0.365487 1.189180 -1.851275
v 0.276700 0.907273 -1.789489
v 0.386760 1.167994 -2.022949
v 0.286428 0.863366 -1.987409
v 0.293779 0.867862 -2.180356
v 0.384923 1.144776 -2.189457
v 0.236619 0.913781 -2.343534
v 0.337729 1.159887 -2.336356
v 0.216989 1.356357 -2.306327
v 0.216989 1.356357 -2.306327
v 0.337729 1.159887 -2.336356
v 0.000003 1.413431 -2.018301
v 0.000003 1.409626 -2.143928
v 0.233160 1.344316 -2.025760
v 0.238824 1.344575 -2.180874
v 0.238824 1.344575 -2.180874
v 0.384923 1.144776 -2.189457
v 0.386760 1.167994 -2.022949
v 0.233160 1.344316 -2.025760
v 0.000003 1.459111 -1.728632
v 0.000003 1.423008 -1.882471
v 0.207369 1.391466 -1.714278
v 0.219151 1.359773 -1.877434
v 0.365487 1.189180 -1.851275
v 0.219151 1.359773 -1.877434
v 0.343912 1.221068 -1.668748
v 0.207369 1.391466 -1.714278
v 0.000003 1.549996 -1.407054
v 0.000003 1.494111 -1.573626
v 0.194354 1.478546 -1.383836
v 0.198829 1.421451 -1.553867
v 0.325493 1.253647 -1.489789
v 0.198829 1.421451 -1.553867
v 0.306685 1.302159 -1.309618
v 0.194354 1.478546 -1.383836
v 0.000002 1.687253 -1.074991
v 0.000002 1.616689 -1.233845
v 0.188257 1.620754 -1.046195
v 0.188863 1.547942 -1.208119
v 0.296913 1.379922 -1.128411
v 0.188863 1.547942 -1.208119
v 0.188257 1.620754 -1.046195
v 0.290751 1.454031 -0.969297
v 0.000002 1.769792 -0.926794
v 0.191867 1.711681 -0.898885
v 0.178053 1.824855 -0.734345
v 0.000002 1.888673 -0.759768
v 0.181815 1.475584 -0.606578
v 0.165256 1.494155 -0.550867
v 0.285411 1.653268 -0.673683
v 0.279984 1.666719 -0.626122
v 0.000001 1.946376 -0.691410
v 0.183348 1.881694 -0.663522
v 0.183348 1.881694 -0.663522
v 0.178053 1.824855 -0.734345
v 0.279984 1.666719 -0.626122
v 0.285411 1.653268 -0.673683
v 0.292048 1.547812 -0.822722
v 0.292048 1.547812 -0.822722
v 0.191867 1.711681 -0.898885
v -0.059213 1.212551 0.337706
v -0.156519 1.291547 0.517293
v 0.000001 1.280954 0.567189
v -0.088463 1.214302 0.332561
v -0.198113 1.296022 0.516472
v -0.212727 1.284326 0.514245
v -0.380792 1.411746 0.584983
v -0.198113 1.296022 0.516472
v -0.212727 1.284326 0.514245
v -0.198113 1.296022 0.516472
v -0.088463 1.214302 0.332561
v -0.104980 1.197851 0.328453
v -0.000000 1.183991 -0.214501
v -0.022851 1.183559 -0.225224
v -0.018311 1.176101 0.128112
v -0.047085 1.169442 -0.226845
v -0.034525 1.156666 0.123594
v 0.000001 1.205331 0.342008
v -0.000000 1.181354 0.135527
v 0.156520 1.291548 0.517293
v 0.059214 1.212551 0.337706
v 0.198115 1.296023 0.516471
v 0.088464 1.214302 0.332561
v 0.022851 1.183559 -0.225224
v -0.000000 1.183991 -0.214501
v 0.018311 1.176101 0.128112
v 0.047090 1.169449 -0.226846
v 0.034531 1.156674 0.123593
v 0.088464 1.214302 0.332561
v 0.104988 1.197860 0.328452
v 0.212734 1.284334 0.514244
v 0.198115 1.296023 0.516471
v 0.380795 1.411751 0.584981
v 0.212734 1.284334 0.514244
v 0.198115 1.296023 0.516471
v -0.409351 1.695036 0.731730
v 0.000000 1.663540 0.824992
v -0.307353 1.488276 0.666117
v 0.000001 1.466097 0.735015
v 0.000002 2.055204 0.837509
v 0.307354 1.488279 0.666116
v 0.409348 1.695040 0.731729
v 0.452779 2.054815 0.754320
v 0.658609 1.722709 0.536901
v 0.696914 2.070812 0.447529
v 0.722753 2.522901 0.005599
v 0.761859 2.362339 0.044751
v 0.584870 2.502126 0.340777
v 0.636191 2.351509 0.370070
v 0.345770 2.483685 0.634553
v 0.412679 2.347509 0.674720
v 0.866858 1.870750 0.132004
v 0.823728 2.116427 0.079859
v 0.357488 1.453905 0.596331
v 0.667215 1.556310 0.554823
v 0.740718 2.511768 -0.280959
v 0.774615 2.355832 -0.284547
v 0.839728 2.148033 -0.302382
v 0.879593 1.983017 -0.300544
v 0.887762 1.783301 -0.304954
v 0.874382 1.715224 0.152931
v 0.667215 1.556310 0.554823
v 0.658609 1.722709 0.536901
v 0.357488 1.453905 0.596331
v -0.357487 1.453902 0.596332
v -0.357487 1.453902 0.596332
v -0.658615 1.722706 0.536903
v -0.667219 1.556309 0.554825
v -0.658615 1.722706 0.536903
v -0.774609 2.355832 -0.284542
v -0.740708 2.511768 -0.280953
v -0.722743 2.522902 0.005604
v -0.761856 2.362339 0.044754
v -0.584862 2.502125 0.340779
v -0.839729 2.148034 -0.302378
v -0.874391 1.715228 0.152934
v -0.887769 1.783306 -0.304950
v -0.866866 1.870752 0.132007
v -0.879596 1.983019 -0.300540
v -0.667219 1.556309 0.554825
v -0.823734 2.116427 0.079862
v -0.696919 2.070810 0.447530
v -0.636187 2.351507 0.370071
v -0.452780 2.054813 0.754320
v -0.345762 2.483684 0.634554
v -0.412673 2.347507 0.674721
v 0.000004 3.220301 0.243948
v 0.000006 3.165627 0.291900
v -0.267775 3.219116 0.148748
v -0.278151 3.168226 0.183036
v 0.000006 2.789220 0.594149
v -0.259588 2.789546 0.564122
v 0.000006 2.915496 0.524170
v -0.261100 2.919043 0.483033
v 0.000006 3.057532 0.388513
v -0.264727 3.067546 0.317763
v 0.000003 2.349195 0.751553
v -0.412673 2.347507 0.674721
v -0.345762 2.483684 0.634554
v 0.000006 2.496634 0.696534
v 0.000006 2.578892 0.624912
v -0.298071 2.588059 0.589220
v 0.000006 2.667745 0.610038
v -0.271219 2.668524 0.584659
v -0.499230 2.598826 0.389487
v -0.298071 2.588059 0.589220
v -0.473646 3.054381 0.215855
v -0.465758 2.907955 0.362751
v -0.457978 2.790586 0.435365
v -0.420148 2.698747 0.473952
v -0.564318 2.732064 0.294629
v -0.593759 2.861107 0.191856
v -0.647355 2.684525 0.100839
v -0.713704 2.621699 -0.274855
v -0.693100 2.651448 -0.039728
v -0.712385 2.710251 -0.265083
v -0.712385 2.710251 -0.265083
v -0.785952 2.737101 -0.262273
v -0.777802 2.736366 -0.119979
v -0.698309 2.728691 -0.094359
v -0.777802 2.736366 -0.119979
v -0.782471 2.806799 -0.028706
v -0.698309 2.728691 -0.094359
v -0.698309 2.728691 -0.094359
v -0.665231 2.815383 0.019077
v -0.665231 2.815383 0.019077
v -0.611918 3.003489 0.129335
v -0.700302 2.970625 0.052816
v -0.700302 2.970625 0.052816
v -0.665231 2.815383 0.019077
v -0.700302 2.970625 0.052816
v -0.817151 2.945309 0.039108
v -0.729077 3.124379 0.009275
v -0.729077 3.124379 0.009275
v -0.700302 2.970625 0.052816
v -0.817151 2.945309 0.039108
v -0.865165 3.102739 0.023305
v -0.887064 3.168892 -0.114731
v -0.748986 3.185517 -0.138315
v -0.865165 3.102739 0.023305
v -0.729077 3.124379 0.009275
v -0.643097 3.213925 -0.147695
v -0.630191 3.148809 0.021904
v -0.729077 3.124379 0.009275
v -0.630191 3.148809 0.021904
v -0.495264 3.172744 0.041974
v -0.523954 3.240561 -0.138243
v -0.436377 3.258850 -0.121986
v -0.436377 3.258850 -0.121986
v -0.377943 3.267931 -0.109642
v -0.267775 3.219116 0.148748
v -0.377943 3.267931 -0.109642
v -0.370940 3.339856 -0.101081
v -0.267775 3.219116 0.148748
v 0.000004 3.220301 0.243948
v -0.267775 3.219116 0.148748
v 0.000003 3.287925 0.248963
v -0.264731 3.290542 0.149263
v -0.264731 3.290542 0.149263
v -0.264731 3.290542 0.149263
v -0.370940 3.339856 -0.101081
v -0.405076 3.387115 -0.099590
v -0.276362 3.337391 0.192090
v 0.000003 3.287925 0.248963
v -0.264731 3.290542 0.149263
v -0.276362 3.337391 0.192090
v 0.000004 3.312042 0.293344
v 0.000004 3.220301 0.243948
v 0.267788 3.219109 0.148737
v 0.267788 3.219109 0.148737
v 0.000004 3.220301 0.243948
v 0.000003 3.287925 0.248963
v 0.276377 3.337379 0.192082
v 0.264741 3.290537 0.149256
v 0.264741 3.290537 0.149256
v 0.264741 3.290537 0.149256
v 0.276377 3.337379 0.192082
v 0.405094 3.387102 -0.099598
v 0.370953 3.339849 -0.101091
v 0.264741 3.290537 0.149256
v 0.370953 3.339849 -0.101091
v 0.267788 3.219109 0.148737
v 0.377957 3.267923 -0.109653
v 0.267788 3.219109 0.148737
v 0.377957 3.267923 -0.109653
v 0.436392 3.258842 -0.121997
v 0.278166 3.168218 0.183025
v 0.523970 3.240553 -0.138255
v 0.436392 3.258842 -0.121997
v 0.261114 2.919041 0.483029
v 0.259601 2.789545 0.564121
v 0.264743 3.067541 0.317754
v 0.412679 2.347509 0.674720
v 0.345770 2.483685 0.634553
v 0.271230 2.668524 0.584657
v 0.298080 2.588059 0.589219
v 0.298080 2.588059 0.589219
v 0.499240 2.598826 0.389484
v 0.473664 3.054374 0.215843
v 0.465775 2.907951 0.362743
v 0.457992 2.790583 0.435360
v 0.420160 2.698747 0.473949
v 0.564333 2.732061 0.294622
v 0.647370 2.684522 0.100830
v 0.777827 2.736364 -0.119990
v 0.698326 2.728689 -0.094368
v 0.782497 2.806797 -0.028715
v 0.665251 2.815380 0.019067
v 0.713717 2.621699 -0.274863
v 0.693115 2.651445 -0.039736
v 0.712400 2.710249 -0.265092
v 0.785969 2.737099 -0.262282
v 0.712400 2.710249 -0.265092
v 0.777827 2.736364 -0.119990
v 0.698326 2.728689 -0.094368
v 0.698326 2.728689 -0.094368
v 0.495281 3.172736 0.041962
v 0.643112 3.213918 -0.147702
v 0.729095 3.124374 0.009271
v 0.630206 3.148803 0.021899
v 0.729095 3.124374 0.009271
v 0.630206 3.148803 0.021899
v 0.729095 3.124374 0.009271
v 0.749004 3.185511 -0.138321
v 0.887084 3.168885 -0.114735
v 0.865188 3.102733 0.023300
v 0.729095 3.124374 0.009271
v 0.865188 3.102733 0.023300
v 0.817173 2.945307 0.039104
v 0.700322 2.970622 0.052811
v 0.817173 2.945307 0.039104
v 0.700322 2.970622 0.052811
v 0.665251 2.815380 0.019067
v 1.920856 3.120633 -0.093636
v 1.766930 3.142014 -0.049642
v 1.767535 3.080639 -0.174318
v 1.937005 3.089048 -0.193429
v 1.934195 2.966903 -0.231176
v 1.937005 3.089048 -0.193429
v 1.773740 2.973627 -0.203893
v 1.767535 3.080639 -0.174318
v 1.307703 2.924423 -0.319403
v 1.295943 2.787729 -0.246244
v 1.430152 2.986122 -0.264037
v 1.427904 2.840240 -0.229511
v 1.307703 2.924423 -0.319403
v 1.430152 2.986122 -0.264037
v 1.302644 3.077915 -0.266328
v 1.421483 3.111531 -0.181171
v 1.302644 3.077915 -0.266328
v 1.421483 3.111531 -0.181171
v 1.398697 3.152650 -0.035568
v 1.563713 3.028322 -0.211005
v 1.568967 2.882980 -0.214486
v 1.563713 3.028322 -0.211005
v 1.524172 3.127551 0.042865
v 1.550201 3.126773 -0.103495
v 1.550201 3.126773 -0.103495
v 1.613933 3.042050 -0.190035
v 1.620311 2.891065 -0.206228
v 1.613933 3.042050 -0.190035
v 1.690918 2.909247 -0.204974
v 1.597222 3.131204 -0.073682
v 1.668197 3.136955 -0.055306
v 1.691804 3.061009 -0.184155
v 1.691804 3.061009 -0.184155
v 1.668197 3.136955 -0.055306
v 1.635963 3.132156 0.103182
v 1.568967 3.118536 0.070819
v 1.597222 3.131204 -0.073682
v 1.513860 3.020669 0.154376
v 1.524172 3.127551 0.042865
v 1.568967 3.118536 0.070819
v 1.398697 3.152650 -0.035568
v 1.384645 3.068965 0.101604
v 1.285479 3.157687 -0.128400
v 1.285479 3.157687 -0.128400
v 1.263385 3.119466 0.022046
v 1.285479 3.157687 -0.128400
v 1.384645 3.068965 0.101604
v 0.976287 3.073093 0.028013
v 0.865188 3.102733 0.023300
v 0.887084 3.168885 -0.114735
v 0.985583 3.154465 -0.092620
v 0.985583 3.154465 -0.092620
v 0.991788 3.152650 -0.259821
v 0.899212 3.164303 -0.291643
v 0.991788 3.152650 -0.259821
v 0.899212 3.164303 -0.291643
v 0.989691 3.027240 -0.373082
v 0.880013 3.033144 -0.418307
v 1.092293 3.143483 -0.223069
v 1.096120 3.030483 -0.342081
v 1.210375 3.040472 -0.314366
v 1.197599 3.145667 -0.187744
v 1.181493 3.137344 -0.035568
v 1.197599 3.145667 -0.187744
v 1.210375 3.040472 -0.314366
v 1.096120 3.030483 -0.342081
v 1.209878 2.880343 -0.340114
v 1.086846 2.868884 -0.352955
v 0.989691 3.027240 -0.373082
v 0.963316 2.861815 -0.368932
v 0.880013 3.033144 -0.418307
v 0.823501 2.843570 -0.402373
v 0.963316 2.861815 -0.368932
v 0.823501 2.843570 -0.402373
v 0.785969 2.737099 -0.262282
v 0.932617 2.752015 -0.258718
v 1.209878 2.880343 -0.340114
v 1.196323 2.764835 -0.252038
v 1.086846 2.868884 -0.352955
v 1.073961 2.763711 -0.257356
v 2.007266 2.961888 -0.241142
v 2.100140 2.951187 -0.252903
v 2.016259 3.095102 -0.205276
v 1.948442 3.110083 0.374110
v 2.003958 3.153385 0.288327
v 2.001559 3.115488 0.412765
v 1.881423 3.100290 0.322982
v 1.949760 3.155937 0.221762
v 1.949760 3.155937 0.221762
v 2.048212 3.143462 0.182610
v 2.073203 3.142057 0.084763
v 1.974838 3.152780 0.061328
v 2.088877 3.124806 -0.019051
v 2.214201 2.950516 0.002395
v 2.152998 3.114580 -0.011247
v 2.152998 3.114580 -0.011247
v 2.120419 3.132221 0.098015
v 2.088877 3.124806 -0.019051
v 2.028452 3.129908 -0.077811
v 2.095298 3.113845 -0.109353
v 2.016259 3.095102 -0.205276
v 2.086023 3.083903 -0.214832
v 2.086023 3.083903 -0.214832
v 2.175633 3.109694 -0.118260
v 2.162727 3.074456 -0.225598
v 2.162727 3.074456 -0.225598
v 2.297606 3.071862 -0.130475
v 2.241722 3.093113 -0.126454
v 2.271815 3.036732 -0.236083
v 2.217163 3.055172 -0.237640
v 2.265265 2.928855 -0.268360
v 2.271815 3.036732 -0.236083
v 2.195155 2.941156 -0.275019
v 2.217163 3.055172 -0.237640
v 2.319831 3.021793 -0.234548
v 2.319831 3.021793 -0.234548
v 2.338336 2.919667 -0.260469
v 2.319831 3.021793 -0.234548
v 2.338336 2.919667 -0.260469
v 2.400663 2.930520 -0.143014
v 2.352281 3.050632 -0.134064
v 2.352281 3.050632 -0.134064
v 2.352281 3.050632 -0.134064
v 2.400663 2.930520 -0.143014
v 2.332197 3.039109 -0.057533
v 2.354097 2.934973 -0.029190
v 2.354097 2.934973 -0.029190
v 2.303660 2.941350 -0.016716
v 2.332197 3.039109 -0.057533
v 2.253353 2.948571 -0.005064
v 2.298385 3.057312 -0.051566
v 2.297606 3.071862 -0.130475
v 2.352281 3.050632 -0.134064
v 2.332197 3.039109 -0.057533
v 2.298385 3.057312 -0.051566
v 2.254520 3.082001 -0.043913
v 2.189945 3.112656 -0.040756
v 2.254520 3.082001 -0.043913
v 2.215153 2.951122 -0.005150
v 2.189945 3.112656 -0.040756
v 2.109588 3.122709 -0.036562
v 2.109588 3.122709 -0.036562
v 2.109588 3.122709 -0.036562
v 2.215153 2.951122 -0.005150
v 2.088877 3.124806 -0.019051
v 2.215153 2.951122 -0.005150
v 2.214201 2.950516 0.002395
v 2.088877 3.124806 -0.019051
v 2.287078 2.967660 0.288175
v 2.206073 2.984587 0.272177
v 2.277653 3.080293 0.258320
v 2.442194 2.936897 0.206888
v 2.367003 2.946236 0.297450
v 2.341277 3.052059 0.268589
v 2.367003 2.946236 0.297450
v 2.341277 3.052059 0.268589
v 2.277653 3.080293 0.258320
v 2.324846 3.085481 0.158073
v 2.341277 3.052059 0.268589
v 2.401875 3.053594 0.182848
v 2.401875 3.053594 0.182848
v 2.361879 2.936032 0.051038
v 2.335223 3.062739 0.050735
v 2.284333 2.945717 0.018328
v 2.382634 3.038893 0.071013
v 2.428314 2.931644 0.085693
v 2.442194 2.936897 0.206888
v 2.401875 3.053594 0.182848
v 2.428314 2.931644 0.085693
v 2.382634 3.038893 0.071013
v 2.382634 3.038893 0.071013
v 2.335223 3.062739 0.050735
v 2.290408 3.082930 0.031948
v 2.265200 3.107208 0.138810
v 2.290408 3.082930 0.031948
v 2.224686 3.100204 0.010653
v 2.225054 3.102128 0.249672
v 2.225054 3.102128 0.249672
v 2.224686 3.100204 0.010653
v 2.196582 3.119941 0.119310
v 2.090801 3.134102 0.202024
v 2.159809 3.119142 0.227599
v 2.159809 3.119142 0.227599
v 2.138882 2.975897 0.238063
v 2.090801 3.134102 0.202024
v 2.048212 3.143462 0.182610
v 2.068858 3.138858 0.210888
v 2.065723 3.143268 0.339434
v 2.048212 3.143462 0.182610
v 2.138882 2.975897 0.238063
v 2.068858 3.138858 0.210888
v 2.138882 2.975897 0.238063
v 2.135488 2.972200 0.245240
v 2.068858 3.138858 0.210888
v 2.132677 3.123854 0.255639
v 2.132677 3.123854 0.255639
v 2.068858 3.138858 0.210888
v 2.135488 2.972200 0.245240
v 2.178769 2.985517 0.264546
v 2.051044 3.107813 0.449085
v 2.110863 3.129670 0.376834
v 2.179265 3.109586 0.291569
v 2.179265 3.109586 0.291569
v 2.208667 3.094842 0.320539
v 2.208667 3.094842 0.320539
v 2.239020 2.977518 0.309427
v 2.151874 3.112850 0.406214
v 2.090629 3.091297 0.470552
v 2.251451 3.074218 0.362760
v 2.251451 3.074218 0.362760
v 2.291986 2.963012 0.357658
v 2.251451 3.074218 0.362760
v 2.291986 2.963012 0.357658
v 2.253527 2.967401 0.480584
v 2.211045 3.087492 0.449733
v 2.211045 3.087492 0.449733
v 2.145670 3.069462 0.500278
v 2.211045 3.087492 0.449733
v 2.253527 2.967401 0.480584
v 2.145670 3.069462 0.500278
v 2.149065 2.967336 0.542738
v 2.149065 2.967336 0.542738
v 2.077874 2.976675 0.511218
v 2.145670 3.069462 0.500278
v 2.090629 3.091297 0.470552
v 2.005256 2.989149 0.469882
v 2.051044 3.107813 0.449085
v 2.001559 3.115488 0.412765
v 1.940378 2.995051 0.413349
v 1.948442 3.110083 0.374110
v 1.764357 3.145559 0.141945
v 1.736945 3.081612 0.223037
v 1.764357 3.145559 0.141945
v 1.601806 3.009751 0.191690
v 1.601806 3.009751 0.191690
v 1.635963 3.132156 0.103182
v 1.559476 3.002423 0.172514
v 1.559476 3.002423 0.172514
v 1.513860 3.020669 0.154376
v 1.573745 2.839592 0.162159
v 1.573745 2.839592 0.162159
v 1.523827 2.850747 0.161921
v 1.383477 2.913592 0.142593
v 1.384645 3.068965 0.101604
v 1.249873 2.986187 0.099010
v 1.263385 3.119466 0.022046
v 1.196323 2.764835 -0.252038
v 1.182768 2.732472 -0.117244
v 1.073961 2.763711 -0.257356
v 1.067000 2.738417 -0.113137
v 0.932617 2.752015 -0.258718
v 0.921073 2.735239 -0.112834
v 0.785969 2.737099 -0.262282
v 0.777827 2.736364 -0.119990
v 0.921073 2.735239 -0.112834
v 1.071432 2.786691 -0.007290
v 0.923019 2.792485 -0.019051
v 0.777827 2.736364 -0.119990
v 0.782497 2.806797 -0.028715
v 0.946410 2.926779 0.042563
v 0.817173 2.945307 0.039104
v 0.817173 2.945307 0.039104
v 0.865188 3.102733 0.023300
v 0.976287 3.073093 0.028013
v 1.174229 3.020863 0.054821
v 1.173926 2.886591 0.060679
v 1.174229 3.020863 0.054821
v 1.181493 3.137344 -0.035568
v 1.176196 2.772272 -0.006426
v 1.071432 2.786691 -0.007290
v 1.083279 2.911711 0.053999
v 1.089700 3.045422 0.039968
v 1.089700 3.045422 0.039968
v 1.088510 3.140283 -0.065943
v 1.088510 3.140283 -0.065943
v 1.092293 3.143483 -0.223069
v 0.657834 3.211886 -0.332090
v 0.535795 3.246520 -0.325583
v 0.655932 3.098303 -0.487249
v 0.493857 2.526556 -0.504800
v 0.740718 2.511768 -0.280959
v 0.713717 2.621699 -0.274863
v 0.608868 2.692630 -0.444248
v 0.713717 2.621699 -0.274863
v 0.712400 2.710249 -0.265092
v 0.671693 2.858617 -0.448962
v 0.785969 2.737099 -0.262282
v 0.823501 2.843570 -0.402373
v 0.712400 2.710249 -0.265092
v 0.671693 2.858617 -0.448962
v 0.752786 3.058200 -0.460940
v 0.671693 2.858617 -0.448962
v 0.752786 3.058200 -0.460940
v 0.655932 3.098303 -0.487249
v 0.823501 2.843570 -0.402373
v 0.880013 3.033144 -0.418307
v 0.765952 3.182139 -0.312850
v 0.880013 3.033144 -0.418307
v 0.899212 3.164303 -0.291643
v 0.887084 3.168885 -0.114735
v 0.749004 3.185511 -0.138321
v 0.899212 3.164303 -0.291643
v 0.765952 3.182139 -0.312850
v 0.657834 3.211886 -0.332090
v 0.643112 3.213918 -0.147702
v 0.523970 3.240553 -0.138255
v 0.535795 3.246520 -0.325583
v 0.436392 3.258842 -0.121997
v 0.354112 3.360084 -0.305779
v 0.368710 3.426362 -0.311504
v 0.214370 3.369382 -0.467183
v 0.198398 3.465384 -0.470769
v 0.405094 3.387102 -0.099598
v 0.370953 3.339849 -0.101091
v 0.371536 3.285824 -0.307271
v 0.251640 3.258305 -0.473648
v 0.370953 3.339849 -0.101091
v 0.354112 3.360084 -0.305779
v 0.371536 3.285824 -0.307271
v 0.377957 3.267923 -0.109653
v 0.377957 3.267923 -0.109653
v 0.371536 3.285824 -0.307271
v 0.426815 3.276008 -0.313735
v 0.371536 3.285824 -0.307271
v 0.288909 3.169322 -0.486946
v 0.288909 3.169322 -0.486946
v 0.426815 3.276008 -0.313735
v 0.521657 3.145497 -0.477888
v 0.214370 3.369382 -0.467183
v 0.198398 3.465384 -0.470769
v 0.251640 3.258305 -0.473648
v 0.274253 3.004241 -0.571129
v 0.273715 2.770630 -0.607166
v 0.504859 2.995917 -0.549987
v 0.655932 3.098303 -0.487249
v 0.624563 2.919343 -0.514661
v 0.655932 3.098303 -0.487249
v 0.551924 2.761139 -0.501992
v 0.480517 2.766090 -0.549423
v 0.539233 2.351336 -0.487547
v 0.774615 2.355832 -0.284547
v 0.278860 2.383742 -0.567709
v 0.000001 1.946376 -0.691410
v 0.183348 1.881694 -0.663522
v 0.285452 1.961380 -0.635267
v 0.290014 2.068889 -0.606017
v 0.282405 2.208069 -0.578929
v 0.382888 1.560229 -0.579123
v 0.624081 1.795349 -0.579621
v 0.337532 1.677701 -0.599034
v 0.279984 1.666719 -0.626122
v 0.596758 2.006498 -0.557569
v 0.575508 2.169935 -0.486076
v 0.839728 2.148033 -0.302382
v 0.624081 1.795349 -0.579621
v 0.887762 1.783301 -0.304954
v 0.879593 1.983017 -0.300544
v 0.240369 0.463065 0.255792
v 0.376092 0.470329 0.263599
v 0.264413 0.432191 0.286208
v 0.387351 0.442590 0.287468
v 0.240369 0.463065 0.255792
v 0.237548 0.516293 0.271815
v 0.376092 0.470329 0.263599
v 0.378162 0.520076 0.283939
v 0.695932 0.342214 0.121089
v 0.596688 0.393960 0.191435
v 0.683324 0.328050 0.012733
v 0.504513 0.470872 0.252892
v 0.514253 0.521309 0.268869
v 0.504513 0.470872 0.252892
v 0.501297 0.436649 0.274017
v 0.514253 0.521309 0.268869
v 0.670812 0.513310 0.108646
v 0.504513 0.470872 0.252892
v 0.501297 0.436649 0.274017
v 0.504513 0.470872 0.252892
v 0.596688 0.393960 0.191435
v 0.646942 0.434038 0.080325
v 0.683324 0.328050 0.012733
v 0.646942 0.434038 0.080325
v 0.739399 0.043515 0.117966
v 0.773260 0.113956 0.125086
v 0.738955 0.113679 -0.012171
v 0.706435 0.043500 -0.003236
v 0.692905 0.043493 -0.159455
v 0.709255 0.116997 -0.183687
v 0.713588 0.477230 -0.136745
v 0.704323 0.368666 -0.147387
v 0.704323 0.368666 -0.147387
v 0.713588 0.477230 -0.136745
v 0.624294 0.488839 -0.333177
v 0.618755 0.369939 -0.325432
v 0.697506 0.265878 -0.165586
v 0.683324 0.328050 0.012733
v 0.646942 0.434038 0.080325
v 0.697506 0.265878 -0.165586
v 0.612726 0.241184 -0.327408
v 0.593457 0.118606 -0.315963
v 0.559305 0.043478 -0.276684
v 0.692905 0.043493 -0.159455
v 0.576719 0.043480 -0.086840
v 0.603164 0.043488 0.114835
v 0.706435 0.043500 -0.003236
v 0.739399 0.043515 0.117966
v 0.692905 0.043493 -0.159455
v 0.559305 0.043478 -0.276684
v 0.378505 0.043456 -0.106996
v 0.433100 0.043452 0.120085
v 0.547361 0.043472 0.302409
v 0.437895 0.043447 0.271542
v 0.316420 0.043417 0.362070
v 0.786970 0.136746 0.317576
v 0.756184 0.043519 0.285787
v 0.756184 0.043519 0.285787
v 0.450210 0.043445 0.444011
v 0.700270 0.043506 0.346663
v 0.786970 0.136746 0.317576
v 0.756184 0.043519 0.285787
v 0.700270 0.043506 0.346663
v 0.717511 0.126957 0.405752
v 0.600683 0.043483 0.363504
v 0.700270 0.043506 0.346663
v 0.600683 0.043483 0.363504
v 0.717511 0.126957 0.405752
v 0.598047 0.123362 0.433367
v 0.598047 0.123362 0.433367
v 0.600683 0.043483 0.363504
v 0.547361 0.043472 0.302409
v 0.556752 0.145794 0.372360
v 0.556752 0.145794 0.372360
v 0.547361 0.043472 0.302409
v 0.555541 0.121254 0.465508
v 0.522823 0.043463 0.404058
v 0.522823 0.043463 0.404058
v 0.450671 0.120729 0.516246
v 0.555541 0.121254 0.465508
v 0.522823 0.043463 0.404058
v 0.450210 0.043445 0.444011
v 0.355227 0.043422 0.435354
v 0.355227 0.043422 0.435354
v 0.332329 0.120701 0.501367
v 0.319871 0.138926 0.433664
v 0.332329 0.120701 0.501367
v 0.355227 0.043422 0.435354
v 0.316420 0.043417 0.362070
v 0.104870 0.115147 0.463646
v 0.128607 0.043380 0.410492
v 0.128607 0.043380 0.410492
v 0.211776 0.043393 0.462339
v 0.211776 0.043393 0.462339
v 0.128607 0.043380 0.410492
v 0.104870 0.115147 0.463646
v 0.208730 0.111166 0.513211
v 0.305022 0.114602 0.500864
v 0.319871 0.138926 0.433664
v 0.293273 0.043410 0.454175
v 0.316420 0.043417 0.362070
v 0.305022 0.114602 0.500864
v 0.293273 0.043410 0.454175
v 0.293273 0.043410 0.454175
v 0.344466 0.043456 -0.308534
v 0.559305 0.043478 -0.276684
v 0.593457 0.118606 -0.315963
v 0.344466 0.043456 -0.308534
v 0.353835 0.113503 -0.380864
v 0.593457 0.118606 -0.315963
v 0.612726 0.241184 -0.327408
v 0.353835 0.113503 -0.380864
v 0.618755 0.369939 -0.325432
v 0.386440 0.388784 -0.410761
v 0.369871 0.244451 -0.404255
v 0.369871 0.244451 -0.404255
v 0.386440 0.388784 -0.410761
v 0.142959 0.347960 -0.305890
v 0.125048 0.226363 -0.289065
v 0.125048 0.226363 -0.289065
v 0.142959 0.347960 -0.305890
v 0.709281 0.630611 0.143638
v 0.709281 0.630611 0.143638
v 0.746673 0.657245 -0.147855
v 0.156388 0.482804 -0.308174
v 0.395820 0.510154 -0.416271
v 0.179020 0.736746 -0.340821
v 0.624294 0.488839 -0.333177
v 0.409622 0.743985 -0.409854
v 0.633809 0.727811 -0.378122
v 0.633809 0.727811 -0.378122
v 0.746673 0.657245 -0.147855
v 0.186710 0.872082 -0.357879
v 0.415718 0.893589 -0.434215
v 0.648488 0.883163 -0.411472
v 0.648488 0.883163 -0.411472
v 0.778007 0.817136 -0.162533
v 0.778007 0.817136 -0.162533
v 0.749169 0.773099 0.169963
v 0.580306 0.739853 0.353982
v 0.388764 0.723794 0.375881
v 0.580306 0.739853 0.353982
v 0.539165 0.603720 0.300359
v 0.539165 0.603720 0.300359
v 0.379842 0.590858 0.314024
v 0.236136 0.718652 0.344663
v 0.236753 0.586557 0.293284
v 0.133079 0.735107 0.218021
v 0.236136 0.718652 0.344663
v 0.236753 0.586557 0.293284
v 0.128573 0.595833 0.184922
v 0.237548 0.516293 0.271815
v 0.131922 0.497486 0.164650
v 0.240369 0.463065 0.255792
v 0.139891 0.432648 0.156945
v 0.264413 0.432191 0.286208
v 0.168370 0.411739 0.225417
v 0.240369 0.463065 0.255792
v 0.139891 0.432648 0.156945
v 0.064304 0.466117 0.051921
v 0.068932 0.392327 0.073223
v 0.072047 0.366206 0.153809
v 0.068932 0.392327 0.073223
v 0.038210 0.250942 -0.109903
v 0.051515 0.346262 -0.128377
v 0.072047 0.366206 0.153809
v 0.067155 0.479848 -0.139686
v 0.064964 0.611986 0.066034
v 0.066408 0.686509 -0.171224
v 0.066276 0.751409 0.077780
v 0.073273 0.829666 -0.200472
v 0.212734 1.284334 0.514244
v 0.220735 1.209836 0.506482
v 0.104988 1.197860 0.328452
v 0.118392 1.155876 0.330765
v 0.227763 1.099406 0.488085
v 0.126501 1.078394 0.316648
v 0.034531 1.156674 0.123593
v 0.048411 1.126689 0.133948
v 0.065012 1.132783 -0.205033
v 0.047090 1.169449 -0.226846
v 0.056434 1.053597 0.126921
v 0.071110 1.060360 -0.204104
v 0.075499 0.947899 -0.202158
v 0.062425 0.901421 0.098967
v 0.239527 0.882329 0.415163
v 0.131454 0.892903 0.266123
v 0.239527 0.882329 0.415163
v 0.405364 0.892681 0.449040
v 0.227763 1.099406 0.488085
v 0.410981 1.115637 0.539192
v 0.220735 1.209836 0.506482
v 0.420187 1.248464 0.575965
v 0.109872 1.241593 -0.341771
v 0.047090 1.169449 -0.226846
v 0.133285 1.218504 -0.327719
v 0.065012 1.132783 -0.205033
v 0.412619 1.343046 0.581046
v 0.663589 1.311001 0.544662
v 0.670677 1.440714 0.555774
v 0.212734 1.284334 0.514244
v 0.380795 1.411751 0.584981
v 0.667215 1.556310 0.554823
v 0.874382 1.715224 0.152931
v 0.872937 1.564174 0.167394
v 0.667215 1.556310 0.554823
v 0.670677 1.440714 0.555774
v 0.865633 1.422225 0.180581
v 0.663589 1.311001 0.544662
v 0.873433 1.633051 -0.289886
v 0.887762 1.783301 -0.304954
v 0.862022 1.475861 -0.269651
v 0.133285 1.218504 -0.327719
v 0.065012 1.132783 -0.205033
v 0.188608 1.281220 -0.433154
v 0.188608 1.281220 -0.433154
v 0.171766 1.341343 -0.457540
v 0.065012 1.132783 -0.205033
v 0.200045 1.203847 -0.410843
v 0.188608 1.281220 -0.433154
v 0.201127 1.109242 -0.390025
v 0.071110 1.060360 -0.204104
v 0.075499 0.947899 -0.202158
v 0.862022 1.475861 -0.269651
v 0.873433 1.633051 -0.289886
v 0.658723 1.416933 -0.500647
v 0.644190 1.612064 -0.528535
v 0.887762 1.783301 -0.304954
v 0.624081 1.795349 -0.579621
v 0.624081 1.795349 -0.579621
v 0.382888 1.560229 -0.579123
v 0.644190 1.612064 -0.528535
v 0.412941 1.442190 -0.556467
v 0.171766 1.341343 -0.457540
v 0.188608 1.281220 -0.433154
v 0.200045 1.203847 -0.410843
v 0.427687 1.319460 -0.518634
v 0.201127 1.109242 -0.390025
v 0.423237 1.160605 -0.482272
v 0.191703 0.990338 -0.372946
v 0.191703 0.990338 -0.372946
v 0.651141 1.153703 0.508083
v 0.621983 0.918058 0.432957
v 0.844171 1.230532 0.184905
v 0.651141 1.153703 0.508083
v 0.621983 0.918058 0.432957
v 0.788207 0.966329 0.187649
v 0.422851 1.011845 -0.451206
v 0.657434 1.040917 -0.436678
v 0.814342 1.027920 -0.195499
v 0.657434 1.040917 -0.436678
v 0.814342 1.027920 -0.195499
v 0.842678 1.261036 -0.232121
v 0.659225 1.214365 -0.465863
v 0.842678 1.261036 -0.232121
v 0.659225 1.214365 -0.465863
v 0.658723 1.416933 -0.500647
v 0.879797 5.497606 0.220596
v 0.901005 5.502622 0.215321
v 1.058627 5.537882 0.153535
v 0.901005 5.502622 0.215321
v 0.879797 5.497606 0.220596
v 0.855887 5.485003 0.238799
v 0.879797 5.497606 0.220596
v 0.862956 5.320095 0.249565
v 0.855887 5.485003 0.238799
v 1.527017 5.581183 0.024298
v 1.502782 5.457850 -0.031478
v 1.376161 5.457720 0.019153
v 1.414448 5.635771 0.089436
v 0.744702 5.683375 0.234973
v 0.709139 5.744253 0.193141
v 0.919013 5.703351 0.189163
v 0.963526 5.779341 0.151373
v 0.855887 5.485003 0.238799
v 0.901005 5.502622 0.215321
v 1.562644 5.694595 0.062672
v 1.589516 5.780054 0.103898
v 1.466419 5.773936 0.116135
v 1.510003 5.816244 0.114275
v 1.572113 5.804440 0.033594
v 1.589516 5.780054 0.103898
v 1.473813 5.831550 0.072141
v 1.510003 5.816244 0.114275
v 1.473813 5.831550 0.072141
v 1.510003 5.816244 0.114275
v 1.466419 5.773936 0.116135
v 1.384031 5.797457 0.058024
v 1.279094 5.745162 0.112805
v 1.282769 5.792095 0.077005
v 1.137924 5.792917 0.099986
v 1.100459 5.723023 0.132197
v 1.395878 5.033929 -0.038871
v 1.058627 5.537882 0.153535
v 1.279094 5.745162 0.112805
v 1.194716 5.427973 -0.383776
v 1.237326 5.562635 0.102428
v 1.299848 5.089921 0.010938
v 1.489941 5.283949 -0.088248
v 1.347776 5.290996 -0.035456
v 1.414448 5.635771 0.089436
v 1.376161 5.457720 0.019153
v 1.312278 5.712431 -0.197380
v 1.414448 5.635771 0.089436
v 1.312278 5.712431 -0.197380
v 1.237326 5.562635 0.102428
v 1.347776 5.290996 -0.035456
v 1.115419 4.913879 0.100699
v 0.928806 5.170428 -0.202071
v 1.228398 4.984702 0.044426
v 1.070949 5.322084 -0.334226
v 1.299848 5.089921 0.010938
v 1.194716 5.427973 -0.383776
v 1.299848 5.089921 0.010938
v 1.194716 5.427973 -0.383776
v 1.058627 5.537882 0.153535
v 0.966855 5.624832 0.028449
v 0.879797 5.497606 0.220596
v 1.312278 5.712431 -0.197380
v 0.966855 5.624832 0.028449
v 0.966855 5.624832 0.028449
v 0.877851 5.485219 0.021510
v 0.879797 5.497606 0.220596
v 0.998073 4.735936 0.195259
v 1.015368 4.901989 0.145990
v 1.015368 4.901989 0.145990
v 0.741956 5.238441 0.006160
v 1.015368 4.901989 0.145990
v 0.741956 5.238441 0.006160
v 0.928806 5.170428 -0.202071
v 0.741956 5.238441 0.006160
v 1.015368 4.901989 0.145990
v 0.935919 5.056239 0.196924
v 0.862956 5.320095 0.249565
v 0.862956 5.320095 0.249565
v 0.741956 5.238441 0.006160
v 0.276377 3.337379 0.192082
v 0.000004 3.312042 0.293344
v 0.289672 3.328494 0.506482
v 0.000004 3.297039 0.545331
v 0.292223 3.327564 0.718194
v 0.000004 3.304562 0.734906
v 0.629972 3.564355 1.010393
v 0.760419 3.621428 0.966377
v 0.669512 3.524446 0.851430
v 0.501708 3.467156 0.901132
v 0.456676 3.496536 1.063142
v 0.287705 3.355929 0.961535
v 0.000004 3.323025 0.979867
v 0.544772 3.436112 0.671736
v 0.559646 3.417347 0.420397
v 0.710804 3.503108 0.612933
v 0.752398 3.493704 0.368620
v 0.552836 3.412936 0.149839
v 0.405094 3.387102 -0.099598
v 0.494379 3.465556 -0.116763
v 0.761435 3.533958 0.123723
v 0.728034 3.620563 -0.147743
v 0.934362 3.807521 -0.184992
v 1.080116 4.076415 -0.176388
v 0.972238 3.678544 0.086063
v 0.811504 3.594707 0.810679
v 0.938837 3.609299 0.336473
v 0.861724 3.584265 0.580872
v 0.251148 3.405932 1.144666
v 0.208840 3.508924 1.292949
v 0.000004 3.372791 1.156405
v 0.000004 3.510805 1.330457
v 0.187892 3.637188 1.385564
v 0.000004 3.639436 1.416478
v 0.000004 3.768089 1.475822
v 0.000004 3.873934 1.484988
v 0.145411 3.871621 1.463953
v 0.000004 3.938358 1.460364
v 0.138406 3.930618 1.442788
v 0.166986 3.765451 1.451522
v 0.419687 3.764695 1.354346
v 0.309086 3.764154 1.411679
v 0.352864 3.858066 1.412609
v 0.498595 3.777645 1.321291
v 0.659870 3.909778 1.370690
v 0.628134 3.850824 1.331625
v 0.569742 3.805943 1.305228
v 0.485602 3.854131 1.334090
v 0.485602 3.854131 1.334090
v 0.539195 3.879101 1.362929
v 0.409569 3.894299 1.339732
v 0.409569 3.894299 1.339732
v 0.457066 3.890451 1.347666
v 0.539195 3.879101 1.362929
v 0.538957 3.921020 1.397389
v 0.184692 4.109902 1.614333
v 0.000004 4.026389 1.560870
v 0.150751 4.000728 1.562534
v 0.061444 4.004814 1.572544
v 0.274842 3.935331 1.466115
v 0.850612 5.160851 0.624326
v 0.775444 5.281181 0.747963
v 0.774514 5.360111 0.612695
v 0.629107 5.556257 0.659888
v 0.497276 5.628182 0.896635
v 0.479743 5.646342 0.802204
v 0.647548 5.514966 0.785666
v 0.644261 5.508977 0.871795
v 0.627810 5.470366 0.935181
v 0.473085 5.579325 0.975003
v 0.260941 5.638452 1.003842
v 0.631247 5.426848 0.965706
v 0.441478 5.508112 1.049155
v 0.257936 5.540930 1.078210
v 0.418346 5.459297 1.066558
v 0.602321 5.389491 0.975932
v 0.631247 5.426848 0.965706
v 0.256293 5.461157 1.107979
v 0.412726 5.404754 1.065671
v 0.582043 5.346664 0.978505
v 0.687175 5.325024 0.916459
v 0.694568 5.355917 0.896743
v 0.687175 5.325024 0.916459
v 0.695498 5.275042 0.885306
v 0.728337 5.332829 0.826396
v 0.695498 5.275042 0.885306
v 0.759986 5.220952 0.829919
v 0.656152 5.220606 0.961880
v 0.554998 5.250180 1.019213
v 0.440268 5.289331 1.082426
v 0.395668 5.117938 1.085150
v 0.296352 5.092320 1.072178
v 0.286624 5.169650 1.115265
v 0.438106 5.218681 1.080567
v 0.266043 5.246397 1.122636
v 0.252229 5.397749 1.095592
v 0.219152 5.218077 1.132192
v 0.206721 5.463751 1.109082
v 0.206721 5.463751 1.109082
v 0.241484 5.699394 0.912935
v 0.468567 5.685515 0.690695
v 0.236793 5.777136 0.698543
v 0.270410 5.823313 0.552292
v 0.616525 5.616076 0.505250
v 0.748053 5.436403 0.387428
v 0.483073 5.738503 0.554951
v 0.326359 5.858184 0.289538
v 0.911598 4.989113 0.590082
v 0.851779 5.218249 0.405523
v 0.568920 5.725229 0.270471
v 0.626923 5.611536 0.345963
v 0.626923 5.611536 0.345963
v 0.568920 5.725229 0.270471
v 0.709139 5.744253 0.193141
v 0.744702 5.683375 0.234973
v 0.748053 5.436403 0.387428
v 0.855887 5.485003 0.238799
v 0.851779 5.218249 0.405523
v 0.855887 5.485003 0.238799
v 0.862956 5.320095 0.249565
v 0.911079 5.020827 0.383861
v 0.935919 5.056239 0.196924
v 0.998073 4.735936 0.195259
v 1.015368 4.901989 0.145990
v 0.909069 4.960814 0.702391
v 0.922667 4.792123 0.789212
v 0.797430 4.808423 0.890971
v 0.780048 4.849434 0.925690
v 0.808866 4.811969 0.904115
v 0.883645 4.937920 0.800605
v 0.880554 4.801894 0.858067
v 0.855606 4.905751 0.876119
v 0.790944 4.855206 0.933732
v 0.808866 4.811969 0.904115
v 0.790944 4.855206 0.933732
v 0.818119 4.873669 0.914903
v 0.833447 5.100795 0.731425
v 0.823956 5.051936 0.830179
v 0.746388 5.156679 0.889652
v 0.804823 4.991166 0.916178
v 0.769974 4.941594 0.946617
v 0.725396 5.068843 0.952346
v 0.553161 5.175076 1.052181
v 0.747837 4.893644 0.962831
v 0.705529 5.007229 0.988774
v 0.754063 4.904951 0.978354
v 0.754063 4.904951 0.978354
v 0.701810 4.953377 1.023515
v 0.694028 4.939822 1.000859
v 0.701810 4.953377 1.023515
v 0.628069 5.140660 1.018348
v 0.522678 5.110718 1.061672
v 0.621951 5.072691 1.029979
v 0.613887 4.995922 1.071833
v 0.601976 4.986086 1.037524
v 0.613887 4.995922 1.071833
v 0.509015 5.024935 1.099677
v 0.509015 5.024935 1.099677
v 0.382978 5.029345 1.103201
v 0.296352 5.092320 1.072178
v 0.300136 5.010039 1.091008
v 0.228448 4.879268 1.059813
v 0.220449 4.890423 1.088760
v 0.258390 4.941249 1.069692
v 0.219152 4.801051 1.057694
v 0.219152 4.801051 1.057694
v 0.206981 4.811537 1.070276
v 0.220449 4.890423 1.088760
v 0.189924 4.822519 1.081713
v 0.246392 4.959841 1.095570
v 0.246392 4.959841 1.095570
v 0.220449 4.890423 1.088760
v 0.190615 4.974931 1.071162
v 0.189924 4.822519 1.081713
v 0.190615 4.974931 1.071162
v 0.189924 4.822519 1.081713
v 0.161452 4.876868 1.144190
v 0.227821 5.030663 1.081669
v 0.227821 5.030663 1.081669
v 0.190615 4.974931 1.071162
v 0.184562 5.038836 1.110530
v 0.184562 5.038836 1.110530
v 0.154274 4.945508 1.179840
v 0.230026 5.145265 1.120669
v 0.177969 5.142195 1.144709
v 0.177969 5.142195 1.144709
v 0.154274 4.945508 1.179840
v 0.100466 4.867853 1.262120
v 0.185189 4.528094 1.639951
v 0.073615 4.234037 1.581948
v 0.089483 4.255331 1.585104
v 0.395820 4.428086 1.518173
v 0.229875 4.336661 1.558254
v 0.216601 4.281447 1.581969
v 0.089483 4.255331 1.585104
v 0.263578 4.417558 1.609793
v 0.229875 4.336661 1.558254
v 0.145130 4.352983 1.636902
v 0.145130 4.352983 1.636902
v 0.185189 4.528094 1.639951
v 0.285716 4.543832 1.596130
v 0.392577 4.538968 1.536008
v 0.285716 4.543832 1.596130
v 0.296244 4.567526 1.540699
v 0.392577 4.538968 1.536008
v 0.362051 4.566056 1.489960
v 0.269091 4.612428 1.305077
v 0.296244 4.567526 1.540699
v 0.269091 4.612428 1.305077
v 0.178574 4.785831 1.234795
v 0.220168 4.660702 1.177159
v 0.269091 4.612428 1.305077
v 0.534741 4.637938 1.143888
v 0.512020 4.690341 1.098964
v 0.351739 4.674344 1.076697
v 0.518441 4.689044 1.117578
v 0.354960 4.668680 1.089387
v 0.518441 4.689044 1.117578
v 0.521813 4.667058 1.121599
v 0.354960 4.668680 1.089387
v 0.210180 4.700568 1.074751
v 0.369359 4.631150 1.126290
v 0.356863 4.654282 1.100218
v 0.269286 4.619563 1.102250
v 0.275685 4.641008 1.072784
v 0.271793 4.662583 1.052462
v 0.290710 4.658735 1.038259
v 0.354960 4.668680 1.089387
v 0.271793 4.662583 1.052462
v 0.290710 4.658735 1.038259
v 0.210180 4.700568 1.074751
v 0.228643 4.663859 1.069714
v 0.228643 4.663859 1.069714
v 0.235820 4.710664 1.064785
v 0.206981 4.811537 1.070276
v 0.219152 4.801051 1.057694
v 0.235820 4.710664 1.064785
v 0.247472 4.697952 1.041091
v 0.243884 4.684742 1.059964
v 0.256790 4.685607 1.038821
v 0.290710 4.658735 1.038259
v 0.271793 4.662583 1.052462
v 0.271793 4.662583 1.052462
v 0.275685 4.641008 1.072784
v 0.228643 4.663859 1.069714
v 0.269286 4.619563 1.102250
v 0.269286 4.619563 1.102250
v 0.395841 4.487018 1.450614
v 0.377747 4.546058 1.405280
v 0.317149 4.593511 1.272325
v 0.377747 4.546058 1.405280
v 0.362051 4.566056 1.489960
v 0.377747 4.546058 1.405280
v 0.395841 4.487018 1.450614
v 0.362051 4.566056 1.489960
v 0.392577 4.538968 1.536008
v 0.395820 4.428086 1.518173
v 0.391258 4.487926 1.534559
v 0.391258 4.487926 1.534559
v 0.392577 4.538968 1.536008
v 0.395820 4.428086 1.518173
v 0.395841 4.487018 1.450614
v 0.395820 4.428086 1.518173
v 0.924288 4.385670 1.350087
v 1.213481 4.179168 0.937840
v 1.116738 4.054190 1.088998
v 1.062777 4.260238 1.228071
v 1.147825 4.390642 1.089344
v 1.267117 4.299757 0.769430
v 1.182999 4.495709 0.912935
v 0.961083 4.657893 0.881502
v 1.032922 4.637440 0.825250
v 0.974551 4.680743 0.732203
v 0.883213 4.683121 0.896916
v 0.889179 4.714317 0.860575
v 0.943615 4.686775 0.815478
v 0.943615 4.686775 0.815478
v 0.889179 4.714317 0.860575
v 0.823653 4.738725 0.884269
v 0.829706 4.811537 0.891230
v 0.823653 4.738725 0.884269
v 0.796889 4.737882 0.885674
v 0.807699 4.739568 0.896592
v 0.778276 4.719462 0.906731
v 0.807699 4.739568 0.896592
v 0.796889 4.737882 0.885674
v 0.797430 4.808423 0.890971
v 0.808866 4.811969 0.904115
v 0.807699 4.739568 0.896592
v 0.791701 4.715333 0.914643
v 0.791701 4.715333 0.914643
v 0.778276 4.719462 0.906731
v 0.791701 4.715333 0.914643
v 0.821945 4.677846 0.980645
v 0.807180 4.696287 0.903661
v 0.807180 4.696287 0.903661
v 0.807180 4.696287 0.903661
v 1.395878 5.033929 -0.038871
v 1.369006 5.097791 -0.197250
v 1.343885 4.918354 0.007782
v 0.691606 5.777114 0.007003
v 0.798273 5.757290 -0.319331
v 0.950036 5.796139 -0.038612
v 0.985274 5.776725 -0.304695
v 0.709139 5.744253 0.193141
v 0.963526 5.779341 0.151373
v 1.489941 5.283949 -0.088248
v 1.458507 5.340805 -0.175393
v 1.502782 5.457850 -0.031478
v 1.494675 5.491488 -0.088140
v 1.527017 5.581183 0.024298
v 1.498610 5.649240 -0.003590
v 1.562644 5.694595 0.062672
v 1.568157 5.715523 0.020277
v 1.498610 5.649240 -0.003590
v 1.562644 5.694595 0.062672
v 1.589516 5.780054 0.103898
v 1.572113 5.804440 0.033594
v 1.354608 5.573596 -0.254475
v 1.092330 5.787426 -0.067668
v 1.132800 5.772423 -0.255123
v 1.137924 5.792917 0.099986
v 1.282769 5.792095 0.077005
v 1.281558 5.789566 -0.063776
v 1.572113 5.804440 0.033594
v 1.473813 5.831550 0.072141
v 1.384031 5.797457 0.058024
v 1.292951 5.769958 -0.197293
v 1.474094 5.777395 -0.018009
v 1.568157 5.715523 0.020277
v 1.572113 5.804440 0.033594
v 1.474094 5.777395 -0.018009
v 1.498610 5.649240 -0.003590
v 1.474094 5.777395 -0.018009
v 1.292951 5.769958 -0.197293
v 1.282488 5.002948 -0.194310
v 1.238688 5.201084 -0.393634
v 1.184512 4.766115 0.071146
v 1.184512 4.766115 0.071146
v 1.144258 4.863768 -0.170291
v 0.998073 4.735936 0.195259
v 1.144258 4.863768 -0.170291
v 0.994441 4.778157 -0.155353
v 0.998073 4.735936 0.195259
v 1.096567 4.609768 0.095294
v 0.998073 4.735936 0.195259
v 0.994441 4.778157 -0.155353
v 0.994441 4.778157 -0.155353
v 0.862675 4.937898 -0.467743
v 1.070949 5.041841 -0.451399
v 0.914819 5.432253 -0.513445
v 1.070949 5.041841 -0.451399
v 0.862675 4.937898 -0.467743
v 0.725807 5.355722 -0.491653
v 0.593695 5.425832 -0.629602
v 0.633474 5.727586 -0.306706
v 0.725807 5.355722 -0.491653
v 0.914819 5.432253 -0.513445
v 0.633474 5.727586 -0.306706
v 0.798273 5.757290 -0.319331
v 0.633474 5.727586 -0.306706
v 0.568920 5.725229 0.270471
v 0.583448 5.746113 0.050241
v 0.583448 5.746113 0.050241
v 0.568920 5.725229 0.270471
v 0.494379 3.465556 -0.116763
v 0.728034 3.620563 -0.147743
v 0.435166 3.527948 -0.336452
v 0.405094 3.387102 -0.099598
v 0.368710 3.426362 -0.311504
v 0.198398 3.465384 -0.470769
v 0.232188 3.600414 -0.502419
v 0.577935 3.705135 -0.414020
v 0.303335 3.775893 -0.617733
v 0.417006 3.982092 -0.724076
v 0.198398 3.465384 -0.470769
v 0.453693 4.204895 -0.850588
v 0.744097 3.902535 -0.453799
v 0.934362 3.807521 -0.184992
vn 0.5013 0.8322 0.2369
vn 0.4920 0.8543 0.1676
vn 0.5435 0.8024 0.2464
vn 0.5225 0.8269 0.2078
vn 0.2093 0.5693 0.7950
vn 0.1586 0.6843 0.7117
vn 0.2004 0.6564 0.7274
vn 0.4460 0.8880 0.1125
vn 0.2540 0.9644 0.0740
vn 0.2473 0.9580 0.1452
vn 0.4153 0.9078 -0.0581
vn 0.4633 0.8861 0.0125
vn 0.3907 0.9129 -0.1184
vn -0.8061 -0.0363 -0.5907
vn -0.8210 -0.0289 -0.5702
vn -0.8178 -0.0393 -0.5742
vn -0.9618 -0.0085 -0.2735
vn -0.8735 0.0127 -0.4867
vn -0.9696 0.0262 -0.2434
vn -0.9705 0.0828 -0.2266
vn 0.6772 0.0957 0.7296
vn 0.7084 0.1218 0.6952
vn 0.7200 0.1795 0.6703
vn 0.7556 0.2115 0.6200
vn -0.8547 0.3735 0.3604
vn -0.8653 0.3481 0.3606
vn -0.8791 0.3100 0.3621
vn -0.8332 0.4230 0.3561
vn -0.5076 -0.5727 -0.6437
vn -0.5048 -0.6498 -0.5683
vn -0.5087 -0.5736 -0.6420
vn -0.4943 -0.6575 -0.5686
vn 0.5863 -0.6893 -0.4256
vn 0.5664 -0.7277 -0.3868
vn 0.5967 -0.6958 -0.3998
vn 0.5648 -0.7161 -0.4102
vn 0.5423 -0.7686 -0.3395
vn 0.6145 -0.0953 0.7831
vn 0.1300 -0.6397 -0.7576
vn 0.1294 -0.6397 -0.7577
vn 0.1305 -0.6397 -0.7575
vn 0.5964 -0.1193 0.7937
vn 0.5273 -0.3146 0.7893
vn -0.7495 -0.1176 0.6515
vn -0.7123 -0.2034 0.6717
vn -0.7541 -0.1354 0.6427
vn -0.7129 -0.1589 0.6831
vn -0.4237 -0.7902 -0.4428
vn -0.3808 -0.8172 -0.4327
vn -0.6294 -0.3638 0.6867
vn 0.9732 0.2187 0.0707
vn 0.9727 0.2159 0.0849
vn 0.9831 0.0862 0.1617
vn 0.9820 0.0813 0.1703
vn -0.2860 0.4086 0.8668
vn -0.2792 0.4335 0.8568
vn -0.2294 0.2810 0.9319
vn -0.2288 0.3098 0.9229
vn -0.7213 -0.6807 -0.1280
vn -0.7223 -0.6798 -0.1269
vn -0.7174 -0.6861 -0.1212
vn -0.7147 -0.6887 -0.1216
vn 0.1984 -0.7392 -0.6437
vn 0.1756 -0.7317 -0.6586
vn 0.1731 -0.7400 -0.6500
vn 0.1418 -0.7304 -0.6682
vn 0.1005 -0.7345 -0.6711
vn 0.9586 -0.1077 0.2635
vn -0.0892 -0.6704 -0.7366
vn 0.7181 -0.5878 0.3726
vn 0.7180 -0.5878 0.3727
vn 0.7182 -0.5878 0.3725
vn 0.9616 -0.1042 0.2539
vn -0.1169 -0.0776 0.9901
vn -0.1177 -0.1088 0.9871
vn -0.6972 -0.7073 -0.1170
vn -0.6890 -0.7146 -0.1209
vn -0.0439 -0.3632 0.9307
vn 0.8198 0.1645 0.5485
vn 0.8287 0.3064 0.4683
vn 0.8510 0.2224 0.4759
vn -0.6428 0.4228 0.6389
vn -0.6537 0.3912 0.6478
vn -0.6650 0.3557 0.6567
vn -0.6250 0.4689 0.6241
vn -0.5421 -0.6954 -0.4718
vn -0.5367 -0.7138 -0.4499
vn -0.5528 -0.6831 -0.4773
vn -0.5147 -0.7377 -0.4369
vn 0.8068 0.2358 0.5418
vn 0.4047 -0.7230 -0.5600
vn 0.4060 -0.7273 -0.5534
vn 0.4079 -0.7250 -0.5550
vn 0.3819 -0.7413 -0.5520
vn 0.3343 -0.7731 -0.5390
vn 0.2789 -0.8142 -0.5092
vn 0.7306 -0.1305 0.6702
vn 0.6244 -0.3847 0.6799
vn 0.7360 -0.1013 0.6694
vn -0.4973 -0.0291 0.8671
vn -0.4560 -0.1551 0.8764
vn -0.4966 -0.0272 0.8675
vn -0.4616 -0.1441 0.8753
vn -0.4752 -0.7840 -0.3993
vn -0.4376 -0.8083 -0.3939
vn -0.3556 -0.3863 0.8511
vn -0.8819 0.0166 -0.4711
vn -0.8919 -0.0438 -0.4501
vn -0.8771 0.0331 -0.4792
vn -0.5239 -0.4268 -0.7371
vn -0.5370 -0.5926 -0.6004
vn -0.7133 -0.5962 -0.3686
vn -0.6975 -0.6096 -0.3767
vn -0.0000 -1.0000 -0.0000
vn 0.0001 -1.0000 -0.0001
vn 0.0002 -1.0000 -0.0002
vn 0.0002 -1.0000 -0.0001
vn -0.0000 -1.0000 -0.0001
vn -0.9325 -0.2905 0.2146
vn -0.9544 -0.2978 0.0207
vn -0.8260 -0.5347 0.1784
vn -0.8060 -0.5911 0.0303
vn -0.9151 -0.4023 0.0269
vn -0.9718 -0.2298 0.0532
vn -0.8576 -0.5031 0.1072
vn -0.8376 -0.5283 0.1390
vn -0.9718 -0.2297 0.0532
vn -0.9951 0.0644 0.0753
vn -0.9873 0.0043 0.1586
vn -0.9951 0.0238 0.0964
vn -0.9847 0.1588 0.0718
vn -0.9325 -0.2904 0.2146
vn -0.9786 0.1435 0.1472
vn -0.9544 -0.2977 0.0207
vn -0.9878 0.1533 -0.0268
vn -0.9464 0.3118 0.0841
vn -0.9770 0.1586 0.1422
vn -0.6116 0.7493 0.2540
vn -0.3750 0.9176 0.1319
vn -0.3368 0.9250 0.1760
vn -0.5529 0.7608 0.3398
vn -0.2332 0.7323 0.6398
vn -0.1799 0.8089 0.5597
vn -0.2154 0.7443 0.6322
vn -0.1966 0.9722 0.1273
vn 0.8881 -0.1542 -0.4330
vn 0.9325 0.1300 -0.3369
vn 0.9662 -0.1708 -0.1930
vn 0.8549 0.5013 -0.1337
vn 0.9361 0.2941 -0.1930
vn 0.8922 0.4414 -0.0958
vn 0.9776 -0.1673 -0.1273
vn 0.9384 0.3122 -0.1484
vn 0.8448 0.5101 -0.1614
vn -0.0241 0.9933 0.1134
vn -0.2919 0.9239 0.2475
vn 0.0187 0.9931 0.1157
vn -0.1351 0.9786 0.1551
vn -0.0864 0.7820 0.6173
vn -0.2275 0.8575 0.4614
vn -0.4032 0.8630 0.3045
vn 0.9899 0.0873 -0.1115
vn 0.9888 0.0550 -0.1388
vn 0.7436 0.6222 -0.2448
vn 0.7792 0.5868 -0.2204
vn 0.1826 0.4972 0.8482
vn 0.1404 0.4865 0.8623
vn 0.6155 0.7314 0.2935
vn 0.6374 0.6739 0.3736
vn 0.6315 0.7744 0.0391
vn 0.5498 0.5957 0.5855
vn 0.4458 0.5328 0.7192
vn -0.2157 0.5544 0.8038
vn -0.1212 0.5024 0.8561
vn -0.0903 0.4840 0.8704
vn 0.0682 0.3798 0.9225
vn 0.1134 0.9577 0.2643
vn -0.3657 0.9056 0.2150
vn -0.9136 0.3110 0.2618
vn -0.2986 0.9409 0.1599
vn -0.9025 -0.2358 0.3605
vn -0.3717 0.3525 0.8588
vn -0.4136 0.1667 0.8951
vn -0.3953 0.3723 0.8397
vn -0.9153 0.0846 0.3939
vn -0.4222 -0.0325 0.9059
vn -0.4318 -0.0397 0.9011
vn -0.4195 0.1842 0.8889
vn 0.1318 -0.0421 0.9904
vn 0.1028 -0.0608 0.9928
vn 0.0857 -0.0732 0.9936
vn 0.9710 -0.1594 0.1785
vn 0.9716 -0.1143 0.2073
vn 0.9759 -0.1621 0.1458
vn 0.0519 -0.0934 0.9943
vn 0.1354 0.4601 0.8775
vn 0.0848 0.4238 0.9018
vn 0.0851 0.4240 0.9016
vn 0.0428 0.3923 0.9188
vn 0.9687 -0.1212 0.2167
vn -0.9658 -0.1563 0.2070
vn -0.9801 -0.1361 0.1445
vn -0.9642 0.0676 0.2566
vn -0.9406 0.0775 0.3306
vn -0.1344 0.0449 0.9899
vn -0.1416 0.0404 0.9891
vn -0.1262 0.0507 0.9907
vn -0.1501 0.0349 0.9880
vn 0.4596 0.0222 0.8879
vn 0.4435 0.0341 0.8956
vn 0.4508 0.0287 0.8921
vn 0.4340 0.0410 0.9000
vn 0.9991 -0.0416 0.0110
vn 0.9988 -0.0031 0.0494
vn 0.9905 -0.1270 0.0524
vn 0.9982 -0.0090 0.0595
vn -0.8409 -0.1799 0.5104
vn -0.8036 -0.2265 0.5504
vn -0.6929 -0.0458 0.7196
vn 0.1520 0.5964 0.7882
vn -0.5790 -0.0099 0.8152
vn 0.2326 0.0672 0.9702
vn 0.2418 0.0719 0.9677
vn 0.2237 0.0588 0.9729
vn 0.2514 0.0797 0.9646
vn 0.7770 0.0932 0.6226
vn 0.7734 0.0903 0.6274
vn 0.7748 0.0883 0.6260
vn 0.7717 0.0848 0.6303
vn 0.2165 -0.2850 -0.9338
vn -0.0000 -0.4071 -0.9134
vn -0.0000 -0.1791 -0.9838
vn 0.2852 -0.4964 -0.8199
vn 0.1899 -0.3989 -0.8971
vn 0.2762 -0.4139 -0.8674
vn 0.2963 -0.5529 -0.7788
vn 0.3412 -0.4103 -0.8457
vn 0.3241 -0.5457 -0.7728
vn 0.3861 -0.4026 -0.8299
vn 0.4850 -0.5605 -0.6712
vn 0.4214 -0.4015 -0.8131
vn 0.6414 -0.5642 -0.5199
vn 0.7582 -0.5400 -0.3654
vn 0.6796 -0.4746 -0.5594
vn 0.7514 -0.3588 -0.5538
vn 0.7516 -0.3751 -0.5426
vn 0.3813 -0.7366 -0.5587
vn -0.0000 -0.9561 -0.2930
vn 0.3859 -0.7717 -0.5055
vn -0.0000 -0.9872 -0.1596
vn -0.2028 0.9791 -0.0123
vn -0.1658 0.9861 0.0071
vn -0.2103 0.9729 -0.0963
vn -0.1617 0.9868 0.0066
vn -0.0929 0.9956 0.0130
vn -0.1003 0.9950 -0.0028
vn -0.1273 0.9918 -0.0062
vn -0.1225 0.9919 0.0346
vn -0.0000 0.9901 0.1407
vn -0.0000 0.9756 0.2195
vn 0.0543 -0.9680 0.2450
vn 0.1438 -0.9734 0.1786
vn -0.0098 -0.9305 0.3662
vn 0.0645 -0.9843 0.1641
vn 0.0966 -0.9852 0.1416
vn -0.0213 -0.9281 0.3717
vn 0.1150 -0.9803 0.1607
vn -0.0075 -0.9412 0.3378
vn 0.1506 -0.9664 0.2081
vn -0.0179 -0.9281 0.3719
vn 0.1534 -0.9648 0.2135
vn 0.0985 -0.9220 0.3746
vn 0.1146 -0.9833 0.1416
vn 0.2093 -0.8678 0.4507
vn 0.0493 -0.9960 0.0741
vn -0.1611 0.9847 -0.0657
vn -0.2284 0.9729 -0.0372
vn -0.0967 0.9904 -0.0985
vn -0.1957 0.9588 -0.2058
vn -0.2900 0.5044 0.8133
vn -0.3746 0.5328 0.7588
vn -0.2785 0.1869 0.9421
vn -0.4315 0.5392 0.7232
vn -0.5044 0.5444 0.6703
vn -0.4630 0.1766 0.8686
vn -0.4541 0.5240 0.7205
vn -0.0000 -0.4405 0.8978
vn -0.0000 -0.5759 0.8175
vn -0.1869 -0.3991 0.8976
vn -0.3183 0.6468 0.6930
vn -0.2739 0.9130 0.3023
vn -0.2157 0.8818 0.4193
vn -0.5763 0.0627 0.8148
vn -0.7472 0.2575 0.6127
vn -0.7590 0.2782 0.5886
vn -0.5734 0.0611 0.8170
vn 0.1541 0.9864 -0.0570
vn -0.0330 0.9993 0.0151
vn 0.1536 0.9872 -0.0430
vn -0.0506 0.9982 0.0333
vn -0.3917 0.1190 0.9124
vn -0.3861 0.1287 0.9134
vn -0.3953 0.0221 0.9183
vn -0.4306 0.0563 0.9008
vn -0.7087 -0.4112 0.5733
vn -0.7365 -0.3084 0.6021
vn -0.6820 -0.4057 0.6085
vn -0.5818 0.7005 0.4134
vn -0.4034 0.6796 0.6127
vn -0.6079 0.4588 0.6481
vn -0.9013 -0.1544 -0.4048
vn -0.9453 -0.3047 -0.1167
vn -0.9735 -0.1710 -0.1521
vn -0.8940 -0.4320 -0.1188
vn -0.9832 -0.1676 -0.0729
vn -0.9104 -0.4041 -0.0880
vn -0.2005 0.1817 -0.9627
vn -0.1450 0.6533 -0.7431
vn -0.0360 0.2798 -0.9594
vn -0.1038 0.4825 -0.8697
vn -0.3580 -0.6701 0.6503
vn -0.0983 -0.8356 0.5404
vn -0.3335 -0.6639 0.6694
vn -0.0774 -0.8611 0.5026
vn 0.0735 -0.9315 0.3563
vn -0.4685 -0.2751 -0.8396
vn -0.5612 -0.2419 -0.7916
vn -0.6306 -0.0874 -0.7712
vn 0.0240 -0.3590 -0.9330
vn -0.0289 -0.3206 -0.9468
vn 0.2003 -0.3484 -0.9157
vn 0.2729 -0.5927 -0.7577
vn -0.2345 -0.6166 -0.7515
vn -0.1659 -0.5995 -0.7830
vn 0.1774 -0.5633 -0.8070
vn 0.4640 -0.5594 -0.6868
vn 0.5841 -0.5572 -0.5902
vn 0.6746 -0.5248 -0.5192
vn 0.7366 -0.5073 -0.4474
vn 0.8050 -0.4307 -0.4080
vn 0.7662 -0.4624 -0.4463
vn 0.8892 -0.2567 -0.3788
vn 0.8421 -0.3043 -0.4452
vn 0.9127 -0.0564 -0.4046
vn 0.8680 -0.1403 -0.4764
vn 0.8327 0.0471 -0.5517
vn 0.8172 -0.0989 -0.5679
vn 0.8230 0.0283 -0.5674
vn 0.7746 0.1250 -0.6200
vn 0.7145 0.2771 -0.6424
vn 0.6644 0.3542 -0.6581
vn 0.6115 0.3067 -0.7294
vn 0.5893 0.2656 -0.7630
vn 0.2443 0.1598 -0.9564
vn 0.1288 0.1400 -0.9817
vn -0.6583 -0.0579 -0.7505
vn 0.2098 -0.3130 -0.9263
vn -0.2527 0.1473 -0.9563
vn -0.3228 0.1434 -0.9355
vn -0.4902 0.1823 -0.8523
vn -0.1195 -0.3249 -0.9382
vn -0.2598 -0.3515 -0.8994
vn 0.0195 -0.2922 -0.9561
vn -0.3132 0.2667 -0.9115
vn -0.4552 0.1633 -0.8753
vn -0.3253 0.2660 -0.9074
vn -0.3796 0.2934 -0.8774
vn -0.3879 0.2320 -0.8920
vn -0.5330 0.0426 -0.8451
vn 0.2051 -0.2390 -0.9491
vn -0.0003 0.2066 0.9784
vn 0.0859 0.1934 0.9773
vn 0.0333 0.3740 0.9268
vn -0.1832 0.4671 0.8650
vn -0.1261 0.1820 0.9752
vn -0.3386 0.3205 0.8847
vn -0.3595 0.0283 0.9327
vn -0.4455 -0.1888 0.8751
vn -0.5135 0.0615 0.8559
vn -0.5119 -0.3969 0.7619
vn -0.2738 -0.3348 0.9017
vn -0.1311 -0.2351 0.9631
vn -0.1084 -0.6603 0.7432
vn -0.1665 -0.6847 0.7096
vn -0.2919 -0.5570 0.7775
vn -0.3206 -0.4461 0.8356
vn -0.1847 -0.7280 0.6602
vn -0.7277 0.2112 0.6525
vn -0.6773 0.1216 0.7256
vn -0.6897 0.1793 0.7016
vn -0.6438 0.0955 0.7592
vn 0.8943 0.3101 0.3225
vn 0.8807 0.3482 0.3211
vn 0.8707 0.3737 0.3198
vn 0.8489 0.4232 0.3166
vn 0.4785 -0.5732 -0.6652
vn 0.4782 -0.6493 -0.5914
vn 0.4790 -0.5723 -0.6656
vn 0.4674 -0.6571 -0.5914
vn -0.6137 -0.6959 -0.3730
vn -0.5839 -0.7278 -0.3597
vn -0.6043 -0.6894 -0.3995
vn -0.5822 -0.7162 -0.3849
vn -0.5570 -0.7687 -0.3144
vn -0.5791 -0.0953 0.8097
vn -0.1632 -0.6396 -0.7512
vn -0.4912 -0.3144 0.8123
vn -0.5602 -0.1193 0.8197
vn 0.7823 -0.1353 0.6080
vn 0.7420 -0.2033 0.6389
vn 0.7791 -0.1175 0.6158
vn 0.7434 -0.1587 0.6498
vn 0.4034 -0.7898 -0.4620
vn 0.3612 -0.8168 -0.4498
vn 0.6599 -0.3636 0.6575
vn -0.9696 0.0810 0.2307
vn -0.9657 0.2156 0.1450
vn -0.9711 0.0859 0.2225
vn -0.9670 0.2184 0.1312
vn 0.2855 0.2812 0.9162
vn 0.3298 0.4337 0.8386
vn 0.3380 0.4088 0.8477
vn 0.2839 0.3099 0.9074
vn 0.7089 -0.6857 -0.1651
vn 0.7133 -0.6795 -0.1717
vn 0.7125 -0.6803 -0.1717
vn 0.7062 -0.6884 -0.1652
vn -0.2116 -0.7401 -0.6383
vn -0.2152 -0.7318 -0.6466
vn -0.2371 -0.7393 -0.6302
vn -0.1820 -0.7305 -0.6582
vn -0.1407 -0.7346 -0.6638
vn -0.9404 -0.1078 0.3224
vn 0.0444 -0.6703 -0.7408
vn -0.6938 -0.5877 0.4162
vn -0.9440 -0.1043 0.3129
vn 0.1768 -0.0776 0.9812
vn 0.1771 -0.1088 0.9782
vn 0.6890 -0.7070 -0.1598
vn 0.6805 -0.7143 -0.1633
vn 0.1002 -0.3631 0.9263
vn -0.8181 0.2221 0.5305
vn -0.7964 0.3061 0.5216
vn -0.7823 0.1642 0.6009
vn 0.7064 0.3557 0.6120
vn 0.6945 0.3915 0.6037
vn 0.6829 0.4233 0.5954
vn 0.6642 0.4694 0.5819
vn 0.5207 -0.6828 -0.5125
vn 0.5065 -0.7135 -0.4841
vn 0.5105 -0.6949 -0.5064
vn 0.4855 -0.7373 -0.4698
vn -0.7699 0.2357 0.5931
vn -0.4426 -0.7255 -0.5270
vn -0.4407 -0.7276 -0.5256
vn -0.4399 -0.7233 -0.5323
vn -0.4167 -0.7415 -0.5258
vn -0.3110 -0.8145 -0.4898
vn -0.3682 -0.7735 -0.5159
vn -0.6907 -0.1012 0.7160
vn -0.5787 -0.3846 0.7192
vn -0.6853 -0.1308 0.7164
vn 0.5519 -0.0271 0.8335
vn 0.5120 -0.1551 0.8449
vn 0.5524 -0.0290 0.8331
vn 0.5175 -0.1441 0.8434
vn 0.4485 -0.7837 -0.4297
vn 0.4114 -0.8079 -0.4218
vn 0.4101 -0.3864 0.8262
vn -0.6673 0.7392 -0.0908
vn -0.8744 0.4622 -0.1478
vn -0.6885 0.7248 0.0247
vn -0.8417 0.5400 0.0029
vn -0.9451 0.3072 0.1111
vn -0.9088 0.3445 0.2354
vn -0.9556 0.2485 0.1585
vn -0.9237 0.3607 0.1294
vn -0.9655 0.2308 0.1207
vn -0.5123 0.8517 0.1100
vn -0.7021 0.7028 0.1148
vn -0.9567 0.2909 -0.0055
vn -0.8950 0.4187 -0.1539
vn -0.9377 0.1011 -0.3326
vn -0.9595 0.0232 -0.2808
vn -0.3923 -0.4967 0.7742
vn -0.4422 -0.5364 0.7188
vn -0.4573 -0.6656 0.5898
vn -0.4663 -0.7081 0.5302
vn -0.3853 -0.6339 0.6706
vn -0.4435 -0.7524 0.4870
vn -0.3754 -0.6799 0.6299
vn -0.4687 -0.7632 0.4448
vn -0.4415 -0.6152 0.6532
vn -0.8711 -0.3726 -0.3199
vn -0.9825 -0.1550 -0.1031
vn -0.8352 -0.5419 -0.0937
vn -0.9310 -0.3519 0.0973
vn -0.7598 -0.6444 0.0861
vn -0.6742 -0.7091 0.2064
vn -0.8485 -0.4883 0.2042
vn -0.7145 -0.5880 0.3791
vn -0.5709 -0.7310 0.3737
vn -0.5903 -0.6356 0.4975
vn -0.4848 -0.5562 0.6750
vn -0.6677 -0.4723 0.5754
vn -0.6741 -0.2156 0.7065
vn -0.2773 0.8537 0.4408
vn -0.0958 0.8960 0.4336
vn 0.0250 0.9670 0.2536
vn 0.1124 0.9731 0.2013
vn 0.0955 0.9556 0.2788
vn 0.1585 0.9683 0.1929
vn 0.0321 0.9491 0.3134
vn -0.1214 0.8153 0.5662
vn -0.2330 0.7346 0.6372
vn -0.2753 0.5156 0.8114
vn -0.5763 0.5671 0.5885
vn -0.5656 0.7521 0.3383
vn -0.8398 0.2543 0.4796
vn -0.8143 0.5027 0.2903
vn -0.5734 0.2876 0.7672
vn -0.9339 -0.1509 0.3242
vn -0.9834 0.0460 0.1755
vn -0.8170 -0.3297 0.4731
vn -0.7753 -0.0145 0.6314
vn -0.0540 0.8033 0.5932
vn -0.0799 0.7916 0.6058
vn -0.1607 0.7498 0.6419
vn 0.8381 -0.4649 0.2856
vn 0.8749 -0.4486 0.1825
vn 0.9379 -0.3397 0.0699
vn 0.9399 -0.3299 -0.0878
vn -0.3237 -0.8780 -0.3527
vn -0.3000 -0.8757 -0.3784
vn -0.3652 -0.8434 -0.3941
vn -0.2761 -0.8953 -0.3496
vn 0.0643 0.8467 0.5282
vn -0.9991 0.0407 0.0143
vn -0.9995 0.0301 0.0079
vn -0.9970 0.0772 0.0049
vn -0.9998 -0.0130 0.0128
vn -0.2673 -0.8726 -0.4089
vn 0.4918 -0.7548 0.4340
vn 0.6266 -0.6704 0.3975
vn 0.6776 -0.6676 0.3086
vn -0.7383 -0.0310 -0.6737
vn -0.2052 0.3290 0.9218
vn -0.3060 0.0874 0.9480
vn -0.2043 0.2799 0.9380
vn -0.1578 0.4396 0.8842
vn -0.1693 0.4632 0.8699
vn -0.9926 -0.1214 -0.0022
vn -0.9977 -0.0681 -0.0019
vn 0.1497 -0.3662 0.9184
vn 0.3321 -0.0704 0.9406
vn 0.0621 -0.1760 0.9824
vn 0.2969 -0.5954 0.7466
vn 0.4891 -0.4525 0.7457
vn 0.4260 -0.4674 0.7746
vn 0.3665 -0.8731 0.3215
vn -0.1249 -0.6481 0.7513
vn 0.0127 -0.8663 0.4994
vn -0.1066 -0.9920 -0.0672
vn -0.0830 -0.9887 -0.1249
vn -0.1807 -0.9139 -0.3635
vn -0.2888 -0.7040 -0.6488
vn -0.2687 -0.7194 -0.6406
vn 0.1886 -0.7265 0.6608
vn 0.0612 -0.8165 0.5740
vn 0.0905 -0.9945 0.0523
vn -0.0886 -0.9957 -0.0283
vn -0.0234 -0.9634 0.2670
vn -0.1527 -0.8992 0.4100
vn -0.1472 -0.8486 -0.5081
vn -0.2209 -0.6058 -0.7644
vn -0.0676 -0.9973 0.0277
vn -0.1171 -0.9881 -0.0995
vn -0.1434 -0.9544 -0.2618
vn -0.1956 -0.5970 -0.7780
vn -0.2121 -0.5954 -0.7750
vn -0.0948 -0.6376 -0.7645
vn -0.0773 -0.6428 -0.7621
vn -0.0785 -0.9846 -0.1564
vn -0.1221 -0.9567 -0.2644
vn 0.1297 -0.9782 0.1619
vn -0.0718 -0.8234 0.5629
vn -0.2592 -0.7929 0.5515
vn -0.1356 -0.8022 0.5815
vn 0.4079 0.1645 0.8981
vn 0.5273 0.5499 0.6477
vn 0.4202 0.3419 0.8406
vn 0.5840 0.5864 0.5613
vn 0.5424 0.5616 0.6248
vn -0.2455 0.6587 0.7113
vn -0.2195 0.6132 0.7588
vn -0.2719 0.7029 0.6573
vn -0.3302 0.6876 0.6467
vn -0.2997 0.7661 0.5686
vn -0.3606 0.7028 0.6132
vn -0.3778 0.6383 0.6708
vn -0.4017 0.7221 0.5632
vn -0.4190 0.6980 0.5807
vn -0.3781 0.7690 0.5154
vn -0.4060 0.6909 0.5981
vn 0.3910 -0.1636 0.9057
vn 0.7078 -0.1474 0.6908
vn 0.5044 -0.2972 0.8108
vn 0.5628 0.6079 0.5600
vn 0.9978 0.0289 0.0598
vn 0.9917 -0.0508 0.1185
vn 0.9940 0.0142 0.1084
vn 0.5309 0.7000 0.4777
vn 0.5168 0.7136 0.4730
vn 0.5208 0.7111 0.4723
vn 0.9914 0.1203 0.0505
vn 0.9823 0.1435 0.1208
vn 0.9751 0.2087 0.0747
vn 0.5249 0.6962 0.4897
vn 0.9692 0.1592 0.1878
vn 0.5272 0.6399 0.5591
vn 0.9575 0.1078 0.2674
vn 0.9508 0.0923 0.2957
vn 0.9387 0.0475 0.3415
vn 0.5358 0.6131 0.5805
vn 0.5597 -0.4642 0.6865
vn 0.5564 -0.4786 0.6792
vn 0.5565 -0.4782 0.6794
vn 0.9542 0.0487 0.2953
vn 0.5531 -0.4925 0.6720
vn 0.1249 0.1116 0.9859
vn 0.1247 0.1079 0.9863
vn 0.1199 0.0261 0.9924
vn 0.1292 0.2047 0.9703
vn 0.5310 0.5839 0.6141
vn 0.5316 0.5819 0.6155
vn -0.4422 0.3930 -0.8062
vn -0.5657 0.2641 -0.7812
vn -0.4488 0.3585 -0.8185
vn -0.6807 0.3480 0.6446
vn -0.6593 0.3614 0.6594
vn -0.5514 0.4806 0.6819
vn -0.5238 0.4855 0.6999
vn 0.3209 -0.7494 0.5792
vn 0.3016 -0.7640 0.5704
vn 0.2964 -0.7498 0.5915
vn 0.3163 -0.7691 0.5554
vn -0.5526 0.2996 -0.7778
vn 0.3822 -0.7934 -0.4738
vn 0.3687 -0.8064 -0.4623
vn 0.3897 -0.7816 -0.4871
vn 0.3618 -0.8149 -0.4528
vn 0.3547 -0.8228 -0.4441
vn -0.7860 -0.0888 -0.6118
vn 0.3707 -0.8226 -0.4312
vn -0.8379 -0.3336 -0.4320
vn -0.7882 -0.0636 -0.6121
vn -0.8018 0.1521 0.5779
vn -0.8032 0.1707 0.5707
vn 0.2735 -0.7619 0.5871
vn 0.2742 -0.7388 0.6156
vn -0.9128 -0.3019 0.2752
vn -0.7638 0.4491 -0.4636
vn -0.8454 0.3674 -0.3877
vn -0.7568 0.4661 -0.4583
vn 0.0191 0.2591 0.9657
vn 0.0098 0.2643 0.9644
vn 0.0708 0.3363 0.9391
vn 0.0584 0.3368 0.9398
vn 0.5688 -0.7912 0.2248
vn 0.5543 -0.8104 0.1900
vn 0.5555 -0.7896 0.2609
vn 0.5674 -0.8049 0.1739
vn -0.8297 0.3535 -0.4319
vn 0.0124 -0.7027 -0.7114
vn 0.0131 -0.7347 -0.6782
vn 0.0097 -0.6886 -0.7251
vn 0.0027 -0.7410 -0.6715
vn 0.0872 -0.7734 -0.6279
vn -0.9599 0.2262 -0.1656
vn 0.1932 -0.7807 -0.5943
vn -0.9323 -0.3028 0.1979
vn -0.9809 0.1909 0.0375
vn -0.0862 0.1708 0.9815
vn -0.0974 0.2029 0.9743
vn 0.4986 -0.8570 0.1304
vn 0.4800 -0.8708 0.1061
vn -0.4634 -0.4628 0.7557
vn -0.7206 0.3808 -0.5793
vn -0.7971 0.2729 -0.5387
vn -0.7141 0.4040 -0.5717
vn -0.2969 0.2658 0.9172
vn -0.3542 0.2795 0.8924
vn -0.2606 0.3934 0.8817
vn -0.3272 0.3855 0.8627
vn 0.5333 -0.7714 0.3473
vn 0.5222 -0.7733 0.3597
vn 0.5402 -0.7705 0.3386
vn 0.5155 -0.7773 0.3606
vn -0.7978 0.2491 -0.5491
vn 0.2374 -0.7610 -0.6037
vn 0.2410 -0.7640 -0.5985
vn 0.2373 -0.7644 -0.5995
vn 0.2308 -0.7609 -0.6064
vn 0.3036 -0.7679 -0.5640
vn -0.9015 0.0883 -0.4236
vn 0.4340 -0.7532 -0.4943
vn -0.8820 -0.4415 -0.1646
vn -0.9255 0.0777 -0.3707
vn -0.5045 0.1752 0.8454
vn -0.5611 0.3703 0.7403
vn 0.5187 -0.7552 0.4007
vn 0.5244 -0.7410 0.4194
vn -0.6639 -0.3272 0.6724
vn -0.0818 -0.9859 0.1458
vn -0.0821 -0.9855 0.1483
vn -0.1566 -0.9875 0.0156
vn 0.0423 -0.9727 0.2283
vn 0.0587 0.0269 -0.9979
vn 0.1492 -0.3028 -0.9413
vn 0.1607 -0.3138 -0.9358
vn -0.0131 -0.2592 -0.9657
vn 0.0719 -0.6944 -0.7160
vn 0.1050 -0.9495 -0.2956
vn 0.1566 -0.8446 -0.5120
vn 0.0494 -0.6964 -0.7160
vn -0.0112 -0.9765 -0.2152
vn 0.0521 -0.9893 -0.1364
vn -0.0703 -0.9639 -0.2567
vn -0.0701 -0.9933 -0.0917
vn -0.0705 -0.9768 -0.2022
vn -0.1073 -0.9906 -0.0850
vn -0.0487 0.0038 -0.9988
vn -0.1220 -0.9567 -0.2644
vn 0.1298 -0.9782 0.1620
vn 0.2139 -0.9756 0.0495
vn -0.1048 -0.9712 0.2139
vn 0.0835 -0.9962 0.0228
vn -0.3050 -0.9490 0.0795
vn -0.2731 -0.9596 -0.0668
vn -0.4343 -0.8287 0.3532
vn 0.4344 -0.8018 0.4104
vn 0.5977 -0.7891 0.1413
vn -0.9673 -0.2175 -0.1307
vn -0.9533 -0.2516 -0.1673
vn -0.9714 -0.2004 -0.1275
vn -0.6953 -0.6533 -0.2995
vn -0.6487 -0.7439 -0.1606
vn -0.6789 -0.6878 -0.2569
vn 0.0070 -0.8630 -0.5052
vn 0.0242 -0.9242 -0.3811
vn -0.0929 -0.9861 -0.1380
vn 0.6997 -0.7090 -0.0878
vn 0.6733 -0.6866 -0.2744
vn 0.6874 -0.6554 -0.3129
vn -0.0817 -0.9617 -0.2615
vn -0.0031 -0.6616 -0.7499
vn 0.1517 -0.3150 -0.9369
vn 0.1600 -0.4239 -0.8915
vn -0.0383 -0.6530 -0.7564
vn 0.2023 -0.9687 0.1437
vn 0.1229 -0.9924 0.0052
vn 0.2772 -0.9569 -0.0867
vn 0.2165 -0.9552 -0.2020
vn 0.4141 -0.8465 -0.3347
vn 0.0878 -0.9855 0.1451
vn 0.0633 -0.0946 0.9935
vn -0.0175 0.0876 0.9960
vn -0.0752 -0.1316 0.9884
vn -0.1312 0.0828 0.9879
vn -0.2470 0.0635 0.9669
vn 0.1735 -0.4562 -0.8728
vn 0.1240 -0.4727 -0.8725
vn -0.0011 -0.4567 -0.8896
vn -0.2570 -0.1902 0.9475
vn -0.1040 -0.9946 0.0015
vn -0.1426 -0.9805 0.1354
vn 0.0343 -0.4361 -0.8993
vn -0.0364 -0.9880 -0.1500
vn -0.0437 -0.4383 -0.8978
vn -0.1819 -0.9697 -0.1633
vn -0.0482 -0.4405 -0.8965
vn -0.8575 -0.2843 -0.4288
vn -0.8649 -0.3038 -0.3995
vn -0.8634 -0.2995 -0.4060
vn -0.2002 -0.9797 0.0117
vn -0.8707 -0.3211 -0.3725
vn -0.2543 0.0334 0.9666
vn -0.2938 -0.2119 0.9321
vn -0.2441 -0.9579 0.1508
vn -0.9292 -0.2390 0.2818
vn -0.9231 -0.2028 0.3268
vn -0.9358 0.0592 0.3474
vn -0.9243 0.0683 0.3755
vn -0.8824 0.3087 0.3550
vn -0.8737 0.3119 0.3733
vn -0.8829 0.3241 0.3397
vn -0.8702 0.3452 0.3515
vn -0.9653 -0.2532 -0.0643
vn -0.9706 -0.1670 -0.1735
vn -0.9684 -0.2383 -0.0737
vn -0.8649 0.3223 0.3848
vn -0.8688 0.3035 0.3912
vn -0.9443 -0.3193 0.0799
vn -0.6878 -0.6620 -0.2977
vn -0.6480 -0.7510 -0.1265
vn -0.6276 -0.7575 -0.1798
vn -0.9603 -0.2730 0.0584
vn -0.8644 0.2504 0.4361
vn -0.8829 0.2467 0.3994
vn -0.9514 -0.2680 0.1514
vn -0.5904 -0.7995 -0.1106
vn -0.5694 -0.8066 -0.1585
vn -0.9700 -0.2035 0.1328
vn -0.4422 -0.3099 0.8417
vn -0.4430 -0.3141 0.8397
vn -0.4550 -0.3910 0.8001
vn -0.4252 -0.2243 0.8768
vn -0.0880 -0.8770 0.4723
vn -0.0933 -0.8758 0.4735
vn 0.0516 -0.8998 0.4332
vn -0.2169 -0.8387 0.4996
vn -0.6924 -0.6717 -0.2636
vn 0.1125 -0.8842 -0.4534
vn 0.1580 -0.9008 -0.4045
vn 0.1495 -0.9290 -0.3386
vn 0.1066 -0.9147 -0.3899
vn 0.0912 -0.9485 -0.3034
vn 0.0216 -0.9200 -0.3912
vn 0.7552 -0.6073 -0.2467
vn 0.7547 -0.6391 -0.1479
vn 0.7865 -0.5893 -0.1849
vn 0.7274 -0.6497 -0.2207
vn 0.7167 -0.6165 -0.3259
vn 0.6992 -0.6528 -0.2916
vn 0.0830 -0.9859 -0.1455
vn 0.3021 -0.9503 -0.0755
vn 0.3176 -0.9480 -0.0220
vn -0.4278 -0.7992 0.4223
vn -0.9756 -0.1447 -0.1653
vn -0.8868 0.3650 0.2835
vn -0.8674 0.4346 0.2425
vn -0.3590 -0.1443 0.9221
vn -0.3076 -0.1500 0.9396
vn -0.2439 -0.1563 0.9571
vn 0.5687 -0.3255 0.7554
vn 0.5141 -0.3086 0.8003
vn 0.6468 -0.2525 0.7197
vn 0.5828 -0.2884 0.7597
vn -0.1955 -0.1606 0.9675
vn -0.4190 -0.8077 0.4148
vn 0.1355 -0.9821 0.1304
vn 0.2719 -0.9622 0.0176
vn 0.3518 -0.9361 -0.0007
vn 0.5950 -0.2294 0.7703
vn 0.6362 -0.1985 0.7456
vn 0.4501 -0.2699 0.8512
vn 0.0874 -0.9710 0.2225
vn 0.4307 -0.2743 0.8598
vn -0.0237 -0.9945 0.1016
vn -0.0722 -0.9240 0.3754
vn 0.3914 -0.2880 0.8740
vn 0.4188 -0.3019 0.8564
vn -0.4926 -0.2689 0.8277
vn -0.5045 -0.2804 0.8166
vn -0.5114 -0.2871 0.8100
vn -0.9049 -0.2803 0.3202
vn -0.9037 -0.2731 0.3297
vn -0.9075 -0.2995 0.2946
vn -0.5246 -0.3001 0.7967
vn -0.1739 -0.9630 0.2060
vn -0.8984 -0.2470 0.3632
vn -0.6559 0.0451 -0.7535
vn -0.6709 -0.1939 -0.7158
vn -0.6726 -0.0044 -0.7400
vn -0.5321 0.0167 -0.8465
vn -0.5864 -0.1705 -0.7919
vn -0.2917 -0.9544 0.0629
vn -0.1039 -0.9940 -0.0344
vn -0.4498 -0.1416 -0.8818
vn -0.4377 -0.0456 -0.8980
vn -0.4040 -0.1259 -0.9061
vn -0.2894 -0.9316 -0.2198
vn -0.3661 -0.9306 -0.0014
vn -0.2004 -0.9797 0.0081
vn -0.0435 -0.9940 0.1001
vn 0.0775 -0.9959 0.0467
vn 0.0743 -0.9963 -0.0435
vn 0.0162 -0.9905 0.1369
vn 0.1134 -0.9860 0.1225
vn -0.8532 -0.4849 0.1921
vn -0.6937 -0.4174 0.5869
vn -0.8596 -0.4865 0.1559
vn -0.6849 -0.4132 0.6002
vn 0.2416 -0.0077 0.9703
vn 0.4179 0.0574 0.9067
vn 0.2156 -0.0737 0.9737
vn 0.2815 0.0516 0.9582
vn 0.0169 -0.9846 0.1741
vn 0.1363 -0.1959 0.9711
vn 0.1407 0.0221 0.9898
vn -0.8185 -0.5716 0.0573
vn -0.8247 -0.5656 0.0048
vn -0.8194 -0.5710 0.0513
vn -0.8248 -0.5654 0.0031
vn -0.3077 -0.2489 -0.9183
vn -0.2568 -0.2480 -0.9341
vn -0.2279 -0.1032 -0.9682
vn -0.3005 -0.0820 -0.9503
vn -0.3236 -0.2369 -0.9161
vn -0.4208 -0.0742 -0.9041
vn -0.0281 -0.9996 -0.0084
vn -0.0125 -0.9957 0.0922
vn -0.1024 -0.9544 0.2803
vn 0.1466 -0.2266 0.9629
vn 0.1245 -0.0352 0.9916
vn -0.6907 -0.3836 0.6130
vn -0.6771 -0.3540 0.6451
vn -0.6723 -0.3442 0.6553
vn -0.1125 -0.9861 0.1220
vn -0.6556 -0.3113 0.6880
vn -0.4299 -0.2320 -0.8726
vn -0.4553 -0.0968 -0.8851
vn -0.1689 -0.9856 -0.0030
vn -0.9460 -0.3188 -0.0592
vn -0.9500 -0.3014 -0.0815
vn -0.9492 -0.3052 -0.0766
vn -0.9523 -0.2894 -0.0965
vn -0.0061 0.6362 0.7715
vn 0.0816 0.6584 0.7483
vn 0.0199 0.6496 0.7600
vn 0.0839 0.6627 0.7441
vn 0.0827 -0.3218 0.9432
vn 0.0033 -0.3729 0.9279
vn 0.0458 -0.2979 0.9535
vn -0.0084 -0.3833 0.9236
vn 0.0096 -0.3952 0.9185
vn -0.4171 0.9077 -0.0461
vn -0.3673 0.9177 -0.1512
vn -0.3940 0.9128 -0.1077
vn -0.0991 -0.3529 0.9304
vn -0.0928 -0.3324 0.9386
vn -0.1010 0.5463 0.8315
vn -0.1139 0.5141 0.8501
vn -0.8240 -0.3718 0.4275
vn -0.6552 -0.3634 0.6622
vn -0.6499 -0.3909 0.6518
vn -0.7004 0.3575 0.6177
vn -0.7693 0.3674 0.5226
vn -0.6876 0.3146 0.6544
vn -0.8720 0.1398 0.4690
vn -0.8941 0.0440 0.4456
vn -0.8558 -0.3317 0.3970
vn -0.9594 -0.1519 0.2375
vn -0.9558 -0.0884 0.2804
vn -0.8990 -0.0916 -0.4282
vn -0.9070 -0.0810 -0.4134
vn -0.9091 -0.0110 -0.4165
vn -0.9037 -0.0292 -0.4272
vn -0.7147 -0.3707 -0.5931
vn -0.8619 -0.0275 -0.5064
vn -0.9406 0.1299 -0.3138
vn -0.8943 0.4412 -0.0744
vn -0.9385 0.3444 -0.0228
vn -0.9406 0.1300 -0.3138
vn -0.9563 -0.0853 0.2796
vn -0.6384 -0.5147 -0.5723
vn -0.6357 -0.3689 -0.6780
vn -0.3426 -0.0518 -0.9380
vn -0.3231 -0.0864 -0.9424
vn -0.3505 -0.0371 -0.9358
vn 0.3987 -0.0147 -0.9170
vn 0.3955 -0.0608 -0.9164
vn 0.3827 -0.0107 -0.9238
vn -0.3204 -0.1309 -0.9382
vn 0.9686 0.0262 -0.2472
vn 0.8702 0.0127 -0.4925
vn 0.9618 -0.0085 -0.2735
vn 0.9691 0.0828 -0.2322
vn 0.8843 0.0651 -0.4624
vn 0.8784 0.0166 -0.4777
vn 0.3977 -0.0992 -0.9121
vn 0.8935 -0.0146 -0.4488
vn 0.8523 0.0332 -0.5221
vn 0.8805 -0.0437 -0.4721
vn -0.1733 -0.5735 -0.8007
vn 0.0366 -0.6937 -0.7193
vn -0.1529 -0.5057 -0.8491
vn 0.1749 -0.4970 -0.8499
vn -0.3084 -0.1778 -0.9345
vn -0.2891 -0.1326 -0.9481
vn 0.5057 -0.4264 -0.7499
vn 0.6944 -0.5957 -0.4036
vn 0.5211 -0.5922 -0.6146
vn 0.6894 -0.6093 -0.3918
vn 0.8437 -0.5280 0.0972
vn 0.9733 -0.2295 -0.0050
vn 0.8598 -0.5029 0.0885
vn 0.9156 -0.4020 -0.0093
vn 0.9539 -0.2976 -0.0391
vn 0.8067 -0.5908 -0.0115
vn 0.8348 -0.5345 0.1319
vn 0.9430 -0.2903 0.1625
vn -0.9440 -0.3299 -0.0113
vn -0.9584 -0.2831 -0.0352
vn -0.6268 -0.4287 0.6507
vn -0.6526 -0.4673 0.5964
vn -0.6543 -0.4700 0.5924
vn -0.6735 -0.5009 0.5436
vn -0.1183 -0.6206 0.7751
vn -0.1158 -0.6184 0.7773
vn -0.0856 -0.5915 0.8017
vn -0.1444 -0.6428 0.7523
vn 0.6789 -0.5162 0.5222
vn 0.7727 -0.4073 0.4869
vn 0.8368 -0.2265 0.4984
vn 0.8721 -0.1798 0.4552
vn -0.9378 -0.3062 0.1636
vn -0.9849 -0.1273 0.1176
vn -0.9963 -0.0418 0.0756
vn -0.8212 -0.5091 0.2579
vn 0.9220 -0.2358 0.3072
vn 0.8214 -0.5022 0.2706
vn 0.4502 -0.6258 0.6370
vn 0.4344 -0.6004 0.6715
vn 0.2171 -0.6125 0.7601
vn 0.1742 -0.5896 0.7887
vn -0.9575 -0.1596 0.2401
vn -0.9441 -0.2144 0.2504
vn -0.9649 -0.1623 0.2062
vn -0.0792 -0.5570 0.8267
vn -0.0586 -0.5751 0.8160
vn -0.9342 -0.2030 0.2933
vn 0.9770 -0.1562 0.1448
vn 0.9094 -0.3208 0.2648
vn 0.8721 -0.3024 0.3847
vn 0.9874 -0.1360 0.0803
vn -0.2826 -0.6663 0.6901
vn -0.3031 -0.6520 0.6950
vn -0.0719 -0.6788 0.7308
vn -0.1271 -0.6725 0.7291
vn 0.1419 -0.6623 0.7357
vn 0.1288 -0.6711 0.7301
vn -0.1275 0.4971 0.8583
vn -0.1531 0.6562 0.7389
vn -0.1577 0.5691 0.8070
vn -0.2377 0.9579 0.1612
vn -0.2529 0.9643 0.0786
vn -0.4380 0.8878 0.1417
vn -0.5081 0.8267 0.2416
vn -0.4618 0.8860 0.0428
vn -0.4803 0.8540 0.1998
vn -0.9735 -0.1709 -0.1521
vn -0.9013 -0.1544 -0.4047
vn -0.8943 0.4412 -0.0745
vn -0.9457 0.2939 -0.1386
vn -0.8584 0.5010 -0.1101
vn -0.9832 -0.1675 -0.0729
vn -0.9458 0.3119 -0.0899
vn -0.9949 0.0871 -0.0512
vn -0.9958 0.0548 -0.0733
vn -0.7921 0.5867 -0.1686
vn -0.7581 0.6222 -0.1953
vn -0.8537 0.5100 -0.1059
vn 0.2555 0.7445 0.6168
vn 0.2154 0.8091 0.5468
vn 0.2739 0.7326 0.6232
vn 0.6144 0.7493 0.2472
vn 0.5563 0.7608 0.3343
vn 0.3472 0.9252 0.1534
vn 0.2041 0.9723 0.1141
vn -0.0114 0.9931 0.1166
vn 0.2946 0.9239 0.2443
vn 0.0257 0.9933 0.1131
vn 0.1445 0.9787 0.1459
vn 0.1259 0.7821 0.6103
vn 0.2566 0.8577 0.4455
vn 0.4219 0.8632 0.2775
vn 0.9940 0.0045 0.1092
vn 0.9956 0.0644 0.0679
vn 0.9733 -0.2294 -0.0049
vn 0.9991 0.0241 0.0352
vn 0.9854 0.1588 0.0610
vn 0.9539 -0.2975 -0.0391
vn 0.9840 0.1535 -0.0901
vn 0.9840 0.1589 0.0804
vn 0.3825 0.9177 0.1069
vn 0.9498 0.3121 0.0215
vn 0.9862 0.1438 0.0824
vn 0.9431 -0.2902 0.1625
vn -0.0845 0.4864 0.8696
vn -0.6278 0.7742 0.0806
vn -0.6118 0.6736 0.4147
vn -0.5953 0.7311 0.3333
vn -0.5106 0.5955 0.6202
vn -0.3985 0.5325 0.7468
vn 0.1462 0.4841 0.8627
vn 0.1761 0.5025 0.8464
vn 0.2670 0.5546 0.7881
vn -0.0086 0.3798 0.9250
vn -0.0963 0.9577 0.2712
vn 0.3785 0.9058 0.1903
vn 0.9288 0.3114 0.2010
vn 0.3081 0.9410 0.1400
vn 0.9220 -0.2357 0.3072
vn 0.4488 0.3726 0.8122
vn 0.4707 0.1669 0.8664
vn 0.4265 0.3527 0.8329
vn 0.9392 0.0848 0.3328
vn 0.4829 -0.0396 0.8748
vn 0.4751 -0.0324 0.8793
vn 0.4762 0.1845 0.8598
vn -0.0214 -0.0732 0.9971
vn -0.0421 -0.0608 0.9973
vn -0.0731 -0.0421 0.9964
vn -0.9558 -0.1145 0.2708
vn -0.9575 -0.1595 0.2402
vn 0.0124 -0.0934 0.9956
vn -0.0269 0.4240 0.9053
vn -0.0266 0.4238 0.9054
vn -0.0785 0.4601 0.8844
vn 0.0165 0.3923 0.9197
vn -0.9523 -0.1214 0.2801
vn 0.9789 0.0679 0.1925
vn 0.9875 -0.1359 0.0804
vn 0.9771 -0.1561 0.1448
vn 0.9603 0.0778 0.2679
vn 0.1892 0.0508 0.9806
vn 0.2052 0.0405 0.9779
vn 0.1981 0.0450 0.9791
vn 0.2137 0.0349 0.9763
vn -0.3921 0.0286 0.9195
vn -0.3845 0.0340 0.9225
vn -0.4011 0.0221 0.9158
vn -0.3749 0.0409 0.9261
vn -0.9849 -0.1272 0.1176
vn -0.9933 -0.0034 0.1151
vn -0.9921 -0.0093 0.1252
vn -0.1123 0.6843 0.7205
vn -0.5265 0.8021 0.2817
vn -0.4851 0.8319 0.2695
vn 0.7384 -0.0456 0.6728
vn 0.8368 -0.2264 0.4985
vn 0.8721 -0.1797 0.4552
vn -0.1009 0.5963 0.7964
vn 0.6309 -0.0097 0.7758
vn -0.1626 0.0587 0.9849
vn -0.1788 0.0718 0.9813
vn -0.1730 0.0671 0.9826
vn -0.1886 0.0797 0.9788
vn -0.7289 0.0847 0.6794
vn -0.7343 0.0901 0.6728
vn -0.7323 0.0881 0.6752
vn -0.7371 0.0930 0.6693
vn 0.8284 -0.1496 0.5398
vn 0.8553 -0.2389 0.4598
vn 0.8250 -0.1455 0.5462
vn 0.8666 -0.2075 0.4539
vn 0.8335 -0.1781 0.5230
vn 0.8778 -0.1691 0.4481
vn 0.7785 -0.2198 0.5879
vn 0.7255 -0.2027 0.6577
vn 0.8412 -0.1403 0.5221
vn 0.8641 -0.1583 0.4778
vn 0.8077 -0.2093 0.5511
vn -0.9994 -0.0170 0.0288
vn -0.9971 -0.0763 0.0031
vn -0.9652 0.0456 0.2577
vn -0.9717 -0.0082 0.2359
vn -0.8777 0.0564 0.4759
vn -0.8843 -0.0295 0.4661
vn -0.1155 -0.0255 0.9930
vn 0.0240 -0.1763 0.9840
vn -0.1014 0.0622 0.9929
vn 0.0687 -0.0768 0.9947
vn 0.0644 -0.1646 0.9842
vn 0.2131 -0.2321 0.9491
vn 0.2741 -0.1606 0.9482
vn 0.0509 -0.3032 0.9516
vn 0.2251 -0.2663 0.9372
vn 0.0266 -0.3815 0.9240
vn 0.1685 -0.3545 0.9198
vn 0.0211 -0.4060 0.9136
vn 0.1594 -0.3861 0.9086
vn 0.1293 -0.3285 0.9356
vn 0.5563 0.7607 0.3344
vn 0.5887 0.3946 0.7055
vn 0.5619 0.3226 0.7617
vn 0.7007 -0.1801 0.6904
vn 0.6828 -0.2116 0.6993
vn 0.6441 -0.2526 0.7220
vn 0.6541 0.6423 0.3996
vn 0.7594 -0.1423 0.6348
vn 0.9715 0.0114 0.2368
vn 0.8018 -0.1179 0.5859
vn 0.9720 -0.0150 0.2346
vn 0.9686 0.0262 -0.2471
vn 0.9619 -0.0085 -0.2734
vn 0.9692 0.0828 -0.2322
vn 0.9789 0.0397 0.2005
vn 0.6144 0.7492 0.2473
vn 0.9956 0.0644 0.0678
vn 0.6854 0.6863 0.2435
vn 0.8406 -0.5257 0.1302
vn 0.9525 -0.2407 0.1867
vn 0.6958 -0.7173 -0.0367
vn 0.9507 -0.3061 -0.0487
vn 0.9808 -0.0992 0.1677
vn 0.9970 -0.0613 -0.0470
vn 0.9829 -0.0663 0.1720
vn 0.9990 -0.0193 -0.0402
vn 0.9784 -0.0333 0.2040
vn 0.9996 0.0249 -0.0135
vn 0.0336 0.9691 -0.2442
vn 0.1051 0.9027 -0.4174
vn 0.0172 0.9582 -0.2857
vn 0.0805 0.9532 -0.2914
vn 0.1420 0.2783 -0.9499
vn 0.0587 0.0271 -0.9979
vn 0.1277 0.2955 -0.9468
vn 0.0386 0.2641 -0.9637
vn -0.2347 -0.1765 -0.9559
vn -0.4111 -0.2694 -0.8709
vn -0.2888 -0.7040 -0.6489
vn -0.4787 -0.4459 -0.7563
vn -0.2613 0.4728 -0.8416
vn -0.3296 0.3917 -0.8591
vn -0.2225 0.2534 -0.9414
vn -0.2864 0.6035 -0.7441
vn 0.0036 0.9743 -0.2252
vn -0.2671 0.9252 -0.2695
vn -0.1091 0.8501 -0.5153
vn -0.1413 0.0572 -0.9883
vn -0.3312 -0.0208 -0.9433
vn -0.1688 0.6843 -0.7094
vn -0.1555 0.9874 -0.0300
vn -0.2603 0.7568 -0.5996
vn 0.0859 0.9963 0.0055
vn -0.0740 0.1094 -0.9912
vn -0.1555 0.0974 -0.9830
vn -0.0273 0.7921 -0.6098
vn -0.0486 0.0039 -0.9988
vn -0.1690 0.7939 -0.5841
vn 0.1378 0.8569 -0.4966
vn 0.0036 0.8390 -0.5441
vn -0.0147 0.1828 -0.9830
vn 0.1334 0.9910 -0.0087
vn 0.0883 0.9956 0.0321
vn 0.0612 0.9979 0.0207
vn 0.1170 0.9911 0.0640
vn 0.2666 0.7080 0.6540
vn 0.3183 0.6665 0.6742
vn 0.0752 0.7195 0.6904
vn 0.2577 0.8164 0.5168
vn -0.0114 0.8531 0.5216
vn -0.3217 0.8364 -0.4437
vn 0.3435 0.8170 0.4632
vn 0.0284 0.9887 0.1471
vn -0.2139 0.9388 0.2699
vn -0.1528 0.9522 0.2644
vn -0.1434 0.8901 0.4326
vn -0.1004 0.9670 0.2341
vn -0.1370 0.8365 0.5306
vn -0.0084 0.8093 0.5874
vn -0.1004 0.9670 0.2340
vn -0.1186 0.9929 -0.0108
vn -0.1298 0.9915 0.0045
vn -0.1296 0.9915 -0.0135
vn -0.3058 0.6674 -0.6790
vn -0.2681 0.6437 -0.7168
vn -0.2701 0.6476 -0.7125
vn -0.2894 0.6604 -0.6929
vn -0.1759 0.6956 -0.6965
vn -0.2212 0.7284 -0.6484
vn -0.1601 0.8072 -0.5681
vn -0.0916 0.7525 -0.6522
vn 0.0152 0.9914 0.1301
vn 0.0690 0.9970 0.0342
vn -0.2473 0.2180 -0.9441
vn -0.1927 0.0558 -0.9797
vn -0.1428 0.1219 -0.9822
vn -0.1125 0.0603 -0.9918
vn -0.2172 -0.0318 -0.9756
vn -0.2978 -0.1004 -0.9493
vn -0.2839 -0.1451 -0.9478
vn -0.3286 -0.1759 -0.9279
vn -0.1981 -0.7876 -0.5835
vn -0.2509 -0.7856 -0.5656
vn -0.1500 -0.7445 -0.6506
vn -0.0914 -0.7092 -0.6991
vn -0.2355 -0.5621 -0.7928
vn -0.1101 -0.8364 -0.5369
vn -0.0963 -0.6696 -0.7365
vn -0.0514 -0.6752 -0.7359
vn 0.1207 0.2863 -0.9505
vn 0.1264 0.2662 -0.9556
vn 0.1090 0.2747 -0.9553
vn 0.0586 0.9889 0.1366
vn 0.1447 0.9460 0.2900
vn 0.3082 0.9145 0.2622
vn 0.4122 0.7529 0.5130
vn 0.3074 0.8908 0.3346
vn -0.1644 0.9863 0.0122
vn -0.0563 0.9981 -0.0232
vn -0.1738 0.9831 -0.0573
vn -0.0519 0.9951 -0.0842
vn -0.2279 -0.1031 -0.9682
vn -0.1753 -0.0165 -0.9844
vn -0.1145 -0.0398 -0.9926
vn -0.1873 0.9815 -0.0401
vn -0.1496 0.9824 -0.1122
vn -0.1925 0.9752 -0.1094
vn -0.0617 0.9796 -0.1911
vn -0.0775 0.9754 -0.2062
vn -0.0034 0.9638 -0.2666
vn 0.0943 0.2652 -0.9596
vn -0.0812 0.9530 -0.2919
vn -0.1389 0.9693 -0.2030
vn -0.1681 0.9304 -0.3257
vn 0.1098 0.2678 -0.9572
vn -0.2671 0.8967 -0.3530
vn -0.2980 0.8815 -0.3662
vn -0.3146 0.9351 -0.1630
vn -0.3086 0.8795 -0.3623
vn 0.0214 0.2948 -0.9553
vn 0.0257 0.3131 -0.9494
vn -0.1238 0.2814 -0.9516
vn -0.1348 0.2730 -0.9525
vn -0.2961 0.8839 -0.3620
vn -0.1236 0.2744 -0.9536
vn -0.1366 0.2669 -0.9540
vn -0.8395 0.2716 -0.4706
vn -0.8457 0.3222 -0.4255
vn -0.8455 0.3205 -0.4271
vn -0.3181 0.8791 -0.3550
vn -0.8479 0.3698 -0.3799
vn -0.8946 0.3132 0.3187
vn -0.9358 0.0593 0.3474
vn -0.8960 0.3396 0.2862
vn -0.2470 0.0636 0.9669
vn -0.3032 0.2904 0.9076
vn -0.2542 0.0335 0.9666
vn -0.1312 0.0829 0.9879
vn -0.3030 0.2750 0.9124
vn -0.3653 0.9016 0.2316
vn -0.4434 0.8773 0.1836
vn -0.3820 0.9050 0.1873
vn -0.4666 0.8762 0.1205
vn -0.2442 0.9693 -0.0303
vn -0.4653 0.8839 0.0468
vn -0.2019 0.2510 0.9467
vn -0.0175 0.0877 0.9960
vn -0.1073 0.2300 0.9673
vn -0.0343 0.9934 -0.1092
vn -0.0790 0.2263 0.9708
vn -0.5934 0.4829 0.6440
vn -0.7943 0.5893 0.1475
vn 0.2815 0.0517 0.9582
vn 0.0807 0.2277 0.9704
vn 0.1407 0.0222 0.9898
vn -0.7409 0.3383 0.5802
vn -0.7484 0.3560 0.5595
vn -0.7478 0.3546 0.5612
vn 0.0441 0.2526 0.9666
vn 0.1245 -0.0351 0.9916
vn -0.3734 0.9271 0.0324
vn -0.3423 0.9123 0.2250
vn -0.3697 0.9289 0.0214
vn -0.3467 0.9178 0.1933
vn -0.7549 0.3721 0.5401
vn -0.4142 0.0788 -0.9067
vn -0.3005 -0.0819 -0.9503
vn -0.4208 -0.0741 -0.9041
vn -0.4391 0.0851 -0.8944
vn -0.9296 0.3308 -0.1622
vn -0.9303 0.3297 -0.1607
vn -0.9456 0.3017 -0.1214
vn -0.9104 0.3599 -0.2039
vn -0.4666 0.8706 -0.1562
vn -0.4534 0.8825 -0.1250
vn -0.3628 0.0761 -0.9287
vn -0.3680 0.9217 -0.1226
vn -0.2809 0.9597 0.0023
vn -0.2961 0.0475 -0.9540
vn 0.1818 0.2132 0.9600
vn -0.2736 0.9532 0.1283
vn -0.2475 0.9606 -0.1262
vn -0.1910 0.9813 -0.0223
vn -0.2058 0.9755 0.0771
vn -0.1846 0.9817 0.0464
vn 0.3286 0.1508 0.9324
vn 0.3734 0.0967 0.9226
vn 0.3972 0.0874 0.9135
vn -0.2200 0.9754 -0.0137
vn -0.1035 0.9838 0.1462
vn -0.8005 0.2534 -0.5432
vn -0.7281 0.4051 0.5529
vn -0.2682 0.9633 -0.0099
vn -0.5833 0.0663 -0.8096
vn -0.4377 -0.0455 -0.8980
vn -0.5821 0.0994 -0.8070
vn -0.5321 0.0168 -0.8465
vn -0.0564 0.9339 0.3532
vn -0.1978 0.9600 0.1982
vn -0.3342 0.9414 0.0464
vn -0.6786 0.1537 -0.7182
vn -0.3773 0.9236 0.0674
vn -0.7107 0.1988 -0.6749
vn -0.6559 0.0452 -0.7535
vn -0.2377 0.9437 0.2302
vn -0.1331 0.9022 0.4104
vn -0.3800 0.9237 0.0495
vn -0.7232 0.2600 -0.6399
vn -0.6727 -0.0043 -0.7399
vn -0.9079 0.3184 0.2727
vn -0.8864 0.3506 0.3022
vn -0.8829 0.3555 0.3067
vn -0.2348 0.9442 0.2309
vn -0.8564 0.3899 0.3384
vn -0.1055 0.9003 0.4223
vn -0.4875 0.3618 0.7946
vn -0.4898 0.3647 0.7919
vn -0.4992 0.3770 0.7802
vn -0.4787 0.3506 0.8049
vn 0.3743 0.3481 0.8595
vn 0.3367 0.3491 0.8745
vn 0.3401 0.3513 0.8723
vn 0.3626 0.3252 0.8734
vn 0.5027 0.3275 0.8000
vn 0.4429 0.3178 0.8384
vn 0.5637 0.3181 0.7622
vn 0.5251 0.3151 0.7906
vn 0.5562 0.3460 0.7556
vn 0.0676 0.9975 -0.0194
vn 0.4565 0.7447 0.4869
vn 0.3371 0.7503 0.5687
vn 0.5840 -0.1243 0.8022
vn 0.4193 0.6192 0.6639
vn 0.3607 0.6105 0.7051
vn 0.2641 0.6476 0.7148
vn 0.3836 -0.1108 0.9168
vn 0.1253 -0.0280 0.9917
vn 0.2496 0.0716 0.9657
vn -0.0970 -0.8156 0.5704
vn 0.0413 0.0419 0.9983
vn 0.1898 0.1745 0.9662
vn 0.2640 0.3325 0.9054
vn 0.2508 0.4214 0.8715
vn 0.3325 0.5368 0.7754
vn -0.1101 -0.8365 -0.5368
vn 0.0355 -0.9988 0.0342
vn -0.0334 -0.9816 -0.1882
vn 0.0154 -0.9917 0.1275
vn -0.0766 -0.9893 -0.1240
vn -0.0358 -0.9959 -0.0837
vn -0.1953 -0.9805 -0.0218
vn -0.1015 -0.9937 0.0483
vn 0.0918 -0.6527 0.7520
vn 0.0746 -0.8959 0.4379
vn 0.0335 -0.8655 0.4999
vn -0.0856 -0.8054 0.5866
vn -0.0688 -0.6161 0.7847
vn 0.0387 -0.4316 0.9012
vn 0.0774 -0.1576 0.9845
vn 0.0465 0.1138 0.9924
vn 0.0439 0.1084 0.9931
vn -0.0238 0.1503 0.9884
vn 0.2453 -0.2477 0.9373
vn 0.2928 0.0423 0.9552
vn 0.1726 0.5695 0.8036
vn 0.2186 0.6581 0.7205
vn 0.1425 -0.7707 0.6211
vn 0.1029 -0.4522 0.8860
vn 0.1005 -0.1476 0.9839
vn 0.0025 0.7184 0.6956
vn 0.0911 0.0930 0.9915
vn 0.1205 0.7388 0.6631
vn -0.0535 0.9980 0.0344
vn -0.0529 0.9985 0.0100
vn 0.4330 -0.6078 -0.6656
vn 0.3417 -0.7051 -0.6213
vn 0.4138 -0.6597 -0.6273
vn 0.2523 -0.7145 -0.6525
vn 0.9087 0.2780 -0.3114
vn 0.5526 -0.4773 -0.6832
vn 0.5339 -0.4781 -0.6974
vn 0.7752 -0.2304 -0.5882
vn 0.7545 -0.2824 -0.5925
vn 0.8029 -0.1122 -0.5854
vn 0.8111 -0.0566 -0.5821
vn 0.8131 -0.0877 -0.5754
vn 0.8233 -0.0104 -0.5676
vn 0.8177 -0.0394 -0.5743
vn 0.8202 -0.0290 -0.5714
vn 0.8060 -0.0368 -0.5908
vn 0.8206 -0.0188 -0.5713
vn 0.1061 -0.1662 -0.9804
vn 0.1108 -0.2053 -0.9724
vn 0.3202 -0.1226 -0.9394
vn 0.3499 -0.1451 -0.9255
vn 0.0623 -0.2578 -0.9642
vn 0.3128 -0.2430 -0.9182
vn 0.0416 -0.2360 -0.9709
vn 0.2431 -0.3248 -0.9140
vn 0.1128 -0.3777 -0.9190
vn 0.0379 -0.2108 -0.9768
vn -0.2205 -0.1843 -0.9578
vn -0.1843 -0.0724 -0.9802
vn -0.7049 -0.0299 -0.7086
vn -0.7239 0.0396 -0.6888
vn -0.7311 -0.1171 -0.6721
vn -0.7224 -0.0811 -0.6868
vn -0.7477 -0.0903 -0.6579
vn -0.7696 -0.1423 -0.6225
vn -0.9967 -0.0795 -0.0142
vn -0.9697 -0.0651 0.2353
vn -0.8754 -0.1242 0.4673
vn -0.1643 -0.1516 0.9747
vn -0.1752 -0.2787 0.9443
vn -0.1313 -0.3801 0.9156
vn -0.1305 -0.4084 0.9034
vn -0.1155 -0.4003 0.9091
vn -0.6744 -0.3832 0.6311
vn -0.6429 -0.4414 0.6260
vn -0.9714 -0.1947 0.1355
vn -0.9536 -0.2911 0.0772
vn 0.0367 -0.0471 -0.9982
vn 0.3237 -0.0656 -0.9439
vn 0.4039 -0.0158 -0.9147
vn -0.3344 -0.1299 -0.9334
vn -0.1726 -0.1414 -0.9748
vn -0.8703 -0.1673 -0.4632
vn 0.0754 -0.0664 -0.9949
vn -0.8548 -0.1928 -0.4818
vn -0.9591 -0.1459 0.2425
vn -0.8523 -0.2019 0.4825
vn -0.9351 -0.2141 0.2823
vn -0.7941 -0.2985 0.5294
vn -0.9025 -0.2804 0.3268
vn -0.6903 -0.4088 0.5971
vn 0.1043 -0.1476 -0.9835
vn 0.3058 -0.1035 -0.9465
vn -0.0835 -0.1622 -0.9832
vn -0.0871 -0.1899 -0.9779
vn -0.9866 -0.1613 0.0234
vn -0.9806 -0.1810 0.0753
vn -0.8618 -0.1519 -0.4839
vn -0.8379 -0.2033 -0.5065
vn -0.8377 -0.1314 -0.5300
vn -0.8091 -0.1934 -0.5550
vn -0.7944 -0.1366 -0.5918
vn -0.7909 -0.1803 -0.5848
vn -0.9940 -0.1082 -0.0152
vn -0.1177 -0.1848 -0.9757
vn -0.1808 -0.1650 -0.9696
vn -0.5776 0.0778 0.8126
vn -0.2495 -0.9645 0.0860
vn -0.0827 -0.8669 -0.4916
vn -0.3346 -0.3870 0.8592
vn -0.3344 -0.3840 0.8607
vn -0.3135 -0.4085 0.8572
vn -0.1846 -0.2790 0.9424
vn -0.2088 0.3319 0.9199
vn -0.2193 0.2456 0.9442
vn -0.2164 0.6071 0.7646
vn -0.3110 0.5106 0.8016
vn -0.3327 0.1462 0.9316
vn -0.5697 0.3297 0.7528
vn -0.3316 -0.4609 0.8232
vn -0.1645 -0.2940 0.9416
vn -0.1027 -0.1888 0.9766
vn -0.2389 -0.2701 0.9327
vn -0.3632 0.9172 0.1640
vn -0.3786 0.9189 0.1106
vn -0.3419 0.9108 0.2313
vn -0.4117 0.9110 -0.0227
vn 0.5165 0.5606 0.6473
vn 0.3518 0.6608 0.6630
vn 0.4173 0.5848 0.6956
vn 0.1517 0.7596 0.6324
vn -0.0867 0.5735 0.8146
vn -0.0156 0.6497 0.7600
vn -0.1935 0.2082 0.9588
vn -0.1805 0.3302 0.9265
vn -0.4424 0.0448 0.8957
vn -0.2762 0.0369 0.9604
vn -0.1157 -0.0850 0.9896
vn -0.6067 -0.5377 0.5855
vn -0.2280 -0.1072 0.9677
vn -0.4398 0.0098 0.8980
vn -0.3577 -0.1377 0.9236
vn -0.3504 -0.0843 0.9328
vn 0.9384 0.0546 0.3411
vn 0.9181 0.0744 0.3893
vn 0.9347 0.0629 0.3498
vn -0.1070 -0.8999 -0.4229
vn -0.0756 -0.8896 -0.4505
vn -0.3349 -0.8737 -0.3528
vn 0.8721 0.2052 0.4443
vn 0.2688 0.6837 0.6785
vn 0.2460 0.6730 0.6975
vn 0.0911 0.7288 0.6786
vn -0.0356 0.7732 0.6332
vn 0.4585 0.5663 0.6849
vn 0.3141 0.6781 0.6644
vn 0.8210 0.3068 0.4814
vn 0.8852 0.1394 0.4438
vn 0.0483 -0.8522 -0.5209
vn 0.0230 -0.8287 -0.5592
vn 0.0334 -0.8320 -0.5538
vn -0.6261 -0.5102 0.5897
vn -0.5371 -0.6063 0.5864
vn -0.9013 -0.4256 -0.0803
vn -0.9717 -0.2360 0.0052
vn -0.8424 -0.5383 0.0253
vn -0.4819 0.1219 0.8677
vn -0.5221 0.1922 0.8310
vn -0.1657 0.8004 0.5761
vn -0.6211 -0.3845 0.6829
vn -0.6456 0.6739 0.3592
vn -0.7962 0.5150 -0.3177
vn -0.8036 0.4595 -0.3783
vn -0.8048 0.3753 -0.4599
vn -0.8002 0.3222 -0.5059
vn -0.8502 -0.4513 -0.2712
vn -0.9379 -0.3072 -0.1612
vn -0.9376 0.1011 -0.3326
vn -0.7773 -0.2550 -0.5751
vn -0.8481 -0.2422 -0.4712
vn -0.8655 0.0233 -0.5003
vn -0.5816 -0.3571 -0.7309
vn -0.6825 -0.1164 -0.7216
vn -0.7391 0.1465 -0.6575
vn -0.8998 0.1969 -0.3894
vn -0.6755 0.2666 -0.6875
vn -0.8697 0.1570 -0.4680
vn -0.7845 0.3609 -0.5043
vn -0.6069 0.4834 -0.6309
vn -0.4120 0.8238 -0.3895
vn -0.0000 -0.1787 -0.9839
vn -0.0000 -0.3936 -0.9193
vn -0.3928 -0.1810 -0.9016
vn -0.3250 0.6165 -0.7172
vn -0.0000 0.4209 -0.9071
vn -0.3647 0.3674 -0.8556
vn -0.0000 0.1329 -0.9911
vn -0.3901 0.1078 -0.9144
vn -0.5467 -0.7308 -0.4087
vn -0.5205 -0.6223 -0.5847
vn -0.5590 -0.7711 -0.3050
vn -0.7513 -0.3941 -0.5294
vn -0.5256 -0.8245 -0.2095
vn -0.2991 -0.4883 -0.8198
vn -0.6565 -0.1511 -0.7391
vn -0.4875 -0.6076 -0.6271
vn -0.0000 -0.5250 -0.8511
vn -0.0000 -0.5910 -0.8067
vn -0.3376 -0.5284 -0.7790
vn -0.2596 -0.5808 -0.7715
vn -0.0000 -0.5087 -0.8609
vn -0.1475 -0.1323 -0.9802
vn -0.0000 -0.1720 -0.9851
vn -0.3478 -0.4131 -0.8416
vn -0.5701 -0.5147 -0.6403
vn -0.6546 -0.5671 -0.4999
vn -0.0000 0.8761 0.4821
vn -0.0961 0.9198 0.3805
vn -0.0000 0.7363 0.6767
vn 0.1165 0.7060 0.6986
vn 0.1817 0.4311 0.8838
vn 0.0771 0.4774 0.8753
vn 0.2454 0.7251 0.6435
vn -0.1300 0.2671 0.9549
vn -0.0000 0.5745 0.8185
vn 0.0961 0.9198 0.3805
vn -0.1165 0.7060 0.6986
vn -0.0771 0.4774 0.8753
vn -0.2454 0.7251 0.6435
vn -0.1817 0.4311 0.8838
vn 0.1300 0.2671 0.9549
vn -0.0000 0.4510 0.8925
vn -0.0000 0.2011 0.9796
vn -0.0000 0.2698 0.9629
vn -0.4248 0.2024 0.8824
vn -0.3173 0.1869 0.9297
vn -0.0000 0.4025 0.9154
vn 0.4248 0.2024 0.8824
vn 0.3173 0.1869 0.9297
vn -0.5020 -0.0468 -0.8636
vn -0.1230 -0.0859 -0.9887
vn -0.4969 0.0720 -0.8648
vn -0.1199 -0.0138 -0.9927
vn -0.0000 -0.0732 -0.9973
vn -0.0000 0.0011 -1.0000
vn -0.3269 0.6184 -0.7147
vn -0.2571 0.3281 -0.9090
vn -0.0000 0.4239 -0.9057
vn -0.0000 0.3334 -0.9428
vn -0.1265 0.2351 -0.9637
vn -0.1726 0.1361 -0.9755
vn -0.1301 0.1596 -0.9786
vn -0.0000 0.1922 -0.9814
vn -0.1435 -0.1263 -0.9816
vn 0.0379 -0.2109 -0.9768
vn -0.3977 -0.0358 -0.9168
vn -0.4681 0.2527 -0.8468
vn -0.7049 -0.0299 -0.7087
vn -0.6445 0.1213 -0.7549
vn -0.5716 0.1778 -0.8010
vn -0.6172 0.1837 -0.7651
vn -0.4936 0.2556 -0.8313
vn -0.6581 0.1677 -0.7340
vn -0.6644 0.2031 -0.7193
vn -0.8380 -0.0573 -0.5427
vn -0.7102 -0.2337 -0.6641
vn -0.8665 -0.0775 -0.4931
vn -0.2263 -0.7839 -0.5782
vn -0.7047 -0.2614 -0.6596
vn -0.1210 -0.7592 -0.6395
vn -0.0694 -0.0121 -0.9975
vn -0.4085 -0.1020 -0.9070
vn -0.5112 -0.2099 -0.8334
vn -0.5182 -0.1124 -0.8478
vn -0.7914 -0.0453 -0.6096
vn -0.1997 0.2805 -0.9388
vn -0.3451 0.7600 -0.5507
vn -0.1846 0.8061 -0.5623
vn -0.2695 0.7601 -0.5913
vn -0.3746 0.7137 -0.5919
vn -0.2441 -0.1542 -0.9574
vn -0.2046 -0.1413 -0.9686
vn -0.2561 -0.1613 -0.9531
vn -0.2840 -0.1451 -0.9478
vn -0.2843 0.6993 -0.6559
vn -0.2701 0.6477 -0.7125
vn -0.1703 0.9640 0.2041
vn -0.2020 0.9794 0.0007
vn -0.2582 0.9659 0.0202
vn -0.2363 0.9536 0.1867
vn -0.1115 0.8147 -0.5690
vn -0.2344 0.9502 0.2052
vn -0.2646 0.9627 0.0556
vn -0.2231 0.9514 0.2122
vn -0.2268 0.9710 0.0756
vn -0.6565 -0.1511 -0.7390
vn -0.7226 0.1447 -0.6760
vn -0.8589 -0.0943 -0.5034
vn -0.8384 -0.5447 0.0213
vn -0.8078 -0.5856 0.0673
vn -0.7321 0.3255 -0.5984
vn -0.7691 0.2374 -0.5934
vn -0.9717 0.2291 -0.0573
vn -0.9781 0.2021 -0.0502
vn -0.9785 0.0880 0.1866
vn -0.9787 0.0724 0.1922
vn -0.1807 0.9803 0.0795
vn -0.1904 0.9625 0.1931
vn -0.0791 0.8194 -0.5677
vn -0.7166 0.3868 -0.5804
vn -0.1474 -0.1323 -0.9802
vn -0.1594 0.0602 -0.9854
vn -0.0000 0.0489 -0.9988
vn -0.1533 0.1673 -0.9739
vn -0.0000 0.1136 -0.9935
vn -0.0000 0.2015 -0.9795
vn -0.0000 0.1511 -0.9885
vn -0.0000 0.0147 -0.9999
vn 0.1229 -0.0859 -0.9887
vn -0.8875 0.3650 0.2811
vn -0.8744 0.4618 0.1486
vn -0.9237 0.3403 0.1758
vn -0.7485 0.6418 0.1670
vn -0.4716 0.8650 0.1713
vn -0.8110 0.5798 0.0782
vn -0.4733 0.8179 0.3271
vn -0.4193 0.6419 0.6419
vn -0.6792 0.4886 0.5477
vn -0.7883 0.5568 0.2618
vn -0.1317 0.7358 0.6643
vn -0.7259 0.4084 0.5534
vn -0.3711 0.3777 0.8483
vn -0.0861 0.4707 0.8781
vn -0.4405 -0.0968 0.8925
vn -0.4421 -0.1115 0.8900
vn -0.3246 0.0875 0.9418
vn -0.1109 0.0947 0.9893
vn -0.3266 0.0547 0.9436
vn -0.5262 -0.0170 0.8502
vn -0.4167 -0.3682 0.8311
vn -0.8825 0.2348 0.4075
vn -0.8789 0.0430 0.4750
vn -0.8834 0.3303 0.3325
vn -0.7816 0.1915 0.5937
vn -0.3874 -0.4403 0.8100
vn -0.8439 0.2636 0.4672
vn -0.7771 0.3032 0.5516
vn -0.6227 0.3848 0.6813
vn -0.5244 0.2582 0.8114
vn -0.3661 0.1083 0.9243
vn -0.2185 -0.4119 0.8846
vn -0.1831 -0.2062 0.9612
vn -0.0877 0.0350 0.9955
vn -0.2921 0.0085 0.9564
vn -0.1674 0.0751 0.9830
vn -0.1700 0.0145 0.9853
vn -0.3009 0.0170 0.9535
vn 0.1059 0.4014 0.9098
vn -0.1161 -0.1214 0.9858
vn -0.0405 0.9151 0.4013
vn -0.0000 0.9022 0.4313
vn -0.4981 0.8148 0.2966
vn -0.1945 0.9123 0.3605
vn -0.0000 0.9594 0.2821
vn -0.2232 0.9402 0.2572
vn -0.8580 0.5071 0.0817
vn -0.7709 0.6173 0.1573
vn -0.5360 0.8008 0.2671
vn -0.0000 0.9945 0.1047
vn -0.2871 0.9519 0.1070
vn -0.5864 0.8018 0.1150
vn -0.8544 0.5179 0.0410
vn -0.3076 0.6303 0.7128
vn -0.3763 0.5476 0.7474
vn -0.6362 0.4059 0.6561
vn -0.5698 0.3297 0.7528
vn -0.9389 0.3120 0.1452
vn -0.6863 0.3779 0.6215
vn -0.9830 0.1191 0.1395
vn -0.9934 0.0493 0.1034
vn -0.9609 0.2675 0.0722
vn -0.9567 0.2655 0.1197
vn -0.9381 0.2728 0.2136
vn -0.9173 0.3905 0.0776
vn -0.9375 0.2122 0.2759
vn -0.9353 0.2881 0.2053
vn -0.8767 0.3523 0.3274
vn -0.8316 0.3946 0.3909
vn -0.8883 0.2767 0.3665
vn -0.9026 0.2103 0.3757
vn -0.7404 0.0997 0.6647
vn -0.5008 0.8455 0.1855
vn -0.4347 0.8584 0.2725
vn -0.4637 0.7092 0.5311
vn -0.6622 0.1356 0.7370
vn -0.8365 0.3098 0.4519
vn -0.4859 0.8664 0.1155
vn -0.5061 0.8423 0.1854
vn -0.3859 0.8745 0.2938
vn -0.2333 0.9368 0.2608
vn -0.3298 0.8088 0.4869
vn -0.2231 0.9568 0.1864
vn -0.1447 0.3642 0.9200
vn -0.2624 0.4725 0.8414
vn -0.7104 0.1859 0.6788
vn -0.7377 0.2399 0.6311
vn -0.4939 -0.0597 0.8675
vn -0.2270 0.9718 0.0630
vn -0.2538 0.9645 0.0727
vn -0.6054 0.0522 0.7942
vn 0.2129 0.6702 0.7110
vn 0.2847 0.7300 0.6213
vn 0.3963 0.8038 0.4437
vn 0.4556 0.8296 0.3230
vn 0.7061 -0.0476 0.7065
vn 0.7409 -0.0559 0.6692
vn 0.7118 -0.0490 0.7007
vn 0.2203 -0.6576 0.7204
vn 0.4239 -0.6743 0.6047
vn 0.4523 -0.6801 0.5770
vn 0.7455 -0.0570 0.6640
vn 0.1891 -0.6685 0.7192
vn -0.6609 -0.0710 0.7471
vn -0.6648 -0.0436 0.7458
vn -0.5416 -0.1718 0.8229
vn -0.5416 -0.0849 0.8364
vn -0.8023 0.1325 0.5820
vn -0.6897 0.1209 0.7140
vn -0.7258 0.2594 0.6371
vn -0.6664 0.2846 0.6891
vn -0.3981 0.1755 0.9004
vn 0.2171 -0.7408 0.6357
vn -0.6257 0.2943 0.7225
vn 0.2153 -0.7527 0.6221
vn -0.7866 0.1721 0.5931
vn -0.6682 0.3546 0.6540
vn 0.2228 -0.7971 0.5613
vn 0.2175 -0.8191 0.5308
vn -0.5425 0.2035 0.8150
vn -0.4945 0.2409 0.8351
vn -0.2961 0.1672 0.9404
vn -0.4801 0.3929 0.7843
vn 0.2052 -0.9118 0.3556
vn 0.2062 -0.9193 0.3352
vn 0.0958 -0.9377 0.3340
vn -0.2491 0.3364 0.9082
vn 0.0908 0.2084 0.9738
vn 0.1451 0.2177 0.9652
vn 0.1164 0.2033 0.9722
vn -0.8519 -0.3308 0.4059
vn -0.6711 -0.4410 0.5960
vn -0.9029 -0.2536 0.3472
vn -0.9440 -0.1205 0.3073
vn -0.5367 -0.1430 0.8316
vn -0.4710 -0.2767 0.8376
vn -0.5639 -0.2785 0.7775
vn -0.4735 -0.1654 0.8651
vn -0.6341 -0.4580 0.6230
vn 0.3680 0.0633 0.9277
vn 0.3809 0.0689 0.9221
vn 0.2954 0.0990 0.9502
vn 0.3616 0.0660 0.9300
vn -0.9363 0.1054 0.3350
vn -0.9795 0.0946 0.1780
vn -0.9504 -0.0547 0.3062
vn 0.1675 0.1629 0.9723
vn -0.4391 -0.4407 0.7829
vn -0.4629 -0.3391 0.8190
vn -0.4481 -0.3516 0.8219
vn -0.9446 -0.0608 0.3226
vn -0.9718 -0.0166 0.2351
vn -0.3502 -0.2255 0.9091
vn -0.9391 -0.0524 0.3397
vn -0.4490 -0.0495 0.8922
vn -0.6061 0.2472 0.7560
vn -0.4956 0.3939 0.7741
vn -0.0000 0.9574 0.2888
vn -0.0000 0.8703 0.4926
vn 0.0132 0.9372 0.3486
vn -0.0386 0.8960 0.4423
vn -0.0000 0.8189 0.5739
vn -0.0000 0.4369 0.8995
vn -0.4018 -0.5972 0.6942
vn -0.4527 -0.2956 0.8412
vn -0.0000 -0.0164 0.9999
vn -0.1794 -0.0324 0.9832
vn -0.0000 0.0159 0.9999
vn -0.2461 -0.0278 0.9689
vn -0.5084 -0.0169 0.8610
vn -0.4518 0.0173 0.8919
vn -0.0875 0.9133 0.3977
vn -0.1371 0.9209 0.3648
vn -0.2806 0.8860 0.3690
vn -0.2136 0.9445 0.2496
vn -0.1514 0.9741 0.1682
vn -0.7271 0.6647 0.1718
vn -0.7158 0.6965 0.0502
vn -0.8510 0.5248 -0.0199
vn -0.5819 0.8133 0.0032
vn -0.9583 0.2856 0.0026
vn -0.0621 0.6143 0.7866
vn 0.1253 0.9866 0.1041
vn 0.1287 0.9841 0.1224
vn 0.3743 0.8126 0.4467
vn -0.0687 0.1897 0.9794
vn -0.0443 0.4444 0.8947
vn 0.2806 0.5383 0.7947
vn 0.2774 0.8492 0.4494
vn -0.9429 0.3256 0.0697
vn 0.1798 0.6813 0.7096
vn 0.2346 0.6372 0.7341
vn 0.2929 0.7718 0.5644
vn 0.3276 0.7060 0.6279
vn 0.3468 0.5989 0.7219
vn 0.4791 0.7498 0.4563
vn -0.0287 0.9738 -0.2255
vn -0.3602 0.0468 0.9317
vn -0.8236 0.5613 0.0814
vn -0.3776 0.0406 0.9251
vn -0.4061 0.0844 0.9099
vn -0.7971 0.1919 0.5725
vn -0.9120 0.2041 0.3558
vn -0.7802 0.1906 0.5958
vn -0.8589 0.3223 0.3981
vn -0.6414 0.2514 0.7249
vn -0.6458 0.6374 0.4203
vn -0.5861 0.6320 0.5070
vn -0.5485 0.4530 0.7028
vn -0.3060 0.7145 0.6292
vn -0.3023 0.7081 0.6381
vn -0.2883 0.6836 0.6705
vn -0.3167 0.7329 0.6022
vn -0.6593 0.7497 0.0563
vn -0.1710 0.6871 0.7062
vn -0.1818 0.8003 0.5714
vn -0.1930 0.6905 0.6971
vn -0.4079 0.9101 0.0728
vn -0.5549 0.8303 -0.0517
vn -0.5755 0.8133 -0.0854
vn -0.9104 0.4114 -0.0446
vn -0.8872 0.4432 -0.1283
vn -0.9311 0.3537 0.0890
vn -0.8320 0.4875 -0.2648
vn 0.0399 0.4392 0.8975
vn -0.4436 0.6753 0.5892
vn -0.9994 0.0256 0.0226
vn -0.9980 0.0195 0.0603
vn -0.9971 0.0172 0.0742
vn -0.5430 -0.0930 0.8345
vn -0.9228 -0.0347 0.3837
vn -0.5589 -0.3028 0.7719
vn -0.4769 -0.6049 0.6377
vn 0.0119 0.3970 0.9177
vn 0.0610 0.4063 0.9117
vn 0.1405 0.4342 0.8898
vn -0.1217 -0.2428 0.9624
vn -0.0637 -0.1926 0.9792
vn -0.0000 -0.3293 0.9442
vn -0.0000 0.4109 0.9117
vn -0.0000 0.0734 0.9973
vn 0.0807 -0.2771 0.9574
vn -0.0000 -0.3569 0.9342
vn 0.5135 0.0615 0.8559
vn 0.3386 0.3205 0.8847
vn 0.4455 -0.1888 0.8751
vn 0.3595 0.0283 0.9327
vn 0.1261 0.1820 0.9752
vn 0.1832 0.4671 0.8650
vn 0.0003 0.2066 0.9784
vn -0.0333 0.3740 0.9268
vn -0.0859 0.1934 0.9773
vn -0.1405 0.4342 0.8898
vn -0.0807 -0.2771 0.9574
vn 0.8697 0.1570 -0.4680
vn 0.6755 0.2666 -0.6875
vn 0.7845 0.3609 -0.5043
vn 0.8998 0.1969 -0.3894
vn 0.7391 0.1465 -0.6575
vn 0.8655 0.0233 -0.5003
vn 0.6825 -0.1164 -0.7216
vn 0.5816 -0.3571 -0.7309
vn 0.7773 -0.2550 -0.5751
vn 0.8481 -0.2422 -0.4712
vn 0.9376 0.1011 -0.3326
vn -0.0000 -0.9999 -0.0153
vn -0.2220 -0.9750 -0.0109
vn -0.0000 -0.9990 -0.0452
vn -0.2123 -0.9767 -0.0302
vn -0.0000 -0.9977 0.0677
vn -0.2633 -0.9620 0.0720
vn -0.4872 -0.7810 0.3907
vn -0.4347 -0.8677 0.2409
vn -0.4521 -0.7962 0.4021
vn -0.4318 -0.8714 0.2328
vn -0.4770 -0.7958 0.3731
vn -0.3150 -0.9258 0.2091
vn -0.0000 -0.9837 0.1801
vn -0.3923 -0.9111 0.1268
vn -0.3461 -0.9372 0.0431
vn -0.4498 -0.8847 0.1221
vn -0.4764 -0.8792 0.0094
vn -0.3845 -0.9163 -0.1119
vn -0.5256 -0.8246 -0.2095
vn -0.5590 -0.7711 -0.3049
vn -0.5150 -0.8273 -0.2243
vn -0.6378 -0.7147 -0.2871
vn -0.5050 -0.8333 0.2250
vn -0.6029 -0.7969 -0.0372
vn -0.5360 -0.8382 0.1003
vn -0.2975 -0.8452 0.4440
vn -0.2403 -0.6710 0.7015
vn -0.0000 -0.8946 0.4470
vn -0.0000 -0.6717 0.7408
vn -0.2128 -0.4932 0.8435
vn -0.0000 -0.4895 0.8720
vn -0.0000 0.1383 0.9904
vn -0.1649 0.1391 0.9765
vn -0.0000 -0.2512 0.9679
vn -0.0000 0.3558 0.9346
vn -0.1741 0.3748 0.9106
vn -0.1861 -0.2649 0.9461
vn -0.3381 -0.3045 0.8905
vn -0.4417 -0.3087 0.8424
vn -0.3996 -0.1777 0.8993
vn -0.3740 -0.3676 0.8515
vn -0.2511 -0.6313 0.7338
vn -0.1696 -0.6222 0.7643
vn -0.2210 -0.5036 0.8352
vn -0.4076 0.2914 0.8654
vn 0.1353 -0.5655 0.8136
vn 0.0449 -0.6610 0.7490
vn 0.2091 -0.5128 0.8326
vn 0.1323 0.3096 0.9416
vn -0.0031 -0.7634 0.6459
vn -0.1436 -0.7573 0.6371
vn -0.0599 -0.2011 0.9777
vn -0.0477 -0.7933 0.6070
vn -0.0784 -0.6583 0.7486
vn 0.1769 -0.9041 0.3889
vn 0.1340 -0.6138 0.7780
vn 0.3688 -0.5899 0.7183
vn -0.0000 -0.9562 0.2928
vn -0.0000 -0.9807 0.1953
vn 0.1225 0.9919 0.0346
vn 0.1273 0.9918 -0.0062
vn 0.1003 0.9950 -0.0028
vn 0.0929 0.9956 0.0130
vn 0.1658 0.9861 0.0071
vn 0.1617 0.9868 0.0066
vn 0.2103 0.9729 -0.0963
vn 0.2028 0.9791 -0.0123
vn 0.2785 0.1869 0.9421
vn 0.3746 0.5328 0.7588
vn 0.2900 0.5044 0.8133
vn 0.4315 0.5392 0.7232
vn 0.5044 0.5444 0.6703
vn 0.4630 0.1766 0.8686
vn 0.4541 0.5240 0.7205
vn 0.1611 0.9847 -0.0657
vn 0.1957 0.9588 -0.2058
vn -0.1438 -0.9734 0.1786
vn -0.1769 -0.9041 0.3889
vn 0.0098 -0.9305 0.3662
vn -0.0543 -0.9680 0.2450
vn -0.0645 -0.9843 0.1641
vn -0.0966 -0.9852 0.1416
vn 0.0213 -0.9281 0.3717
vn -0.1150 -0.9803 0.1607
vn 0.0075 -0.9412 0.3378
vn -0.1506 -0.9664 0.2081
vn 0.2284 0.9729 -0.0372
vn 0.0967 0.9904 -0.0985
vn -0.0493 -0.9960 0.0742
vn -0.2093 -0.8678 0.4507
vn -0.1146 -0.9833 0.1416
vn -0.0985 -0.9220 0.3746
vn -0.1534 -0.9648 0.2135
vn 0.0179 -0.9281 0.3719
vn 0.1436 -0.7573 0.6371
vn 0.4306 0.0563 0.9008
vn 0.3861 0.1287 0.9134
vn 0.3953 0.0221 0.9183
vn 0.3917 0.1190 0.9124
vn 0.6820 -0.4057 0.6085
vn 0.7365 -0.3084 0.6021
vn 0.7087 -0.4112 0.5733
vn 0.4255 -0.0431 -0.9039
vn 0.7129 -0.1463 -0.6859
vn 0.4513 -0.0064 -0.8924
vn 0.5803 0.2953 -0.7590
vn 0.3335 0.4708 -0.8168
vn 0.1489 0.5197 -0.8413
vn 0.2622 0.5839 -0.7683
vn 0.4034 0.6796 0.6127
vn 0.0386 0.8960 0.4423
vn 0.5818 0.7005 0.4134
vn 0.6079 0.4588 0.6481
vn -0.1536 0.9872 -0.0430
vn 0.0330 0.9993 0.0151
vn -0.1541 0.9864 -0.0569
vn 0.0506 0.9982 0.0333
vn 0.5763 0.0627 0.8148
vn 0.7472 0.2575 0.6127
vn 0.5734 0.0611 0.8170
vn 0.7590 0.2782 0.5886
vn 0.2157 0.8818 0.4193
vn 0.2739 0.9130 0.3023
vn 0.3183 0.6468 0.6930
vn 0.3859 0.8745 0.2938
vn 0.2773 0.8537 0.4408
vn 0.5656 0.7521 0.3383
vn 0.5763 0.5671 0.5885
vn -0.0250 0.9670 0.2536
vn 0.0958 0.8960 0.4336
vn 0.1710 0.6871 0.7062
vn 0.2753 0.5156 0.8114
vn 0.1214 0.8153 0.5662
vn 0.2330 0.7346 0.6372
vn -0.0321 0.9491 0.3134
vn -0.1124 0.9731 0.2013
vn -0.1585 0.9683 0.1929
vn -0.0955 0.9556 0.2788
vn 0.9360 -0.0477 0.3488
vn 0.8560 -0.2869 0.4300
vn 0.8592 0.0993 0.5020
vn 0.6762 0.1306 0.7250
vn 0.6090 0.3865 0.6926
vn 0.3335 -0.6639 0.6694
vn 0.0983 -0.8356 0.5404
vn 0.3580 -0.6701 0.6503
vn 0.0774 -0.8611 0.5026
vn -0.0735 -0.9315 0.3563
vn 0.6306 -0.0874 -0.7712
vn 0.5612 -0.2419 -0.7916
vn 0.4685 -0.2751 -0.8396
vn -0.0239 -0.3590 -0.9330
vn 0.0289 -0.3206 -0.9468
vn -0.2003 -0.3484 -0.9157
vn 0.1659 -0.5995 -0.7830
vn 0.2345 -0.6166 -0.7515
vn -0.2729 -0.5927 -0.7577
vn -0.1774 -0.5633 -0.8070
vn -0.4640 -0.5594 -0.6868
vn -0.5841 -0.5572 -0.5902
vn -0.6746 -0.5248 -0.5192
vn -0.7366 -0.5073 -0.4473
vn -0.8050 -0.4307 -0.4080
vn -0.7662 -0.4624 -0.4463
vn -0.8892 -0.2567 -0.3788
vn -0.8421 -0.3043 -0.4452
vn -0.9127 -0.0564 -0.4046
vn -0.8680 -0.1403 -0.4764
vn -0.8327 0.0471 -0.5517
vn -0.8172 -0.0989 -0.5679
vn -0.8230 0.0283 -0.5674
vn -0.7746 0.1250 -0.6200
vn -0.7145 0.2772 -0.6424
vn -0.6644 0.3542 -0.6581
vn -0.6115 0.3067 -0.7294
vn -0.5893 0.2656 -0.7630
vn -0.2443 0.1598 -0.9564
vn -0.1288 0.1400 -0.9817
vn 0.6583 -0.0579 -0.7505
vn -0.2098 -0.3130 -0.9263
vn 0.2527 0.1472 -0.9563
vn 0.3228 0.1434 -0.9355
vn 0.4902 0.1823 -0.8523
vn -0.0195 -0.2923 -0.9561
vn 0.2598 -0.3515 -0.8994
vn 0.1195 -0.3249 -0.9382
vn 0.3253 0.2660 -0.9074
vn 0.4552 0.1633 -0.8753
vn 0.3131 0.2666 -0.9115
vn 0.3796 0.2934 -0.8774
vn 0.3879 0.2320 -0.8920
vn -0.2051 -0.2390 -0.9491
vn 0.5330 0.0426 -0.8451
vn -0.0000 -0.8566 -0.5161
vn 0.3098 -0.7832 -0.5392
vn -0.0000 -0.7433 -0.6690
vn 0.0634 -0.7149 -0.6964
vn 0.4138 -0.6598 -0.6273
vn 0.2522 -0.7146 -0.6525
vn 0.0380 -0.2109 -0.9768
vn -0.1434 -0.1264 -0.9816
vn -0.0000 -0.6257 -0.7801
vn 0.0368 -0.6258 -0.7791
vn 0.0517 -0.6374 -0.7688
vn -0.5560 -0.6263 -0.5464
vn -0.4420 -0.6195 -0.6488
vn -0.6320 -0.6219 -0.4624
vn -0.4283 -0.6178 -0.6595
vn 0.0682 -0.3581 -0.9312
vn 0.5180 -0.4912 -0.7002
vn 0.2522 -0.7145 -0.6526
vn -0.0000 -0.6186 -0.7857
vn -0.3097 -0.7832 -0.5392
vn -0.0634 -0.7149 -0.6963
vn -0.4138 -0.6598 -0.6273
vn -0.2522 -0.7146 -0.6525
vn -0.0517 -0.6374 -0.7688
vn -0.0368 -0.6258 -0.7791
vn -0.5339 -0.4781 -0.6974
vn -0.2523 -0.7145 -0.6525
vn -0.5180 -0.4913 -0.7002
vn -0.1127 -0.3777 -0.9190
vn 0.1434 -0.1264 -0.9816
vn -0.0380 -0.2109 -0.9768
vn -0.0681 -0.3581 -0.9312
vn 0.6321 -0.6219 -0.4623
vn 0.4420 -0.6195 -0.6488
vn 0.5561 -0.6263 -0.5464
vn 0.4283 -0.6178 -0.6595
vn 0.0268 0.9967 -0.0770
vn 0.0314 0.9994 -0.0115
vn 0.1299 0.9865 -0.1002
vn 0.1728 0.9849 0.0123
vn -0.4513 -0.0064 -0.8924
vn -0.7129 -0.1463 -0.6859
vn -0.4255 -0.0431 -0.9040
vn -0.5803 0.2953 -0.7590
vn -0.2622 0.5839 -0.7683
vn -0.1489 0.5197 -0.8413
vn -0.3335 0.4708 -0.8168
vn -0.7145 -0.4433 -0.5413
vn -0.5959 -0.6716 -0.4404
vn -0.8258 -0.4604 -0.3257
vn 0.0646 0.9916 0.1116
vn 0.0653 0.9816 0.1794
vn -0.9037 -0.1772 -0.3898
vn -0.8501 -0.0388 -0.5252
vn -0.9711 -0.0817 -0.2242
vn -0.8703 0.1017 -0.4819
vn -0.9111 0.0722 -0.4058
vn -0.8164 0.1256 -0.5637
vn -0.7149 0.0119 -0.6991
vn -0.7116 -0.6623 -0.2344
vn -0.8728 -0.4731 -0.1201
vn -0.8999 -0.4015 -0.1702
vn -0.9798 -0.0996 -0.1734
vn -0.9701 -0.0068 -0.2425
vn -0.6604 0.2809 -0.6964
vn -0.0374 0.9957 -0.0852
vn -0.0257 0.9981 -0.0566
vn 0.0035 1.0000 -0.0006
vn -0.0095 0.9983 -0.0575
vn -0.0439 0.9963 -0.0741
vn 0.1225 0.6375 -0.7607
vn 0.1152 0.8971 -0.4265
vn 0.0983 0.8530 -0.5126
vn 0.0244 0.9683 -0.2485
vn -0.0751 0.9875 -0.1386
vn -0.4380 0.1141 -0.8917
vn -0.3980 0.0379 -0.9166
vn -0.3957 0.0337 -0.9177
vn -0.3558 -0.0370 -0.9338
vn -0.7815 0.2195 -0.5841
vn -0.4806 0.3809 -0.7899
vn -0.5660 -0.5996 -0.5658
vn -0.6519 -0.4934 -0.5759
vn -0.5643 -0.7085 -0.4238
vn 0.0897 -0.9284 -0.3605
vn -0.5309 -0.7233 -0.4416
vn -0.4440 -0.8341 -0.3273
vn -0.4849 -0.8677 -0.1095
vn -0.8099 0.5833 0.0618
vn -0.8744 0.4622 -0.1479
vn -0.9410 0.0969 -0.3242
vn -0.3953 -0.7309 -0.5564
vn -0.1274 -0.1250 -0.9839
vn -0.1787 -0.0451 -0.9829
vn -0.5480 -0.6346 -0.5449
vn 0.0011 -0.1284 -0.9917
vn -0.0916 -0.0270 -0.9954
vn 0.0993 0.4656 -0.8794
vn 0.1841 0.4400 -0.8790
vn 0.2559 0.3788 -0.8894
vn 0.0723 0.4869 -0.8704
vn 0.2086 0.9712 -0.1147
vn 0.1156 0.9834 0.1398
vn 0.2693 0.9629 0.0169
vn -0.5864 0.8018 0.1149
vn -0.4671 0.8823 0.0582
vn -0.2751 0.9601 -0.0512
vn -0.0000 0.9945 -0.1051
vn -0.2060 0.8787 -0.4306
vn -0.0000 0.6856 -0.7280
vn -0.0000 0.9091 -0.4166
vn 0.3928 -0.1810 -0.9016
vn 0.2871 0.9519 0.1070
vn 0.2751 0.9601 -0.0512
vn 0.3901 0.1078 -0.9144
vn 0.3647 0.3674 -0.8556
vn 0.3250 0.6165 -0.7172
vn 0.2060 0.8787 -0.4306
vn 0.6885 0.7248 0.0247
vn 0.8744 0.4622 -0.1478
vn 0.6673 0.7392 -0.0908
vn 0.8417 0.5400 0.0029
vn 0.9556 0.2485 0.1585
vn 0.9088 0.3445 0.2354
vn 0.9451 0.3072 0.1111
vn 0.9237 0.3607 0.1294
vn 0.9655 0.2308 0.1207
vn 0.5123 0.8517 0.1100
vn 0.7021 0.7028 0.1148
vn 0.9567 0.2909 -0.0055
vn 0.8950 0.4187 -0.1539
vn 0.9595 0.0232 -0.2808
vn 0.9377 0.1011 -0.3325
vn 0.4573 -0.6656 0.5898
vn 0.4422 -0.5364 0.7188
vn 0.3923 -0.4967 0.7742
vn 0.4664 -0.7081 0.5302
vn 0.3853 -0.6339 0.6706
vn 0.4435 -0.7524 0.4870
vn 0.3754 -0.6799 0.6299
vn 0.4687 -0.7632 0.4448
vn 0.4415 -0.6152 0.6532
vn 0.9825 -0.1550 -0.1031
vn 0.8711 -0.3726 -0.3199
vn 0.8352 -0.5419 -0.0937
vn 0.9310 -0.3519 0.0973
vn 0.7598 -0.6444 0.0861
vn 0.6742 -0.7091 0.2064
vn 0.8485 -0.4883 0.2042
vn 0.7145 -0.5880 0.3791
vn 0.5709 -0.7310 0.3737
vn 0.5903 -0.6356 0.4975
vn 0.4848 -0.5562 0.6750
vn 0.6677 -0.4723 0.5754
vn 0.5119 -0.3969 0.7619
vn 0.6741 -0.2156 0.7065
vn 0.1311 -0.2351 0.9631
vn 0.2738 -0.3348 0.9017
vn 0.1084 -0.6603 0.7431
vn 0.1665 -0.6847 0.7096
vn 0.2919 -0.5570 0.7775
vn 0.3206 -0.4461 0.8356
vn 0.1847 -0.7280 0.6602
vn 0.1607 0.7498 0.6419
vn 0.0799 0.7916 0.6058
vn 0.0540 0.8033 0.5932
vn -0.9399 -0.3299 -0.0878
vn -0.8749 -0.4486 0.1825
vn -0.9379 -0.3397 0.0699
vn -0.8381 -0.4649 0.2856
vn 0.3652 -0.8434 -0.3941
vn 0.2999 -0.8757 -0.3784
vn 0.3237 -0.8780 -0.3527
vn 0.2761 -0.8953 -0.3496
vn -0.0643 0.8467 0.5282
vn 0.9970 0.0772 0.0049
vn 0.9995 0.0301 0.0079
vn 0.9991 0.0407 0.0143
vn 0.9998 -0.0130 0.0128
vn 0.2673 -0.8726 -0.4089
vn -0.6776 -0.6676 0.3086
vn -0.6266 -0.6704 0.3975
vn -0.4918 -0.7549 0.4340
vn 0.7382 -0.0310 -0.6738
vn 0.2043 0.2799 0.9380
vn 0.3060 0.0874 0.9480
vn 0.2052 0.3290 0.9218
vn 0.1578 0.4396 0.8842
vn 0.1693 0.4632 0.8699
vn 0.9977 -0.0682 -0.0019
vn 0.9926 -0.1214 -0.0022
vn -0.4260 -0.4674 0.7746
vn -0.4891 -0.4525 0.7457
vn -0.2969 -0.5954 0.7466
vn -0.0621 -0.1760 0.9824
vn -0.3321 -0.0704 0.9406
vn -0.1497 -0.3662 0.9184
vn -0.0127 -0.8663 0.4994
vn 0.1249 -0.6481 0.7512
vn -0.3665 -0.8731 0.3215
vn 0.0830 -0.9887 -0.1249
vn 0.1065 -0.9920 -0.0672
vn 0.1807 -0.9139 -0.3635
vn 0.2888 -0.7040 -0.6488
vn 0.2687 -0.7194 -0.6406
vn -0.1886 -0.7265 0.6608
vn -0.0612 -0.8165 0.5740
vn 0.1527 -0.8992 0.4100
vn 0.0886 -0.9957 -0.0283
vn 0.0234 -0.9634 0.2670
vn -0.0905 -0.9945 0.0523
vn 0.1472 -0.8486 -0.5081
vn 0.2209 -0.6058 -0.7644
vn 0.1171 -0.9881 -0.0995
vn 0.0676 -0.9973 0.0277
vn 0.1434 -0.9544 -0.2618
vn 0.1956 -0.5970 -0.7780
vn 0.2120 -0.5954 -0.7750
vn 0.0774 -0.6428 -0.7621
vn 0.0949 -0.6375 -0.7645
vn 0.1221 -0.9567 -0.2644
vn 0.0785 -0.9846 -0.1564
vn -0.1297 -0.9782 0.1619
vn 0.1356 -0.8022 0.5815
vn 0.2592 -0.7929 0.5515
vn 0.0718 -0.8234 0.5629
vn -0.4202 0.3419 0.8406
vn -0.5273 0.5499 0.6477
vn -0.4079 0.1645 0.8981
vn -0.5424 0.5616 0.6248
vn -0.5840 0.5865 0.5613
vn 0.2718 0.7029 0.6573
vn 0.2195 0.6133 0.7588
vn 0.2455 0.6587 0.7113
vn 0.2996 0.7661 0.5686
vn 0.3302 0.6876 0.6467
vn 0.4017 0.7221 0.5632
vn 0.3777 0.6383 0.6708
vn 0.3606 0.7028 0.6132
vn 0.4190 0.6980 0.5807
vn 0.3781 0.7690 0.5154
vn 0.4060 0.6909 0.5981
vn -0.5043 -0.2972 0.8108
vn -0.7078 -0.1474 0.6909
vn -0.3910 -0.1636 0.9058
vn -0.5628 0.6080 0.5600
vn -0.9940 0.0142 0.1084
vn -0.9917 -0.0508 0.1185
vn -0.9978 0.0289 0.0598
vn -0.5309 0.7000 0.4777
vn -0.5208 0.7111 0.4723
vn -0.5168 0.7136 0.4730
vn -0.9914 0.1203 0.0505
vn -0.9823 0.1435 0.1208
vn -0.9751 0.2087 0.0747
vn -0.5248 0.6962 0.4898
vn -0.9692 0.1592 0.1878
vn -0.5272 0.6399 0.5591
vn -0.9575 0.1078 0.2674
vn -0.9387 0.0475 0.3415
vn -0.9508 0.0923 0.2957
vn -0.5358 0.6131 0.5805
vn -0.5565 -0.4782 0.6794
vn -0.5564 -0.4786 0.6792
vn -0.5597 -0.4642 0.6865
vn -0.9542 0.0487 0.2953
vn -0.5531 -0.4925 0.6720
vn -0.1199 0.0261 0.9924
vn -0.1247 0.1079 0.9863
vn -0.1249 0.1116 0.9859
vn -0.1292 0.2047 0.9703
vn -0.5316 0.5819 0.6155
vn -0.5310 0.5839 0.6141
vn 0.4488 0.3585 -0.8185
vn 0.5657 0.2641 -0.7812
vn 0.4422 0.3930 -0.8062
vn 0.5238 0.4856 0.6999
vn 0.6593 0.3614 0.6594
vn 0.5514 0.4806 0.6819
vn 0.6807 0.3480 0.6446
vn -0.2964 -0.7498 0.5915
vn -0.3016 -0.7640 0.5704
vn -0.3209 -0.7494 0.5792
vn -0.3163 -0.7691 0.5554
vn 0.5526 0.2996 -0.7778
vn -0.3897 -0.7816 -0.4871
vn -0.3687 -0.8064 -0.4623
vn -0.3822 -0.7934 -0.4738
vn -0.3618 -0.8149 -0.4528
vn -0.3547 -0.8228 -0.4441
vn 0.7860 -0.0888 -0.6118
vn -0.3707 -0.8226 -0.4312
vn 0.7882 -0.0636 -0.6121
vn 0.8379 -0.3336 -0.4320
vn 0.8018 0.1521 0.5779
vn 0.8032 0.1707 0.5707
vn -0.2735 -0.7619 0.5871
vn -0.2742 -0.7388 0.6156
vn 0.9127 -0.3019 0.2752
vn 0.7568 0.4661 -0.4583
vn 0.8454 0.3674 -0.3877
vn 0.7638 0.4491 -0.4636
vn -0.0584 0.3368 0.9398
vn -0.0098 0.2643 0.9644
vn -0.0708 0.3363 0.9391
vn -0.0191 0.2591 0.9657
vn -0.5554 -0.7896 0.2609
vn -0.5543 -0.8104 0.1900
vn -0.5688 -0.7912 0.2248
vn -0.5674 -0.8049 0.1739
vn 0.8297 0.3536 -0.4319
vn -0.0097 -0.6886 -0.7251
vn -0.0131 -0.7347 -0.6782
vn -0.0124 -0.7027 -0.7114
vn -0.0027 -0.7410 -0.6715
vn -0.0872 -0.7734 -0.6278
vn 0.9599 0.2262 -0.1656
vn -0.1932 -0.7807 -0.5943
vn 0.9323 -0.3028 0.1979
vn 0.9809 0.1909 0.0375
vn 0.0862 0.1708 0.9815
vn 0.0974 0.2029 0.9743
vn -0.4985 -0.8570 0.1304
vn -0.4799 -0.8709 0.1062
vn 0.4634 -0.4628 0.7557
vn 0.7141 0.4040 -0.5717
vn 0.7971 0.2729 -0.5387
vn 0.7206 0.3809 -0.5793
vn 0.3272 0.3855 0.8627
vn 0.3542 0.2795 0.8924
vn 0.2606 0.3934 0.8817
vn 0.2969 0.2658 0.9172
vn -0.5401 -0.7705 0.3386
vn -0.5222 -0.7733 0.3597
vn -0.5333 -0.7714 0.3473
vn -0.5154 -0.7773 0.3606
vn 0.7978 0.2491 -0.5491
vn -0.2373 -0.7644 -0.5995
vn -0.2410 -0.7640 -0.5985
vn -0.2374 -0.7610 -0.6037
vn -0.2308 -0.7609 -0.6064
vn -0.3036 -0.7679 -0.5640
vn 0.9015 0.0884 -0.4236
vn -0.4340 -0.7532 -0.4943
vn 0.8820 -0.4415 -0.1646
vn 0.9255 0.0777 -0.3707
vn 0.5045 0.1752 0.8454
vn 0.5611 0.3703 0.7403
vn -0.5187 -0.7552 0.4007
vn -0.5244 -0.7410 0.4194
vn 0.6639 -0.3272 0.6724
vn 0.1566 -0.9875 0.0156
vn 0.0821 -0.9855 0.1483
vn 0.0818 -0.9859 0.1458
vn -0.0423 -0.9727 0.2283
vn -0.1607 -0.3138 -0.9358
vn -0.1492 -0.3028 -0.9413
vn -0.0587 0.0269 -0.9979
vn 0.0131 -0.2592 -0.9657
vn -0.1566 -0.8446 -0.5120
vn -0.1050 -0.9495 -0.2956
vn -0.0719 -0.6944 -0.7160
vn -0.0494 -0.6964 -0.7160
vn -0.0521 -0.9893 -0.1364
vn 0.0112 -0.9765 -0.2152
vn 0.0703 -0.9639 -0.2567
vn 0.0701 -0.9933 -0.0917
vn 0.1073 -0.9906 -0.0850
vn 0.0705 -0.9768 -0.2022
vn 0.0487 0.0038 -0.9988
vn 0.0773 -0.6428 -0.7621
vn 0.0948 -0.6376 -0.7645
vn 0.0784 -0.9846 -0.1564
vn -0.2139 -0.9756 0.0495
vn -0.1298 -0.9782 0.1620
vn -0.0835 -0.9962 0.0228
vn 0.1048 -0.9712 0.2139
vn 0.3050 -0.9490 0.0795
vn 0.4343 -0.8287 0.3532
vn 0.2731 -0.9597 -0.0668
vn -0.5977 -0.7891 0.1413
vn -0.4343 -0.8018 0.4104
vn 0.9714 -0.2004 -0.1275
vn 0.9533 -0.2516 -0.1673
vn 0.9673 -0.2175 -0.1307
vn 0.6789 -0.6878 -0.2569
vn 0.6487 -0.7439 -0.1606
vn 0.6953 -0.6533 -0.2995
vn -0.0242 -0.9242 -0.3811
vn -0.0071 -0.8630 -0.5052
vn 0.0929 -0.9861 -0.1380
vn -0.6874 -0.6554 -0.3129
vn -0.6733 -0.6866 -0.2744
vn -0.6997 -0.7090 -0.0878
vn 0.0817 -0.9617 -0.2615
vn 0.0031 -0.6616 -0.7499
vn -0.1517 -0.3150 -0.9369
vn -0.1600 -0.4239 -0.8915
vn 0.0383 -0.6530 -0.7564
vn -0.2772 -0.9569 -0.0867
vn -0.1229 -0.9924 0.0052
vn -0.2023 -0.9687 0.1437
vn -0.4141 -0.8465 -0.3347
vn -0.2165 -0.9552 -0.2020
vn -0.0878 -0.9855 0.1451
vn 0.0752 -0.1316 0.9884
vn 0.0175 0.0876 0.9960
vn -0.0633 -0.0946 0.9935
vn 0.1312 0.0828 0.9879
vn 0.2470 0.0635 0.9669
vn -0.1735 -0.4562 -0.8728
vn -0.1240 -0.4727 -0.8725
vn 0.0011 -0.4567 -0.8896
vn 0.2570 -0.1902 0.9475
vn 0.1426 -0.9805 0.1354
vn 0.1040 -0.9946 0.0015
vn -0.0343 -0.4361 -0.8993
vn 0.0364 -0.9880 -0.1501
vn 0.0437 -0.4383 -0.8978
vn 0.1819 -0.9697 -0.1633
vn 0.0482 -0.4405 -0.8964
vn 0.8634 -0.2995 -0.4060
vn 0.8649 -0.3038 -0.3995
vn 0.8575 -0.2843 -0.4288
vn 0.2002 -0.9797 0.0117
vn 0.8707 -0.3211 -0.3725
vn 0.2543 0.0334 0.9666
vn 0.2938 -0.2119 0.9321
vn 0.2441 -0.9579 0.1508
vn 0.9243 0.0683 0.3755
vn 0.9231 -0.2028 0.3268
vn 0.9358 0.0592 0.3474
vn 0.9292 -0.2390 0.2818
vn 0.8829 0.3241 0.3397
vn 0.8737 0.3119 0.3733
vn 0.8824 0.3087 0.3550
vn 0.8702 0.3452 0.3515
vn 0.9684 -0.2383 -0.0737
vn 0.9706 -0.1671 -0.1735
vn 0.9653 -0.2533 -0.0643
vn 0.8688 0.3035 0.3912
vn 0.8649 0.3223 0.3848
vn 0.9443 -0.3193 0.0799
vn 0.6276 -0.7575 -0.1798
vn 0.6480 -0.7511 -0.1265
vn 0.6878 -0.6620 -0.2977
vn 0.9602 -0.2730 0.0584
vn 0.8829 0.2467 0.3994
vn 0.8643 0.2505 0.4361
vn 0.9514 -0.2680 0.1514
vn 0.5694 -0.8066 -0.1584
vn 0.5904 -0.7995 -0.1105
vn 0.9700 -0.2035 0.1328
vn 0.4550 -0.3910 0.8001
vn 0.4430 -0.3142 0.8397
vn 0.4422 -0.3099 0.8417
vn 0.4252 -0.2243 0.8768
vn -0.0516 -0.8998 0.4332
vn 0.0933 -0.8758 0.4735
vn 0.0880 -0.8771 0.4723
vn 0.2169 -0.8387 0.4996
vn 0.6924 -0.6717 -0.2636
vn -0.1066 -0.9147 -0.3899
vn -0.1580 -0.9008 -0.4045
vn -0.1495 -0.9290 -0.3386
vn -0.1125 -0.8842 -0.4534
vn -0.0912 -0.9485 -0.3034
vn -0.0216 -0.9201 -0.3912
vn -0.7865 -0.5893 -0.1849
vn -0.7547 -0.6392 -0.1479
vn -0.7552 -0.6073 -0.2467
vn -0.7274 -0.6497 -0.2207
vn -0.7167 -0.6165 -0.3259
vn -0.6992 -0.6528 -0.2916
vn -0.3021 -0.9503 -0.0755
vn -0.0831 -0.9859 -0.1455
vn -0.3176 -0.9480 -0.0220
vn 0.4278 -0.7992 0.4223
vn 0.9756 -0.1447 -0.1652
vn 0.8868 0.3650 0.2835
vn 0.8674 0.4346 0.2425
vn 0.2439 -0.1563 0.9571
vn 0.3076 -0.1500 0.9396
vn 0.3590 -0.1443 0.9221
vn -0.5828 -0.2884 0.7597
vn -0.5141 -0.3086 0.8003
vn -0.6468 -0.2525 0.7197
vn -0.5687 -0.3255 0.7554
vn 0.1955 -0.1606 0.9675
vn 0.4189 -0.8077 0.4148
vn -0.2719 -0.9622 0.0176
vn -0.1355 -0.9821 0.1304
vn -0.3518 -0.9361 -0.0007
vn -0.5950 -0.2294 0.7703
vn -0.6362 -0.1985 0.7456
vn -0.4501 -0.2699 0.8512
vn -0.0874 -0.9710 0.2225
vn -0.4307 -0.2743 0.8598
vn 0.0237 -0.9945 0.1016
vn 0.0722 -0.9240 0.3754
vn -0.3914 -0.2880 0.8740
vn -0.4188 -0.3019 0.8564
vn 0.5114 -0.2871 0.8100
vn 0.5045 -0.2804 0.8166
vn 0.4926 -0.2689 0.8277
vn 0.9075 -0.2995 0.2946
vn 0.9037 -0.2731 0.3297
vn 0.9049 -0.2804 0.3202
vn 0.5246 -0.3001 0.7967
vn 0.1739 -0.9630 0.2060
vn 0.8984 -0.2470 0.3632
vn 0.6726 -0.0044 -0.7400
vn 0.6709 -0.1939 -0.7158
vn 0.6559 0.0451 -0.7535
vn 0.5863 -0.1705 -0.7919
vn 0.5321 0.0167 -0.8465
vn 0.2917 -0.9544 0.0629
vn 0.1039 -0.9940 -0.0344
vn 0.4498 -0.1416 -0.8818
vn 0.4377 -0.0456 -0.8980
vn 0.4040 -0.1259 -0.9061
vn 0.2893 -0.9317 -0.2198
vn 0.3660 -0.9306 -0.0014
vn 0.2004 -0.9797 0.0081
vn 0.0435 -0.9940 0.1001
vn -0.0743 -0.9963 -0.0435
vn -0.0775 -0.9959 0.0467
vn -0.1134 -0.9860 0.1225
vn -0.0163 -0.9905 0.1369
vn 0.8596 -0.4866 0.1559
vn 0.6937 -0.4175 0.5869
vn 0.8532 -0.4849 0.1921
vn 0.6849 -0.4132 0.6002
vn -0.2156 -0.0737 0.9737
vn -0.4179 0.0573 0.9067
vn -0.2416 -0.0077 0.9703
vn -0.2815 0.0516 0.9582
vn -0.0169 -0.9846 0.1741
vn -0.1363 -0.1959 0.9711
vn -0.1408 0.0221 0.9898
vn 0.8193 -0.5710 0.0513
vn 0.8247 -0.5656 0.0048
vn 0.8185 -0.5716 0.0573
vn 0.8248 -0.5654 0.0031
vn 0.2279 -0.1032 -0.9682
vn 0.2568 -0.2480 -0.9341
vn 0.3077 -0.2489 -0.9183
vn 0.3005 -0.0820 -0.9503
vn 0.4208 -0.0742 -0.9041
vn 0.3236 -0.2369 -0.9161
vn 0.0281 -0.9996 -0.0084
vn 0.0125 -0.9957 0.0922
vn 0.1024 -0.9544 0.2803
vn -0.1466 -0.2266 0.9629
vn -0.1245 -0.0352 0.9916
vn 0.6723 -0.3442 0.6553
vn 0.6771 -0.3540 0.6451
vn 0.6907 -0.3836 0.6130
vn 0.1125 -0.9861 0.1220
vn 0.6556 -0.3113 0.6880
vn 0.4553 -0.0968 -0.8851
vn 0.4299 -0.2320 -0.8726
vn 0.1689 -0.9856 -0.0030
vn 0.9523 -0.2894 -0.0965
vn 0.9500 -0.3014 -0.0815
vn 0.9492 -0.3052 -0.0766
vn 0.9460 -0.3188 -0.0592
vn -0.2570 0.9664 -0.0069
vn 0.6146 0.4049 -0.6770
vn 0.6082 0.4411 -0.6600
vn 0.5697 0.4149 -0.7094
vn -0.2102 0.9729 -0.0964
vn -0.1375 0.8966 -0.4209
vn -0.1956 0.9588 -0.2059
vn 0.4249 0.4790 -0.7681
vn 0.3653 0.6317 -0.6837
vn 0.4327 0.4544 -0.7787
vn -0.0469 0.6819 -0.7299
vn 0.5042 0.0956 -0.8583
vn 0.5064 0.1273 -0.8528
vn 0.3288 0.3158 -0.8900
vn 0.3955 0.0823 -0.9148
vn 0.4992 0.0071 -0.8664
vn 0.3094 -0.0125 -0.9508
vn 0.0327 0.2654 -0.9636
vn -0.2160 0.3512 -0.9110
vn 0.1388 0.0970 -0.9856
vn -0.0000 0.1650 -0.9863
vn -0.0000 0.2982 -0.9545
vn -0.0000 0.0208 -0.9998
vn 0.2570 0.9664 -0.0069
vn -0.5697 0.4149 -0.7094
vn -0.6082 0.4411 -0.6600
vn -0.6146 0.4049 -0.6770
vn 0.1957 0.9588 -0.2059
vn 0.1375 0.8966 -0.4208
vn 0.2102 0.9729 -0.0964
vn -0.4327 0.4544 -0.7787
vn -0.3653 0.6317 -0.6837
vn -0.4249 0.4790 -0.7681
vn 0.0469 0.6819 -0.7299
vn -0.3288 0.3158 -0.8900
vn -0.5064 0.1273 -0.8528
vn -0.5042 0.0956 -0.8583
vn -0.3955 0.0823 -0.9148
vn -0.4992 0.0071 -0.8664
vn -0.3094 -0.0125 -0.9508
vn -0.1388 0.0970 -0.9856
vn 0.2160 0.3512 -0.9110
vn -0.0327 0.2654 -0.9636
vn -0.6249 -0.0067 -0.7807
vn -0.6796 -0.0279 -0.7331
vn -0.3538 0.6559 -0.6668
vn -0.3141 0.3363 -0.8878
vn 0.2372 0.4231 -0.8745
vn -0.2986 0.7709 -0.5627
vn -0.3766 0.5035 -0.7776
vn -0.3861 0.7070 -0.5925
vn -0.9173 0.1203 -0.3796
vn -0.8111 0.3005 -0.5019
vn -0.7762 0.2712 -0.5692
vn -0.6966 0.3602 -0.6205
vn -0.4743 0.7849 -0.3986
vn -0.1638 0.9222 -0.3502
vn -0.0000 0.9447 -0.3279
vn -0.0000 0.9178 -0.3969
vn 0.3141 0.3363 -0.8878
vn 0.2986 0.7709 -0.5627
vn 0.3538 0.6559 -0.6668
vn 0.6796 -0.0279 -0.7331
vn 0.6249 -0.0067 -0.7807
vn -0.2372 0.4231 -0.8745
vn 0.3861 0.7070 -0.5925
vn 0.3766 0.5035 -0.7776
vn 0.1638 0.9222 -0.3502
vn 0.4743 0.7849 -0.3986
vn 0.6966 0.3602 -0.6205
vn 0.7762 0.2712 -0.5692
vn 0.8111 0.3005 -0.5019
vn 0.9173 0.1203 -0.3795
vn -0.0000 -0.4275 0.9040
vn -0.0000 -0.4591 0.8884
vn 0.2860 -0.2805 0.9163
vn -0.0000 0.7559 0.6547
vn 0.2058 0.7193 0.6636
vn -0.0000 0.7243 0.6895
vn -0.0000 0.9825 -0.1864
vn 0.1717 0.7114 0.6815
vn 0.1059 0.9764 -0.1883
vn 0.5890 0.6374 0.4968
vn 0.4219 0.8814 0.2127
vn 0.7466 0.6179 0.2464
vn 0.8486 0.3334 0.4108
vn 0.8795 0.2708 0.3913
vn 0.4783 -0.0680 0.8756
vn 0.3072 -0.3014 0.9027
vn 0.4615 -0.0468 0.8859
vn -0.0000 -0.5460 0.8378
vn 0.1671 -0.5562 0.8140
vn 0.0195 -0.9953 0.0953
vn -0.0000 -0.9933 0.1158
vn 0.3715 -0.9017 -0.2210
vn 0.5946 -0.6653 0.4516
vn 0.5667 -0.6712 0.4779
vn 0.7038 -0.5907 0.3946
vn 0.7200 -0.5697 -0.3964
vn 0.7660 -0.6245 -0.1521
vn 0.5449 -0.6837 0.4855
vn 0.5809 -0.6527 0.4863
vn 0.6711 -0.6057 0.4275
vn 0.7672 -0.6157 -0.1800
vn 0.7925 -0.5537 -0.2555
vn 0.3277 -0.5498 -0.7684
vn -0.2165 -0.2850 -0.9338
vn -0.2852 -0.4964 -0.8199
vn -0.1899 -0.3989 -0.8971
vn -0.2762 -0.4139 -0.8674
vn -0.2963 -0.5529 -0.7788
vn -0.3412 -0.4103 -0.8457
vn -0.3241 -0.5457 -0.7728
vn -0.3861 -0.4026 -0.8299
vn -0.4850 -0.5605 -0.6712
vn -0.4214 -0.4015 -0.8131
vn -0.7582 -0.5400 -0.3654
vn -0.6414 -0.5642 -0.5199
vn -0.6796 -0.4746 -0.5594
vn -0.3813 -0.7365 -0.5587
vn -0.7516 -0.3751 -0.5426
vn -0.7514 -0.3588 -0.5538
vn -0.3277 -0.5498 -0.7684
vn -0.3859 -0.7717 -0.5055
vn -0.3715 -0.9017 -0.2210
vn -0.7200 -0.5697 -0.3964
vn -0.7925 -0.5537 -0.2555
vn -0.7660 -0.6245 -0.1521
vn -0.7672 -0.6157 -0.1800
vn -0.5449 -0.6837 0.4855
vn -0.5809 -0.6527 0.4863
vn -0.6711 -0.6057 0.4275
vn -0.5667 -0.6712 0.4779
vn -0.5946 -0.6653 0.4516
vn -0.7038 -0.5907 0.3946
vn -0.0195 -0.9953 0.0953
vn -0.1671 -0.5562 0.8140
vn -0.3072 -0.3014 0.9027
vn -0.2860 -0.2805 0.9163
vn -0.2058 0.7193 0.6636
vn -0.1717 0.7114 0.6815
vn -0.1059 0.9764 -0.1883
vn -0.5890 0.6374 0.4968
vn -0.4783 -0.0680 0.8756
vn -0.4615 -0.0468 0.8859
vn -0.8795 0.2708 0.3913
vn -0.8486 0.3334 0.4108
vn -0.7466 0.6179 0.2464
vn -0.4219 0.8814 0.2127
vn -0.0000 -0.9659 0.2589
vn -0.0663 -0.9455 0.3187
vn -0.0000 -0.9030 0.4296
vn -0.0723 -0.8812 0.4672
vn -0.1111 -0.8046 0.5834
vn -0.0000 -0.8011 0.5985
vn -0.0000 -0.8157 0.5785
vn -0.1283 -0.8198 0.5581
vn -0.0000 -0.8593 0.5115
vn -0.1567 -0.8614 0.4831
vn -0.0000 -0.8913 0.4535
vn -0.1742 -0.8854 0.4310
vn -0.0000 -0.9197 0.3926
vn -0.1851 -0.9095 0.3721
vn -0.0000 -0.9444 0.3287
vn -0.1927 -0.9323 0.3060
vn -0.0000 -0.9673 0.2535
vn -0.2846 -0.4857 -0.8265
vn -0.2264 -0.6511 -0.7244
vn -0.4016 -0.4198 -0.8139
vn -0.1792 -0.6212 -0.7629
vn -0.0001 -0.9615 -0.2749
vn -0.0001 -0.9884 -0.1520
vn -0.1941 -0.9326 -0.3043
vn -0.1911 -0.9680 -0.1626
vn -0.0000 -0.9942 0.1073
vn -0.2030 -0.9742 0.0981
vn -0.2097 -0.9488 0.2364
vn -0.3666 0.4743 -0.8004
vn -0.3282 0.5118 -0.7939
vn -0.4966 0.5645 -0.6594
vn -0.3151 -0.2638 -0.9116
vn -0.5574 0.5683 -0.6052
vn -0.5150 -0.2650 -0.8152
vn -0.7875 -0.3206 -0.5264
vn -0.7860 0.5522 -0.2780
vn -0.7891 0.5553 -0.2624
vn -0.8045 -0.2975 -0.5140
vn -0.9321 -0.3260 -0.1577
vn -0.9391 -0.3129 -0.1422
vn -0.9496 -0.3050 0.0725
vn -0.9519 -0.2946 0.0846
vn -0.9510 -0.2788 0.1339
vn -0.9528 -0.2634 0.1510
vn -0.9535 -0.2553 0.1601
vn -0.9531 -0.2585 0.1577
vn -0.9489 -0.2561 0.1844
vn -0.9460 -0.2781 0.1663
vn -0.9396 -0.2736 0.2057
vn -0.9347 -0.3006 0.1898
vn -0.9264 -0.3023 0.2246
vn -0.9184 -0.3368 0.2078
vn -0.9080 -0.3362 0.2501
vn -0.8974 -0.3743 0.2336
vn -0.8831 -0.3682 0.2909
vn -0.3614 0.8611 -0.3577
vn -0.3589 0.8238 -0.4389
vn -0.3475 0.8335 -0.4295
vn -0.3281 0.8016 -0.4998
vn -0.3260 0.8039 -0.4975
vn -0.3480 0.7395 -0.5763
vn -0.3390 0.7516 -0.5658
vn -0.8537 -0.4675 0.2296
vn -0.8652 -0.4115 0.2866
vn -0.8573 -0.3757 0.3520
vn -0.8591 -0.3657 0.3581
vn -0.2571 0.3282 -0.9089
vn -0.3269 0.6184 -0.7146
vn -0.8764 0.3927 -0.2789
vn -0.8689 0.4815 -0.1148
vn -0.8795 0.3369 -0.3361
vn -0.8613 0.4787 -0.1704
vn -0.8817 -0.3831 0.2754
vn -0.8688 0.4209 -0.2610
vn -0.8737 0.4199 -0.2457
vn -0.8709 0.4327 -0.2332
vn -0.8730 0.4341 -0.2224
vn -0.8659 0.4685 -0.1751
vn -0.3615 0.8612 -0.3572
vn -0.8641 0.4692 -0.1823
vn -0.3610 0.8776 -0.3155
vn -0.3561 0.9004 -0.2500
vn -0.3585 0.8797 -0.3123
vn -0.8617 0.4844 -0.1511
vn -0.8486 0.5124 -0.1319
vn -0.3430 0.9101 -0.2326
vn -0.8239 0.5599 -0.0877
vn -0.8021 0.5942 -0.0597
vn -0.3274 0.9232 -0.2014
vn -0.2899 0.9478 -0.1324
vn -0.3038 0.9371 -0.1716
vn -0.7924 0.6074 -0.0568
vn -0.7779 0.6274 -0.0357
vn -0.2790 0.9534 -0.1149
vn -0.7677 0.6404 -0.0215
vn -0.7581 0.6521 -0.0063
vn -0.2812 0.9583 -0.0499
vn -0.2772 0.9599 0.0410
vn -0.2755 0.9607 -0.0344
vn -0.7552 0.6552 0.0175
vn -0.7722 0.6350 -0.0207
vn -0.2810 0.9590 0.0373
vn -0.8018 0.5926 -0.0766
vn -0.7963 0.5883 -0.1407
vn -0.2897 0.9551 -0.0614
vn -0.2916 0.9524 -0.0892
vn -0.2788 0.9291 -0.2431
vn -0.3000 0.9291 -0.2165
vn 0.3000 0.9291 -0.2165
vn 0.2897 0.9551 -0.0614
vn 0.2788 0.9291 -0.2431
vn 0.4966 0.5645 -0.6594
vn 0.3283 0.5118 -0.7939
vn 0.3666 0.4743 -0.8004
vn 0.5574 0.5683 -0.6052
vn 0.4016 -0.4198 -0.8139
vn 0.3151 -0.2638 -0.9116
vn 0.5150 -0.2650 -0.8152
vn 0.2846 -0.4857 -0.8265
vn 0.2264 -0.6511 -0.7244
vn 0.1792 -0.6212 -0.7629
vn 0.1941 -0.9326 -0.3043
vn 0.0001 -0.9884 -0.1521
vn 0.0001 -0.9615 -0.2749
vn 0.1911 -0.9680 -0.1626
vn 0.2030 -0.9742 0.0981
vn 0.2097 -0.9488 0.2364
vn 0.1927 -0.9323 0.3060
vn 0.1851 -0.9095 0.3721
vn 0.1742 -0.8854 0.4310
vn 0.1567 -0.8614 0.4831
vn 0.1283 -0.8198 0.5581
vn 0.0663 -0.9455 0.3187
vn 0.0723 -0.8812 0.4673
vn 0.1111 -0.8046 0.5834
vn 0.9080 -0.3362 0.2501
vn 0.8974 -0.3743 0.2336
vn 0.8831 -0.3682 0.2909
vn 0.9184 -0.3368 0.2078
vn 0.9264 -0.3023 0.2246
vn 0.9347 -0.3006 0.1898
vn 0.9396 -0.2736 0.2057
vn 0.9460 -0.2781 0.1663
vn 0.9489 -0.2561 0.1844
vn 0.9531 -0.2585 0.1577
vn 0.9535 -0.2553 0.1601
vn 0.9528 -0.2634 0.1510
vn 0.9510 -0.2788 0.1339
vn 0.9519 -0.2946 0.0846
vn 0.9496 -0.3050 0.0725
vn 0.9321 -0.3260 -0.1577
vn 0.9391 -0.3129 -0.1422
vn 0.7875 -0.3206 -0.5264
vn 0.8045 -0.2975 -0.5140
vn 0.2916 0.9524 -0.0892
vn 0.7860 0.5522 -0.2780
vn 0.7891 0.5553 -0.2624
vn 0.2812 0.9583 -0.0499
vn 0.2755 0.9607 -0.0344
vn 0.2772 0.9599 0.0410
vn 0.2810 0.9590 0.0373
vn 0.8018 0.5926 -0.0766
vn 0.7963 0.5883 -0.1407
vn 0.7722 0.6350 -0.0207
vn 0.7552 0.6552 0.0175
vn 0.3274 0.9232 -0.2014
vn 0.3038 0.9371 -0.1716
vn 0.2899 0.9478 -0.1324
vn 0.2790 0.9534 -0.1149
vn 0.7581 0.6521 -0.0063
vn 0.7677 0.6404 -0.0215
vn 0.7779 0.6274 -0.0357
vn 0.7924 0.6074 -0.0568
vn 0.3610 0.8776 -0.3155
vn 0.3585 0.8797 -0.3123
vn 0.3561 0.9004 -0.2500
vn 0.3430 0.9101 -0.2326
vn 0.8021 0.5942 -0.0597
vn 0.8239 0.5599 -0.0877
vn 0.8486 0.5124 -0.1319
vn 0.8617 0.4844 -0.1511
vn 0.3475 0.8335 -0.4295
vn 0.3589 0.8238 -0.4389
vn 0.3614 0.8611 -0.3577
vn 0.3615 0.8612 -0.3572
vn 0.8659 0.4685 -0.1751
vn 0.8641 0.4692 -0.1823
vn 0.8709 0.4327 -0.2332
vn 0.8730 0.4341 -0.2224
vn 0.3260 0.8039 -0.4975
vn 0.3281 0.8016 -0.4998
vn 0.3390 0.7516 -0.5658
vn 0.3480 0.7395 -0.5763
vn 0.8591 -0.3657 0.3581
vn 0.8652 -0.4115 0.2866
vn 0.8573 -0.3756 0.3521
vn 0.8537 -0.4674 0.2296
vn 0.3269 0.6184 -0.7146
vn 0.2571 0.3282 -0.9090
vn 0.8795 0.3369 -0.3361
vn 0.8689 0.4815 -0.1148
vn 0.8764 0.3927 -0.2789
vn 0.8613 0.4787 -0.1704
vn 0.8817 -0.3831 0.2754
vn 0.8688 0.4209 -0.2610
vn 0.8737 0.4199 -0.2457
vn -0.1173 -0.9641 0.2381
vn -0.0000 -0.8166 0.5772
vn -0.1610 -0.8316 0.5315
vn -0.1038 -0.9581 0.2669
vn -0.1246 -0.7569 0.6416
vn 0.2131 -0.2322 0.9490
vn 0.1334 -0.3404 0.9308
vn 0.4590 -0.6773 0.5750
vn 0.5588 -0.6779 0.4777
vn 0.4565 -0.6797 0.5742
vn 0.5623 -0.6815 0.4684
vn 0.0359 -0.9991 -0.0211
vn 0.4853 -0.8645 0.1307
vn 0.3203 -0.9470 -0.0241
vn 0.6957 -0.7174 -0.0367
vn 0.8406 -0.5258 0.1302
vn -0.0000 -0.9753 0.2208
vn -0.0000 -0.9927 0.1204
vn 0.1610 -0.8316 0.5315
vn 0.1173 -0.9641 0.2381
vn 0.1246 -0.7569 0.6416
vn 0.1038 -0.9581 0.2669
vn -0.3202 -0.9471 -0.0241
vn -0.4851 -0.8646 0.1307
vn -0.0359 -0.9991 -0.0211
vn -0.6957 -0.7174 -0.0367
vn -0.8406 -0.5258 0.1302
vn -0.5587 -0.6779 0.4777
vn -0.5622 -0.6815 0.4684
vn -0.4590 -0.6773 0.5750
vn -0.4562 -0.6799 0.5741
vn -0.0240 -0.1763 0.9840
vn -0.1333 -0.3406 0.9307
vn -0.2131 -0.2321 0.9491
vn -0.4325 -0.2771 0.8580
vn -0.3616 -0.5498 0.7530
vn -0.0000 -0.2290 0.9734
vn -0.0000 -0.5549 0.8319
vn -0.0000 0.1121 0.9937
vn 0.3616 -0.5498 0.7530
vn 0.4325 -0.2771 0.8580
vn 0.4894 0.1140 0.8645
vn 0.8010 -0.0367 0.5976
vn 0.8460 0.1871 0.4992
vn 0.9453 0.2568 0.2009
vn 0.8043 0.2971 0.5146
vn 0.9358 0.2825 0.2107
vn 0.8193 0.3416 0.4604
vn 0.6622 0.4755 0.5791
vn 0.7310 0.3916 0.5588
vn 0.9615 0.1191 0.2478
vn 0.9479 0.2429 0.2063
vn 0.0384 -0.1976 0.9795
vn 0.1014 0.0623 0.9929
vn 0.9735 0.2225 0.0524
vn 0.9645 0.2614 0.0383
vn 0.9650 0.2570 0.0517
vn 0.9880 0.1441 0.0550
vn 0.9994 -0.0170 0.0288
vn 0.9651 0.0456 0.2577
vn 0.8777 0.0563 0.4759
vn 0.0957 0.1115 0.9891
vn 0.4834 -0.5962 0.6410
vn -0.0384 -0.1976 0.9795
vn -0.4834 -0.5962 0.6410
vn -0.8010 -0.0367 0.5976
vn -0.1014 0.0623 0.9929
vn -0.0957 0.1115 0.9891
vn -0.9645 0.2614 0.0383
vn -0.9453 0.2568 0.2009
vn -0.9735 0.2226 0.0524
vn -0.9358 0.2825 0.2107
vn -0.8043 0.2971 0.5146
vn -0.9650 0.2570 0.0517
vn -0.9651 0.0456 0.2577
vn -0.9615 0.1191 0.2478
vn -0.9880 0.1441 0.0550
vn -0.9479 0.2430 0.2063
vn -0.8460 0.1871 0.4992
vn -0.8193 0.3417 0.4604
vn -0.4894 0.1140 0.8645
vn -0.6622 0.4755 0.5791
vn -0.7310 0.3917 0.5588
vn -0.2608 0.6365 0.7258
vn -0.5444 0.5462 0.6367
vn -0.0000 0.6848 0.7288
vn -0.3670 0.6949 0.6184
vn -0.0000 0.3148 0.9492
vn -0.0000 0.5932 0.8051
vn -0.3144 0.3351 0.8882
vn -0.2826 0.5999 0.7485
vn -0.0000 0.6934 0.7206
vn -0.2660 0.7287 0.6310
vn -0.0000 0.3164 0.9486
vn -0.1751 0.3123 0.9337
vn -0.1503 0.4064 0.9012
vn -0.0000 0.5058 0.8627
vn -0.0000 0.4135 0.9105
vn -0.0000 0.1411 0.9900
vn -0.0967 0.3039 0.9478
vn -0.3532 0.1508 0.9233
vn -0.7065 0.2090 0.6762
vn -0.6359 0.3970 0.6618
vn -0.4580 0.6717 0.5823
vn -0.6158 0.4529 0.6448
vn -0.6815 0.2051 0.7025
vn -0.6450 -0.0082 0.7642
vn -0.8500 0.1475 0.5058
vn -0.8592 0.0993 0.5020
vn -0.9309 0.1463 0.3347
vn -0.9881 0.1385 0.0676
vn -0.9680 0.1814 0.1735
vn -0.9963 0.0025 0.0859
vn -0.2775 -0.9596 0.0476
vn -0.1954 -0.9805 -0.0217
vn -0.2338 -0.7608 0.6054
vn -0.0689 -0.6161 0.7846
vn -0.0856 -0.8053 0.5866
vn -0.1328 -0.9842 0.1173
vn -0.9860 0.0293 0.1643
vn -0.9360 -0.0477 0.3488
vn -0.2024 -0.7487 0.6312
vn -0.6090 0.3865 0.6926
vn -0.6762 0.1306 0.7250
vn -0.8560 -0.2868 0.4300
vn -0.3458 -0.2732 0.8976
vn -0.1568 -0.3758 0.9133
vn -0.0689 -0.6161 0.7847
vn -0.6698 0.0836 0.7378
vn -0.0172 0.1725 0.9849
vn -0.0239 0.1503 0.9884
vn -0.1643 0.2402 0.9567
vn 0.0466 0.1138 0.9924
vn -0.1703 0.9640 0.2042
vn -0.1782 0.9057 0.3846
vn -0.2363 0.9536 0.1868
vn -0.2289 0.5599 0.7963
vn -0.2393 0.5576 0.7949
vn -0.2390 0.9003 0.3638
vn -0.2910 0.8172 0.4975
vn -0.2344 0.9502 0.2053
vn -0.7065 0.4888 0.5117
vn -0.1904 0.9625 0.1932
vn -0.2024 0.9429 0.2644
vn -0.9787 0.0724 0.1923
vn -0.9172 0.0372 0.3967
vn -0.9785 0.0880 0.1867
vn -0.3339 -0.0697 0.9400
vn -0.3369 -0.0574 0.9398
vn -0.3497 -0.0036 0.9369
vn -0.3524 0.0083 0.9358
vn -0.9174 0.0362 0.3963
vn -0.8305 -0.4804 0.2820
vn -0.8383 -0.5447 0.0213
vn -0.8342 -0.4703 0.2879
vn -0.0000 -0.8622 0.5066
vn -0.2618 -0.7063 0.6577
vn -0.2624 -0.6857 0.6789
vn -0.0000 -0.8786 0.4775
vn 0.5444 0.5462 0.6366
vn 0.2609 0.6365 0.7258
vn 0.3497 -0.0036 0.9369
vn 0.3370 -0.0574 0.9398
vn 0.3339 -0.0697 0.9400
vn 0.2618 -0.7063 0.6577
vn 0.3524 0.0082 0.9358
vn 0.2624 -0.6858 0.6788
vn 0.8305 -0.4805 0.2819
vn 0.8383 -0.5447 0.0213
vn 0.8341 -0.4704 0.2879
vn 0.8078 -0.5856 0.0674
vn 0.9174 0.0363 0.3964
vn 0.9172 0.0372 0.3967
vn 0.9785 0.0880 0.1867
vn 0.9787 0.0724 0.1923
vn 0.2024 0.9429 0.2644
vn 0.2231 0.9514 0.2122
vn 0.1904 0.9625 0.1932
vn 0.3671 0.6949 0.6184
vn 0.2344 0.9502 0.2053
vn 0.7065 0.4888 0.5117
vn 0.2826 0.5999 0.7485
vn 0.3144 0.3351 0.8882
vn 0.2660 0.7287 0.6310
vn 0.1751 0.3123 0.9337
vn 0.1503 0.4064 0.9012
vn 0.3532 0.1508 0.9233
vn 0.0967 0.3039 0.9478
vn 0.6359 0.3970 0.6618
vn 0.7065 0.2090 0.6762
vn 0.4580 0.6717 0.5823
vn 0.6158 0.4529 0.6448
vn 0.6815 0.2051 0.7025
vn 0.6450 -0.0082 0.7642
vn 0.8500 0.1475 0.5058
vn 0.9309 0.1463 0.3347
vn 0.0857 -0.8053 0.5866
vn 0.0689 -0.6161 0.7847
vn 0.2338 -0.7608 0.6054
vn 0.2024 -0.7487 0.6312
vn 0.9881 0.1385 0.0676
vn 0.9680 0.1814 0.1735
vn 0.9963 0.0025 0.0859
vn 0.1954 -0.9805 -0.0218
vn 0.1015 -0.9937 0.0483
vn 0.2775 -0.9596 0.0476
vn 0.1328 -0.9842 0.1173
vn 0.9860 0.0292 0.1643
vn 0.2909 0.8172 0.4975
vn 0.2363 0.9536 0.1868
vn 0.6698 0.0836 0.7378
vn 0.2392 0.5576 0.7949
vn 0.2289 0.5599 0.7963
vn 0.2390 0.9003 0.3638
vn 0.1782 0.9057 0.3846
vn 0.1703 0.9640 0.2042
vn 0.1434 0.8901 0.4326
vn 0.1004 0.9670 0.2341
vn 0.0172 0.1725 0.9849
vn 0.0238 0.1503 0.9884
vn -0.0466 0.1138 0.9924
vn 0.1643 0.2402 0.9567
vn -0.0387 -0.4316 0.9013
vn 0.1568 -0.3759 0.9133
vn 0.3458 -0.2732 0.8976
vn -0.0172 0.9582 -0.2857
vn -0.1051 0.9027 -0.4173
vn -0.0336 0.9691 -0.2442
vn -0.0805 0.9532 -0.2914
vn -0.1277 0.2955 -0.9468
vn -0.0587 0.0271 -0.9979
vn -0.1419 0.2783 -0.9499
vn -0.0386 0.2641 -0.9637
vn 0.4787 -0.4459 -0.7563
vn 0.4111 -0.2694 -0.8709
vn 0.2888 -0.7040 -0.6489
vn 0.2347 -0.1765 -0.9559
vn 0.2225 0.2534 -0.9414
vn 0.3295 0.3917 -0.8591
vn 0.2613 0.4728 -0.8415
vn 0.2864 0.6035 -0.7441
vn 0.1091 0.8501 -0.5153
vn 0.2671 0.9252 -0.2695
vn -0.0036 0.9743 -0.2252
vn 0.3312 -0.0208 -0.9433
vn 0.1413 0.0572 -0.9883
vn 0.1688 0.6843 -0.7094
vn 0.1555 0.9874 -0.0300
vn 0.2603 0.7568 -0.5996
vn -0.0859 0.9963 0.0055
vn 0.1555 0.0974 -0.9830
vn 0.0740 0.1094 -0.9912
vn 0.0273 0.7921 -0.6098
vn 0.0486 0.0039 -0.9988
vn 0.1690 0.7939 -0.5841
vn -0.0036 0.8390 -0.5441
vn -0.1378 0.8569 -0.4966
vn 0.0147 0.1828 -0.9830
vn -0.0883 0.9956 0.0321
vn -0.1334 0.9910 -0.0087
vn -0.0612 0.9979 0.0207
vn -0.1170 0.9911 0.0640
vn -0.0752 0.7195 0.6904
vn -0.3183 0.6665 0.6742
vn -0.2666 0.7080 0.6540
vn -0.2577 0.8164 0.5168
vn 0.0114 0.8531 0.5216
vn 0.3217 0.8364 -0.4437
vn -0.3435 0.8170 0.4632
vn 0.1528 0.9522 0.2644
vn 0.2139 0.9388 0.2699
vn -0.0284 0.9887 0.1471
vn 0.1370 0.8365 0.5306
vn 0.0084 0.8093 0.5874
vn 0.1298 0.9915 0.0045
vn 0.1186 0.9929 -0.0108
vn 0.1004 0.9670 0.2340
vn 0.1296 0.9915 -0.0135
vn 0.2894 0.6605 -0.6929
vn 0.2681 0.6437 -0.7168
vn 0.2701 0.6476 -0.7125
vn 0.3058 0.6674 -0.6790
vn 0.2212 0.7284 -0.6484
vn 0.1759 0.6957 -0.6965
vn 0.0916 0.7525 -0.6522
vn 0.1601 0.8072 -0.5681
vn -0.0152 0.9914 0.1301
vn -0.0690 0.9970 0.0342
vn 0.2473 0.2180 -0.9441
vn 0.1428 0.1219 -0.9822
vn 0.1927 0.0558 -0.9797
vn 0.1125 0.0603 -0.9918
vn 0.2978 -0.1004 -0.9493
vn 0.2172 -0.0318 -0.9756
vn 0.3286 -0.1760 -0.9279
vn 0.2839 -0.1451 -0.9478
vn 0.1500 -0.7445 -0.6506
vn 0.2509 -0.7856 -0.5656
vn 0.1981 -0.7876 -0.5835
vn 0.0914 -0.7092 -0.6991
vn 0.2355 -0.5621 -0.7928
vn 0.1101 -0.8364 -0.5369
vn 0.0963 -0.6696 -0.7364
vn 0.0514 -0.6752 -0.7359
vn -0.1090 0.2748 -0.9553
vn -0.1264 0.2663 -0.9556
vn -0.1207 0.2863 -0.9505
vn -0.3082 0.9145 0.2622
vn -0.1447 0.9460 0.2900
vn -0.0586 0.9889 0.1366
vn -0.4122 0.7529 0.5130
vn -0.3074 0.8908 0.3346
vn 0.0563 0.9981 -0.0232
vn 0.1644 0.9863 0.0122
vn 0.1738 0.9831 -0.0573
vn 0.0519 0.9951 -0.0842
vn 0.1145 -0.0398 -0.9926
vn 0.1753 -0.0165 -0.9844
vn 0.2279 -0.1031 -0.9682
vn 0.1925 0.9752 -0.1094
vn 0.1496 0.9824 -0.1122
vn 0.1873 0.9815 -0.0401
vn 0.0617 0.9796 -0.1911
vn 0.0775 0.9754 -0.2062
vn 0.0034 0.9638 -0.2666
vn -0.0943 0.2652 -0.9596
vn 0.0812 0.9530 -0.2919
vn 0.1389 0.9693 -0.2030
vn 0.1681 0.9304 -0.3257
vn -0.1098 0.2678 -0.9572
vn 0.3086 0.8795 -0.3623
vn 0.2980 0.8815 -0.3662
vn 0.3146 0.9351 -0.1630
vn 0.2671 0.8967 -0.3530
vn 0.1348 0.2730 -0.9525
vn -0.0257 0.3131 -0.9494
vn 0.1238 0.2814 -0.9516
vn -0.0214 0.2948 -0.9553
vn 0.2961 0.8839 -0.3620
vn 0.1236 0.2744 -0.9536
vn 0.1366 0.2669 -0.9540
vn 0.8455 0.3205 -0.4271
vn 0.8457 0.3222 -0.4255
vn 0.8395 0.2716 -0.4706
vn 0.3180 0.8791 -0.3550
vn 0.8479 0.3698 -0.3799
vn 0.8960 0.3396 0.2862
vn 0.8946 0.3132 0.3187
vn 0.9358 0.0593 0.3474
vn 0.9243 0.0684 0.3755
vn 0.2543 0.0335 0.9666
vn 0.3032 0.2904 0.9076
vn 0.2470 0.0636 0.9669
vn 0.3030 0.2750 0.9124
vn 0.1312 0.0829 0.9879
vn 0.3820 0.9050 0.1873
vn 0.4434 0.8773 0.1836
vn 0.3653 0.9016 0.2316
vn 0.4666 0.8762 0.1205
vn 0.4653 0.8839 0.0468
vn 0.2442 0.9693 -0.0303
vn 0.2019 0.2510 0.9467
vn 0.0175 0.0877 0.9960
vn 0.1073 0.2300 0.9673
vn 0.0343 0.9934 -0.1092
vn 0.0790 0.2263 0.9708
vn 0.5934 0.4829 0.6440
vn 0.7943 0.5893 0.1474
vn -0.1407 0.0222 0.9898
vn -0.0807 0.2277 0.9704
vn -0.2815 0.0517 0.9582
vn 0.7478 0.3546 0.5612
vn 0.7484 0.3560 0.5596
vn 0.7409 0.3384 0.5802
vn -0.1245 -0.0351 0.9916
vn -0.0441 0.2526 0.9666
vn 0.3467 0.9178 0.1933
vn 0.3423 0.9123 0.2250
vn 0.3697 0.9289 0.0214
vn 0.3734 0.9271 0.0324
vn 0.7548 0.3721 0.5402
vn 0.4208 -0.0741 -0.9041
vn 0.3005 -0.0819 -0.9503
vn 0.4142 0.0788 -0.9068
vn 0.4390 0.0851 -0.8944
vn 0.9456 0.3017 -0.1214
vn 0.9303 0.3297 -0.1607
vn 0.9296 0.3308 -0.1622
vn 0.9104 0.3599 -0.2039
vn 0.4666 0.8706 -0.1562
vn 0.4533 0.8825 -0.1250
vn 0.3628 0.0761 -0.9287
vn 0.2809 0.9597 0.0023
vn 0.3680 0.9217 -0.1226
vn 0.2961 0.0475 -0.9540
vn -0.1818 0.2132 0.9600
vn 0.2736 0.9533 0.1283
vn 0.2475 0.9606 -0.1262
vn 0.1910 0.9813 -0.0223
vn 0.1846 0.9817 0.0464
vn 0.2058 0.9755 0.0771
vn -0.3286 0.1508 0.9324
vn -0.4179 0.0574 0.9067
vn -0.3734 0.0967 0.9226
vn -0.3972 0.0874 0.9136
vn 0.2200 0.9754 -0.0137
vn 0.1035 0.9838 0.1462
vn 0.8005 0.2534 -0.5432
vn 0.7281 0.4051 0.5530
vn 0.2682 0.9633 -0.0099
vn 0.5821 0.0994 -0.8070
vn 0.4377 -0.0455 -0.8980
vn 0.5833 0.0663 -0.8096
vn 0.5321 0.0168 -0.8465
vn 0.0564 0.9339 0.3532
vn 0.1978 0.9600 0.1982
vn 0.3342 0.9414 0.0464
vn 0.6786 0.1537 -0.7182
vn 0.3773 0.9236 0.0674
vn 0.7107 0.1988 -0.6749
vn 0.6560 0.0452 -0.7534
vn 0.2377 0.9437 0.2302
vn 0.1331 0.9022 0.4104
vn 0.3800 0.9237 0.0495
vn 0.7232 0.2600 -0.6399
vn 0.6727 -0.0043 -0.7399
vn 0.8829 0.3555 0.3067
vn 0.8864 0.3506 0.3022
vn 0.9079 0.3184 0.2727
vn 0.2348 0.9442 0.2309
vn 0.8564 0.3899 0.3384
vn 0.1055 0.9003 0.4222
vn 0.4992 0.3770 0.7802
vn 0.4898 0.3647 0.7919
vn 0.4875 0.3618 0.7946
vn 0.4787 0.3506 0.8049
vn -0.3401 0.3514 0.8723
vn -0.3367 0.3491 0.8745
vn -0.3743 0.3481 0.8595
vn -0.3626 0.3252 0.8734
vn -0.5027 0.3275 0.8000
vn -0.4429 0.3178 0.8384
vn -0.5637 0.3181 0.7622
vn -0.5251 0.3151 0.7906
vn -0.5562 0.3460 0.7556
vn -0.0676 0.9975 -0.0194
vn -0.4565 0.7447 0.4868
vn -0.3371 0.7503 0.5687
vn -0.5840 -0.1243 0.8022
vn -0.4193 0.6192 0.6639
vn -0.3607 0.6105 0.7051
vn -0.2641 0.6476 0.7148
vn -0.3835 -0.1108 0.9169
vn -0.2496 0.0716 0.9657
vn -0.1253 -0.0280 0.9917
vn 0.0970 -0.8156 0.5704
vn -0.0413 0.0419 0.9983
vn -0.1897 0.1745 0.9662
vn -0.2640 0.3325 0.9054
vn -0.2508 0.4214 0.8715
vn -0.3325 0.5368 0.7754
vn -0.0355 -0.9988 0.0342
vn 0.0334 -0.9816 -0.1882
vn -0.0154 -0.9917 0.1275
vn 0.0766 -0.9893 -0.1240
vn 0.0358 -0.9959 -0.0837
vn 0.1953 -0.9805 -0.0218
vn -0.0746 -0.8959 0.4379
vn -0.0335 -0.8655 0.4999
vn -0.0918 -0.6527 0.7520
vn 0.0856 -0.8053 0.5866
vn 0.0688 -0.6161 0.7847
vn -0.0774 -0.1577 0.9845
vn -0.0439 0.1084 0.9931
vn -0.0465 0.1138 0.9924
vn -0.2928 0.0423 0.9552
vn -0.2453 -0.2477 0.9373
vn -0.1726 0.5696 0.8036
vn -0.2186 0.6581 0.7205
vn -0.1425 -0.7707 0.6211
vn -0.1029 -0.4522 0.8860
vn -0.1005 -0.1476 0.9839
vn -0.0025 0.7184 0.6956
vn -0.0911 0.0930 0.9915
vn -0.1205 0.7388 0.6631
vn 0.0535 0.9980 0.0344
vn 0.0529 0.9985 0.0100
vn 0.2695 0.7601 -0.5913
vn 0.3451 0.7600 -0.5507
vn 0.1846 0.8061 -0.5622
vn 0.5020 -0.0468 -0.8636
vn 0.6644 0.2031 -0.7193
vn 0.6581 0.1677 -0.7340
vn 0.7102 -0.2337 -0.6641
vn 0.8380 -0.0573 -0.5427
vn 0.8665 -0.0776 -0.4931
vn 0.7047 -0.2614 -0.6596
vn 0.2510 -0.7856 -0.5656
vn 0.2263 -0.7839 -0.5782
vn 0.1210 -0.7593 -0.6394
vn 0.3746 0.7137 -0.5919
vn 0.2561 -0.1613 -0.9531
vn 0.2046 -0.1413 -0.9686
vn 0.2441 -0.1542 -0.9574
vn 0.3286 -0.1759 -0.9279
vn 0.2843 0.6993 -0.6559
vn 0.1703 0.9640 0.2041
vn 0.2020 0.9794 0.0007
vn 0.2582 0.9659 0.0202
vn 0.2363 0.9536 0.1867
vn 0.2344 0.9502 0.2052
vn 0.2646 0.9627 0.0556
vn 0.8589 -0.0943 -0.5034
vn 0.7226 0.1447 -0.6760
vn 0.7513 -0.3941 -0.5294
vn 0.6565 -0.1511 -0.7390
vn 0.8384 -0.5447 0.0213
vn 0.8078 -0.5856 0.0673
vn 0.7691 0.2374 -0.5935
vn 0.7321 0.3255 -0.5984
vn 0.9785 0.0880 0.1866
vn 0.9781 0.2021 -0.0502
vn 0.9717 0.2291 -0.0573
vn 0.9787 0.0724 0.1922
vn 0.1904 0.9625 0.1931
vn 0.1808 0.9803 0.0795
vn 0.1115 0.8148 -0.5690
vn 0.1038 0.4825 -0.8697
vn 0.0791 0.8194 -0.5677
vn 0.7166 0.3869 -0.5804
vn 0.2269 0.9710 0.0756
vn 0.1450 0.6533 -0.7431
vn 0.1593 0.0602 -0.9854
vn 0.1475 -0.1322 -0.9802
vn 0.1532 0.1673 -0.9739
vn 0.0360 0.2798 -0.9594
vn 0.0694 -0.0121 -0.9975
vn 0.2005 0.1817 -0.9627
vn 0.1997 0.2805 -0.9388
vn 0.5182 -0.1124 -0.8478
vn 0.7914 -0.0453 -0.6096
vn 0.5112 -0.2099 -0.8334
vn 0.4085 -0.1020 -0.9070
vn 0.4969 0.0719 -0.8648
vn 0.6172 0.1837 -0.7651
vn 0.1199 -0.0138 -0.9927
vn 0.2571 0.3281 -0.9090
vn 0.3269 0.6184 -0.7147
vn 0.1726 0.1361 -0.9755
vn 0.1265 0.2351 -0.9637
vn 0.1301 0.1596 -0.9786
vn -0.0379 -0.2108 -0.9768
vn 0.1435 -0.1263 -0.9816
vn 0.1843 -0.0724 -0.9802
vn 0.3977 -0.0358 -0.9168
vn 0.4681 0.2526 -0.8468
vn 0.4936 0.2556 -0.8313
vn 0.5716 0.1778 -0.8010
vn 0.7239 0.0396 -0.6888
vn 0.7049 -0.0299 -0.7087
vn 0.6445 0.1212 -0.7549
vn -0.0778 0.6628 0.7447
vn -0.0734 0.6585 0.7490
vn -0.0119 0.6498 0.7600
vn 0.0173 0.6364 0.7712
vn -0.0380 -0.2980 0.9538
vn 0.0066 -0.3731 0.9278
vn -0.0772 -0.3218 0.9437
vn 0.0150 -0.3834 0.9235
vn 0.3906 0.9129 -0.1184
vn 0.3634 0.9178 -0.1599
vn 0.1048 -0.3325 0.9372
vn 0.1065 -0.3530 0.9296
vn 0.1117 0.5464 0.8300
vn 0.1286 0.5143 0.8479
vn 0.6550 -0.3910 0.6465
vn 0.6638 -0.3636 0.6536
vn 0.8265 -0.3719 0.4226
vn 0.6989 0.3149 0.6421
vn 0.7839 0.3678 0.5003
vn 0.7084 0.3577 0.6085
vn 0.9045 0.0441 0.4242
vn 0.8776 0.1399 0.4585
vn 0.8605 -0.3318 0.3866
vn 0.9043 -0.4040 -0.1382
vn 0.9662 -0.1709 -0.1929
vn 0.9776 -0.1674 -0.1273
vn 0.8882 -0.4319 -0.1568
vn 0.9407 -0.3047 -0.1493
vn 0.8881 -0.1543 -0.4330
vn 0.9611 -0.1520 0.2308
vn 0.9596 -0.0884 0.2670
vn 0.9031 -0.0110 -0.4292
vn 0.9040 -0.0810 -0.4199
vn 0.8960 -0.0917 -0.4345
vn 0.8977 -0.0292 -0.4396
vn 0.9382 0.3445 -0.0341
vn 0.9629 -0.0852 0.2559
vn 0.9325 0.1300 -0.3370
vn 0.8487 -0.0274 -0.5282
vn 0.8880 -0.1543 -0.4331
vn 0.6966 -0.3707 -0.6143
vn 0.6196 -0.5147 -0.5926
vn 0.6122 -0.3689 -0.6993
vn 0.0001 -1.0000 -0.0000
vn 0.0002 -1.0000 0.0001
vn 0.0002 -1.0000 -0.0000
vn 0.9416 -0.3297 -0.0687
vn 0.9546 -0.2829 -0.0931
vn 0.6888 -0.4701 0.5518
vn 0.6880 -0.4674 0.5551
vn 0.6646 -0.4288 0.6119
vn 0.7059 -0.5009 0.5008
vn 0.1343 -0.5916 0.7950
vn 0.1633 -0.6184 0.7687
vn 0.1661 -0.6206 0.7664
vn 0.1909 -0.6427 0.7420
vn -0.8036 -0.2266 0.5504
vn -0.7406 -0.4072 0.5344
vn -0.6449 -0.5161 0.5637
vn 0.9905 -0.1271 0.0524
vn 0.9463 -0.3061 0.1040
vn 0.8362 -0.5090 0.2041
vn 0.1191 -0.6789 0.7245
vn 0.3468 -0.6521 0.6741
vn 0.3269 -0.6664 0.6701
vn 0.1736 -0.6727 0.7193
vn -0.0820 -0.6711 0.7368
vn -0.0944 -0.6623 0.7433
vn -0.9658 -0.1564 0.2070
vn -0.8903 -0.3209 0.3231
vn -0.9801 -0.1362 0.1445
vn -0.8466 -0.3025 0.4378
vn -0.9024 -0.2359 0.3605
vn -0.8043 -0.5023 0.3176
vn -0.1717 -0.6125 0.7716
vn -0.3949 -0.6005 0.6953
vn -0.4130 -0.6258 0.6617
vn -0.1272 -0.5896 0.7976
vn 0.9759 -0.1622 0.1457
vn 0.9577 -0.2143 0.1921
vn 0.9506 -0.2029 0.2349
vn 0.1076 -0.5752 0.8109
vn 0.1296 -0.5571 0.8203
vn 0.1258 -0.5058 -0.8534
vn -0.0577 -0.6940 -0.7177
vn 0.1491 -0.5736 -0.8054
vn -0.1985 -0.4973 -0.8446
vn 0.2608 -0.1326 -0.9563
vn 0.2823 -0.1778 -0.9427
vn 0.2993 -0.0864 -0.9502
vn 0.3378 -0.0371 -0.9405
vn 0.3313 -0.0518 -0.9421
vn 0.2982 -0.1309 -0.9455
vn -0.4171 -0.0608 -0.9068
vn -0.3938 -0.0107 -0.9191
vn -0.4098 -0.0148 -0.9120
vn -0.4163 -0.0993 -0.9038
vn -0.9027 -0.0146 -0.4301
vn -0.8899 0.0651 -0.4514
vn 0.6755 -0.3832 0.6299
vn 0.9537 -0.2911 0.0755
vn 0.9717 -0.1948 0.1335
vn -0.4098 -0.0159 -0.9120
vn -0.3251 -0.0656 -0.9434
vn -0.0432 -0.0471 -0.9980
vn 0.3278 -0.1300 -0.9358
vn -0.0768 -0.0664 -0.9948
vn 0.1712 -0.1415 -0.9750
vn 0.8696 -0.1673 -0.4645
vn 0.8538 -0.1928 -0.4835
vn -0.3058 -0.1035 -0.9465
vn -0.1045 -0.1477 -0.9835
vn 0.0871 -0.1898 -0.9780
vn 0.8618 -0.1520 -0.4839
vn 0.8379 -0.2034 -0.5065
vn 0.9806 -0.1810 0.0753
vn 0.9025 -0.2803 0.3271
vn 0.6903 -0.4088 0.5970
vn -0.0209 -0.4058 0.9137
vn 0.1189 -0.4003 0.9086
vn 0.1305 -0.4086 0.9033
vn 0.6453 -0.4414 0.6234
vn -0.0057 -0.3953 0.9186
vn -0.1593 -0.3861 0.9086
vn -0.1258 -0.3285 0.9361
vn -0.8414 -0.1403 0.5218
vn -0.7231 -0.2027 0.6603
vn -0.7785 -0.2197 0.5879
vn -0.8001 -0.1178 0.5883
vn -0.6787 -0.2116 0.7032
vn -0.7561 -0.1423 0.6388
vn -0.6381 -0.2526 0.7273
vn -0.6954 -0.1801 0.6957
vn -0.5535 0.3226 0.7678
vn -0.5828 0.3947 0.7103
vn -0.5529 0.7608 0.3399
vn -0.6510 0.6423 0.4045
vn -0.9702 0.0114 0.2419
vn -0.9772 0.0396 0.2084
vn -0.6117 0.7492 0.2540
vn -0.6835 0.6862 0.2488
vn -0.9705 0.0828 -0.2265
vn -0.9696 0.0262 -0.2433
vn -0.9716 -0.0150 0.2363
vn -0.9619 -0.0084 -0.2734
vn -0.9784 -0.0333 0.2038
vn -0.9996 0.0248 -0.0134
vn -0.8250 -0.1455 0.5461
vn -0.8553 -0.2389 0.4598
vn -0.8284 -0.1496 0.5398
vn -0.8666 -0.2075 0.4539
vn -0.8335 -0.1781 0.5230
vn -0.8778 -0.1691 0.4481
vn -0.8406 -0.5257 0.1302
vn -0.9525 -0.2407 0.1867
vn -0.9508 -0.3061 -0.0487
vn -0.6958 -0.7173 -0.0367
vn -0.9808 -0.0992 0.1677
vn -0.9970 -0.0613 -0.0470
vn -0.9990 -0.0193 -0.0401
vn -0.9829 -0.0663 0.1720
vn -0.8077 -0.2093 0.5511
vn -0.8641 -0.1583 0.4778
vn -0.1685 -0.3545 0.9198
vn -0.0266 -0.3815 0.9240
vn -0.2251 -0.2663 0.9372
vn -0.0509 -0.3032 0.9516
vn -0.2741 -0.1606 0.9482
vn -0.0644 -0.1646 0.9842
vn -0.3419 -0.7051 -0.6213
vn -0.4138 -0.6597 -0.6273
vn -0.4331 -0.6077 -0.6656
vn -0.0687 -0.0769 0.9947
vn 0.1643 -0.1516 0.9747
vn 0.1155 -0.0255 0.9930
vn -0.0240 -0.1763 0.9841
vn 0.9652 0.0456 0.2577
vn 0.9717 -0.0082 0.2359
vn 0.8843 -0.0295 0.4660
vn 0.9697 -0.0651 0.2353
vn 0.8754 -0.1241 0.4673
vn 0.9971 -0.0763 0.0031
vn 0.9967 -0.0795 -0.0142
vn -0.9087 0.2780 -0.3114
vn -0.5527 -0.4772 -0.6832
vn -0.8029 -0.1122 -0.5854
vn -0.7545 -0.2824 -0.5925
vn -0.7752 -0.2304 -0.5882
vn -0.8131 -0.0877 -0.5754
vn -0.8111 -0.0566 -0.5821
vn -0.8233 -0.0104 -0.5676
vn 0.7696 -0.1423 -0.6225
vn 0.7477 -0.0903 -0.6579
vn 0.7311 -0.1171 -0.6721
vn 0.7224 -0.0811 -0.6867
vn 0.7239 0.0395 -0.6888
vn 0.7049 -0.0300 -0.7086
vn 0.1843 -0.0725 -0.9802
vn 0.2205 -0.1843 -0.9578
vn -0.0416 -0.2360 -0.9709
vn -0.2432 -0.3248 -0.9140
vn -0.1127 -0.3778 -0.9190
vn -0.3128 -0.2430 -0.9182
vn -0.0624 -0.2578 -0.9642
vn -0.3499 -0.1451 -0.9255
vn -0.1108 -0.2053 -0.9724
vn -0.3202 -0.1226 -0.9394
vn -0.8206 -0.0188 -0.5712
vn 0.1752 -0.2787 0.9443
vn 0.1313 -0.3801 0.9156
vn 0.9591 -0.1459 0.2425
vn 0.8523 -0.2019 0.4825
vn 0.7941 -0.2984 0.5294
vn 0.9351 -0.2141 0.2823
vn -0.1061 -0.1661 -0.9804
vn 0.0834 -0.1622 -0.9832
vn 0.9866 -0.1612 0.0234
vn 0.8377 -0.1313 -0.5300
vn 0.8091 -0.1934 -0.5550
vn 0.7909 -0.1803 -0.5848
vn 0.7944 -0.1366 -0.5918
vn 0.9940 -0.1082 -0.0152
vn 0.1177 -0.1848 -0.9757
vn 0.1808 -0.1650 -0.9696
vn 0.2495 -0.9645 0.0862
vn 0.0827 -0.8669 -0.4915
vn 0.5776 0.0778 0.8126
vn 0.3135 -0.4085 0.8572
vn 0.3344 -0.3840 0.8607
vn 0.3346 -0.3870 0.8592
vn 0.1846 -0.2790 0.9424
vn 0.3110 0.5106 0.8016
vn 0.2193 0.2456 0.9442
vn 0.2163 0.6071 0.7646
vn 0.2088 0.3319 0.9199
vn 0.5697 0.3297 0.7528
vn 0.3327 0.1462 0.9316
vn 0.3316 -0.4609 0.8232
vn 0.1645 -0.2940 0.9416
vn 0.2389 -0.2701 0.9327
vn 0.1027 -0.1888 0.9766
vn 0.3419 0.9108 0.2313
vn 0.3786 0.9189 0.1106
vn 0.3632 0.9172 0.1640
vn 0.4117 0.9110 -0.0227
vn -0.4173 0.5848 0.6956
vn -0.3518 0.6608 0.6630
vn -0.5165 0.5606 0.6473
vn -0.1517 0.7596 0.6324
vn 0.0156 0.6497 0.7600
vn 0.0867 0.5735 0.8146
vn 0.1805 0.3302 0.9265
vn 0.1935 0.2082 0.9588
vn 0.4424 0.0448 0.8957
vn 0.2762 0.0369 0.9604
vn 0.1157 -0.0850 0.9896
vn 0.6067 -0.5377 0.5855
vn 0.2280 -0.1072 0.9677
vn 0.4398 0.0098 0.8980
vn 0.3577 -0.1377 0.9236
vn 0.3504 -0.0843 0.9328
vn -0.9347 0.0629 0.3498
vn -0.9181 0.0744 0.3893
vn -0.9384 0.0546 0.3411
vn 0.3349 -0.8737 -0.3528
vn 0.0756 -0.8896 -0.4505
vn 0.1070 -0.8999 -0.4229
vn -0.8721 0.2052 0.4443
vn 0.0356 0.7732 0.6332
vn -0.2460 0.6730 0.6975
vn -0.0911 0.7288 0.6786
vn -0.2688 0.6837 0.6785
vn -0.4585 0.5663 0.6849
vn -0.3141 0.6781 0.6644
vn -0.8852 0.1394 0.4438
vn -0.8210 0.3068 0.4814
vn -0.0334 -0.8320 -0.5538
vn -0.0230 -0.8287 -0.5592
vn -0.0483 -0.8522 -0.5209
vn 0.5371 -0.6063 0.5864
vn 0.6261 -0.5102 0.5897
vn 0.8424 -0.5383 0.0253
vn 0.9717 -0.2360 0.0052
vn 0.9013 -0.4256 -0.0803
vn 0.5221 0.1922 0.8310
vn 0.4819 0.1219 0.8677
vn 0.1657 0.8004 0.5761
vn 0.6211 -0.3845 0.6829
vn 0.6456 0.6739 0.3592
vn 0.8048 0.3753 -0.4599
vn 0.8036 0.4595 -0.3783
vn 0.7962 0.5150 -0.3177
vn 0.8002 0.3222 -0.5059
vn 0.9379 -0.3072 -0.1612
vn 0.8502 -0.4513 -0.2712
vn 0.2123 -0.9767 -0.0302
vn 0.2220 -0.9750 -0.0109
vn 0.2633 -0.9620 0.0720
vn 0.4521 -0.7962 0.4021
vn 0.4347 -0.8677 0.2409
vn 0.4872 -0.7810 0.3907
vn 0.4318 -0.8714 0.2328
vn 0.4770 -0.7958 0.3731
vn 0.3150 -0.9258 0.2091
vn -0.0000 -0.9837 0.1800
vn 0.3923 -0.9111 0.1268
vn 0.3461 -0.9372 0.0431
vn 0.4498 -0.8847 0.1221
vn 0.4764 -0.8792 0.0094
vn 0.3845 -0.9163 -0.1119
vn 0.5256 -0.8246 -0.2095
vn 0.5590 -0.7711 -0.3050
vn 0.5150 -0.8273 -0.2243
vn 0.5467 -0.7308 -0.4087
vn 0.6546 -0.5671 -0.4999
vn 0.6378 -0.7147 -0.2871
vn 0.5050 -0.8333 0.2250
vn 0.6029 -0.7969 -0.0372
vn 0.5360 -0.8382 0.1003
vn 0.2975 -0.8452 0.4440
vn 0.2403 -0.6710 0.7015
vn -0.0000 -0.8946 0.4469
vn 0.2128 -0.4932 0.8435
vn 0.1649 0.1391 0.9765
vn 0.1741 0.3748 0.9106
vn 0.1861 -0.2649 0.9461
vn 0.4417 -0.3087 0.8424
vn 0.3381 -0.3045 0.8905
vn 0.3996 -0.1777 0.8993
vn 0.3740 -0.3676 0.8515
vn 0.2511 -0.6313 0.7338
vn 0.1696 -0.6222 0.7643
vn 0.2210 -0.5036 0.8352
vn 0.4076 0.2914 0.8654
vn -0.1353 -0.5655 0.8136
vn -0.0450 -0.6610 0.7490
vn -0.2091 -0.5128 0.8326
vn -0.1322 0.3095 0.9416
vn 0.0031 -0.7634 0.6459
vn 0.0599 -0.2011 0.9777
vn -0.3688 -0.5899 0.7183
vn 0.0784 -0.6583 0.7486
vn -0.1340 -0.6138 0.7780
vn 0.0477 -0.7933 0.6070
vn 0.9237 0.3403 0.1758
vn 0.8744 0.4618 0.1486
vn 0.8875 0.3650 0.2811
vn 0.7485 0.6418 0.1670
vn 0.4733 0.8179 0.3271
vn 0.8110 0.5798 0.0781
vn 0.4716 0.8650 0.1713
vn 0.7883 0.5568 0.2618
vn 0.6792 0.4886 0.5477
vn 0.4193 0.6419 0.6419
vn 0.1317 0.7358 0.6643
vn 0.7259 0.4084 0.5534
vn 0.3711 0.3777 0.8483
vn 0.0861 0.4707 0.8781
vn 0.3246 0.0875 0.9418
vn 0.4421 -0.1115 0.8900
vn 0.4405 -0.0968 0.8925
vn 0.1109 0.0947 0.9893
vn 0.3266 0.0547 0.9436
vn 0.5262 -0.0170 0.8502
vn 0.4167 -0.3682 0.8311
vn 0.8825 0.2348 0.4075
vn 0.8789 0.0430 0.4750
vn 0.7816 0.1915 0.5937
vn 0.8833 0.3303 0.3325
vn 0.3874 -0.4403 0.8100
vn 0.8439 0.2636 0.4672
vn 0.6227 0.3848 0.6813
vn 0.5244 0.2582 0.8114
vn 0.3661 0.1083 0.9243
vn 0.0877 0.0350 0.9955
vn 0.1831 -0.2062 0.9612
vn 0.2185 -0.4119 0.8846
vn 0.2921 0.0085 0.9564
vn 0.1674 0.0751 0.9830
vn 0.1700 0.0145 0.9853
vn 0.3009 0.0170 0.9535
vn -0.1059 0.4014 0.9098
vn 0.1161 -0.1214 0.9858
vn 0.0405 0.9151 0.4013
vn 0.4981 0.8148 0.2966
vn 0.1945 0.9123 0.3605
vn 0.2232 0.9402 0.2572
vn 0.7709 0.6173 0.1573
vn 0.8580 0.5071 0.0817
vn 0.5360 0.8008 0.2671
vn 0.9609 0.2675 0.0722
vn 0.9389 0.3120 0.1452
vn 0.5864 0.8018 0.1150
vn 0.8544 0.5179 0.0410
vn 0.3763 0.5476 0.7474
vn 0.2164 0.6071 0.7646
vn 0.3076 0.6303 0.7128
vn 0.3111 0.5106 0.8016
vn 0.6362 0.4059 0.6561
vn 0.5698 0.3297 0.7528
vn 0.6863 0.3779 0.6215
vn 0.9934 0.0493 0.1034
vn 0.9830 0.1191 0.1395
vn 0.9567 0.2655 0.1197
vn 0.9381 0.2728 0.2136
vn 0.9173 0.3905 0.0776
vn 0.9375 0.2122 0.2759
vn 0.9353 0.2881 0.2053
vn 0.9026 0.2103 0.3757
vn -0.4522 -0.6801 0.5770
vn -0.4239 -0.6743 0.6047
vn -0.2203 -0.6576 0.7204
vn 0.8883 0.2767 0.3665
vn 0.7404 0.0997 0.6647
vn 0.8023 0.1325 0.5820
vn -0.1891 -0.6685 0.7192
vn 0.5416 -0.1718 0.8229
vn 0.6648 -0.0436 0.7458
vn 0.6609 -0.0710 0.7471
vn 0.8767 0.3523 0.3274
vn 0.8316 0.3946 0.3909
vn 0.7771 0.3032 0.5516
vn 0.7258 0.2594 0.6371
vn 0.6897 0.1209 0.7139
vn 0.6664 0.2846 0.6891
vn 0.3981 0.1755 0.9004
vn -0.2171 -0.7408 0.6357
vn 0.6257 0.2943 0.7225
vn -0.2153 -0.7527 0.6221
vn 0.7866 0.1721 0.5931
vn 0.6682 0.3546 0.6540
vn -0.2228 -0.7971 0.5613
vn -0.2175 -0.8191 0.5307
vn 0.5425 0.2035 0.8150
vn 0.2961 0.1672 0.9404
vn 0.4945 0.2409 0.8351
vn 0.4801 0.3929 0.7843
vn -0.2052 -0.9118 0.3556
vn -0.2062 -0.9193 0.3352
vn -0.0958 -0.9377 0.3340
vn 0.2491 0.3364 0.9082
vn -0.0908 0.2084 0.9738
vn -0.1451 0.2177 0.9652
vn -0.1164 0.2033 0.9722
vn 0.9029 -0.2536 0.3472
vn 0.6711 -0.4410 0.5960
vn 0.8519 -0.3308 0.4059
vn 0.9440 -0.1205 0.3073
vn 0.5639 -0.2784 0.7775
vn 0.4710 -0.2767 0.8376
vn 0.5367 -0.1430 0.8316
vn 0.4735 -0.1654 0.8651
vn 0.6341 -0.4580 0.6230
vn -0.2954 0.0990 0.9502
vn -0.3809 0.0689 0.9221
vn -0.3680 0.0633 0.9277
vn -0.3616 0.0660 0.9300
vn 0.9504 -0.0547 0.3062
vn 0.9795 0.0946 0.1780
vn 0.9363 0.1054 0.3350
vn -0.1675 0.1629 0.9723
vn 0.4481 -0.3516 0.8219
vn 0.4629 -0.3391 0.8190
vn 0.4391 -0.4407 0.7829
vn 0.9446 -0.0608 0.3226
vn 0.9718 -0.0166 0.2351
vn 0.3502 -0.2255 0.9091
vn 0.9391 -0.0524 0.3397
vn 0.4490 -0.0495 0.8922
vn 0.6061 0.2472 0.7560
vn 0.4956 0.3939 0.7741
vn -0.0132 0.9372 0.3486
vn 0.1217 -0.2428 0.9624
vn 0.1869 -0.3991 0.8976
vn -0.0399 0.4392 0.8975
vn -0.0119 0.3970 0.9177
vn 0.0637 -0.1926 0.9792
vn -0.0610 0.4063 0.9117
vn 0.4527 -0.2956 0.8412
vn 0.4769 -0.6049 0.6377
vn 0.4018 -0.5972 0.6942
vn 0.1794 -0.0324 0.9832
vn 0.2461 -0.0278 0.9689
vn 0.4518 0.0173 0.8919
vn 0.5084 -0.0169 0.8610
vn 0.0875 0.9133 0.3977
vn 0.1371 0.9209 0.3648
vn 0.2806 0.8860 0.3690
vn 0.2136 0.9445 0.2496
vn 0.1514 0.9741 0.1682
vn 0.7158 0.6965 0.0502
vn 0.7271 0.6647 0.1718
vn 0.9583 0.2856 0.0026
vn 0.5819 0.8133 0.0032
vn 0.8510 0.5248 -0.0199
vn 0.0621 0.6143 0.7866
vn -0.1253 0.9866 0.1041
vn -0.3743 0.8126 0.4467
vn -0.1287 0.9841 0.1224
vn -0.2806 0.5383 0.7947
vn 0.0443 0.4444 0.8947
vn 0.0687 0.1897 0.9794
vn -0.2774 0.8492 0.4494
vn 0.9429 0.3256 0.0697
vn -0.1798 0.6813 0.7096
vn -0.2346 0.6372 0.7341
vn -0.2929 0.7718 0.5644
vn -0.3276 0.7060 0.6279
vn -0.3468 0.5989 0.7219
vn -0.4792 0.7498 0.4562
vn 0.0287 0.9738 -0.2255
vn 0.3602 0.0468 0.9317
vn 0.8236 0.5613 0.0815
vn 0.4061 0.0844 0.9099
vn 0.3776 0.0406 0.9251
vn 0.7802 0.1906 0.5958
vn 0.9120 0.2041 0.3558
vn 0.7971 0.1919 0.5725
vn 0.8589 0.3223 0.3981
vn 0.6414 0.2514 0.7249
vn 0.6458 0.6374 0.4203
vn 0.5861 0.6320 0.5070
vn 0.5485 0.4530 0.7028
vn 0.2883 0.6836 0.6705
vn 0.3023 0.7081 0.6381
vn 0.3060 0.7145 0.6292
vn 0.3167 0.7329 0.6022
vn 0.6593 0.7497 0.0563
vn 0.1930 0.6905 0.6971
vn 0.1818 0.8003 0.5714
vn 0.4079 0.9101 0.0728
vn 0.5549 0.8303 -0.0517
vn 0.5755 0.8133 -0.0854
vn 0.9311 0.3537 0.0890
vn 0.8872 0.4432 -0.1283
vn 0.9104 0.4114 -0.0446
vn 0.8320 0.4875 -0.2648
vn 0.5589 -0.3028 0.7719
vn 0.5430 -0.0930 0.8345
vn 0.9228 -0.0347 0.3837
vn 0.9980 0.0195 0.0603
vn 0.9971 0.0172 0.0742
vn 0.9994 0.0256 0.0226
vn 0.4436 0.6753 0.5892
vn 0.5734 0.2876 0.7672
vn 0.9339 -0.1509 0.3242
vn 0.8170 -0.3297 0.4731
vn 0.7753 -0.0145 0.6314
vn 0.8398 0.2543 0.4796
vn 0.9834 0.0460 0.1755
vn 0.8143 0.5027 0.2903
vn 0.4347 0.8584 0.2725
vn 0.5061 0.8423 0.1854
vn 0.4859 0.8664 0.1155
vn 0.3298 0.8088 0.4869
vn 0.4637 0.7092 0.5311
vn 0.5008 0.8455 0.1855
vn 0.8365 0.3098 0.4519
vn 0.6622 0.1356 0.7370
vn 0.2624 0.4725 0.8414
vn 0.5416 -0.0849 0.8364
vn 0.4939 -0.0597 0.8675
vn -0.4556 0.8296 0.3229
vn -0.2847 0.7300 0.6213
vn -0.3963 0.8038 0.4437
vn -0.7118 -0.0490 0.7007
vn -0.7409 -0.0559 0.6692
vn -0.7061 -0.0476 0.7065
vn -0.7455 -0.0570 0.6640
vn 0.6054 0.0522 0.7942
vn 0.7377 0.2399 0.6311
vn -0.2129 0.6702 0.7110
vn 0.2270 0.9718 0.0630
vn 0.2538 0.9645 0.0727
vn 0.2333 0.9368 0.2608
vn 0.2231 0.9568 0.1864
vn 0.7104 0.1859 0.6788
vn 0.1447 0.3642 0.9200
vn 0.8258 -0.4604 -0.3257
vn 0.5959 -0.6716 -0.4404
vn 0.7145 -0.4433 -0.5413
vn -0.1728 0.9849 0.0123
vn -0.0314 0.9994 -0.0115
vn -0.1299 0.9865 -0.1002
vn -0.0268 0.9967 -0.0770
vn -0.0653 0.9816 0.1794
vn -0.0646 0.9916 0.1116
vn 0.9037 -0.1772 -0.3898
vn 0.8501 -0.0388 -0.5252
vn 0.9711 -0.0817 -0.2242
vn 0.9111 0.0722 -0.4058
vn 0.8703 0.1017 -0.4819
vn 0.8164 0.1256 -0.5637
vn 0.7149 0.0119 -0.6991
vn 0.8999 -0.4015 -0.1702
vn 0.8728 -0.4731 -0.1201
vn 0.7116 -0.6623 -0.2344
vn 0.9798 -0.0996 -0.1734
vn 0.9701 -0.0068 -0.2425
vn 0.6604 0.2809 -0.6964
vn 0.0257 0.9981 -0.0566
vn 0.0374 0.9957 -0.0852
vn -0.0035 1.0000 -0.0006
vn 0.0095 0.9983 -0.0575
vn 0.0439 0.9963 -0.0741
vn -0.0983 0.8530 -0.5126
vn -0.1152 0.8971 -0.4265
vn -0.1225 0.6375 -0.7607
vn 0.0751 0.9875 -0.1386
vn -0.0244 0.9683 -0.2485
vn 0.3957 0.0337 -0.9177
vn 0.3980 0.0379 -0.9166
vn 0.4380 0.1141 -0.8917
vn 0.3558 -0.0370 -0.9338
vn 0.7815 0.2195 -0.5841
vn 0.4806 0.3809 -0.7899
vn 0.5660 -0.5996 -0.5658
vn 0.6519 -0.4934 -0.5759
vn 0.5643 -0.7085 -0.4238
vn -0.0897 -0.9284 -0.3605
vn 0.5309 -0.7233 -0.4416
vn 0.4849 -0.8677 -0.1095
vn 0.4440 -0.8341 -0.3273
vn 0.8099 0.5833 0.0618
vn 0.8744 0.4622 -0.1479
vn 0.9410 0.0969 -0.3242
vn 0.3953 -0.7309 -0.5564
vn 0.1787 -0.0451 -0.9829
vn 0.1274 -0.1250 -0.9839
vn 0.5480 -0.6346 -0.5449
vn 0.0916 -0.0270 -0.9954
vn -0.0011 -0.1284 -0.9917
vn 0.6069 0.4834 -0.6309
vn 0.4120 0.8238 -0.3895
vn -0.2559 0.3788 -0.8894
vn -0.1841 0.4400 -0.8790
vn -0.0993 0.4656 -0.8794
vn -0.0723 0.4869 -0.8704
vn -0.2086 0.9712 -0.1147
vn -0.1156 0.9834 0.1398
vn -0.2693 0.9629 0.0169
vn 0.4671 0.8823 0.0582
vn 0.5206 -0.6222 -0.5847
vn 0.5256 -0.8245 -0.2095
vn 0.6565 -0.1511 -0.7391
vn 0.2991 -0.4883 -0.8198
vn 0.4875 -0.6076 -0.6271
vn 0.2596 -0.5808 -0.7715
vn 0.3376 -0.5284 -0.7790
vn 0.1474 -0.1323 -0.9802
vn 0.3478 -0.4131 -0.8416
vn 0.5701 -0.5147 -0.6403
vt 0.416620 1.156320
vt 0.421120 1.163770
vt 0.394270 1.154770
vt 0.396070 1.165680
vt 0.366470 1.166400
vt 0.397880 1.176820
vt 0.388270 1.192680
vt 0.375160 1.179850
vt 0.422090 1.187100
vt 0.424700 1.169830
vt 0.444870 1.179530
vt 0.747940 1.301500
vt 0.713350 1.293660
vt 0.751430 1.275940
vt 0.716110 1.268610
vt 0.650350 1.276530
vt 0.665590 1.256230
vt 0.634180 1.245780
vt 0.573940 1.159970
vt 0.592730 1.156400
vt 0.573790 1.170130
vt 0.601990 1.165750
vt 0.545120 1.165590
vt 0.556460 1.156240
vt 0.530070 1.159030
vt 0.547650 1.151350
vt 0.601660 1.151680
vt 0.615690 1.159210
vt 0.582260 1.146720
vt 0.583400 1.150240
vt 0.575320 1.150350
vt 0.566690 1.150070
vt 0.568620 1.146720
vt 0.608560 1.237000
vt 0.568490 1.256330
vt 0.562600 1.234040
vt 0.553670 1.255060
vt 0.541340 1.237430
vt 0.525850 1.245650
vt 0.473200 1.235930
vt 0.441680 1.218120
vt 0.495110 1.223560
vt 0.465190 1.213560
vt 0.451520 1.207910
vt 0.459510 1.199300
vt 0.474190 1.205420
vt 0.505490 1.216640
vt 0.273370 1.245650
vt 0.331210 1.266010
vt 0.298020 1.273920
vt 0.302570 1.237410
vt 0.335890 1.233020
vt 0.250260 1.217010
vt 0.285090 1.213750
vt 0.256420 1.227620
vt 0.291970 1.221620
vt 0.313110 1.213850
vt 0.319660 1.230630
vt 0.328560 1.204510
vt 0.349610 1.220040
vt 0.323220 1.182500
vt 0.336870 1.199240
vt 0.540070 1.179640
vt 0.513760 1.193310
vt 0.505080 1.165230
vt 0.476630 1.174930
vt 0.471860 1.188400
vt 0.475620 1.152980
vt 0.450990 1.165840
vt 0.375140 1.199150
vt 0.358250 1.207530
vt 0.362870 1.186650
vt 0.346150 1.193650
vt 0.349000 1.178150
vt 0.428750 1.140670
vt 0.347800 1.160420
vt 0.326880 1.165330
vt 0.309660 1.172280
vt 0.311270 1.195580
vt 0.299470 1.202740
vt 0.245900 1.201640
vt 0.276450 1.200830
vt 0.247900 1.185830
vt 0.279070 1.188470
vt 0.258160 1.173970
vt 0.273690 1.166640
vt 0.286180 1.179720
vt 0.282250 1.157890
vt 0.303870 1.149070
vt 0.328470 1.142730
vt 0.353480 1.141750
vt 0.370220 1.136980
vt 0.370670 1.157520
vt 0.399060 1.135910
vt 0.393850 1.696140
vt 0.388380 1.689640
vt 0.387180 1.694890
vt 0.406760 1.692520
vt 0.402000 1.697590
vt 0.412330 1.699140
vt 0.416520 1.693840
vt 0.422740 1.700000
vt 0.421650 1.694290
vt 0.428590 1.700600
vt 0.426750 1.694970
vt 0.433680 1.700890
vt 0.436980 1.700670
vt 0.446160 1.696060
vt 0.454260 1.698910
vt 0.438440 1.700600
vt 0.391890 1.683300
vt 0.422970 1.687390
vt 0.408120 1.669670
vt 0.350190 1.703670
vt 0.367970 1.700760
vt 0.364320 1.704760
vt 0.351540 1.698680
vt 0.371680 1.693800
vt 0.356280 1.691150
vt 0.377240 1.685230
vt 0.362720 1.680800
vt 0.387270 1.672810
vt 0.372750 1.668710
vt 0.457890 1.710410
vt 0.480680 1.710750
vt 0.459810 1.723390
vt 0.431850 1.712340
vt 0.428630 1.723360
vt 0.407770 1.722970
vt 0.407380 1.711880
vt 0.391550 1.722080
vt 0.391020 1.711940
vt 0.375920 1.721240
vt 0.377040 1.711570
vt 0.362800 1.718210
vt 0.369540 1.710440
vt 0.353780 1.715930
vt 0.365690 1.710440
vt 0.351300 1.710010
vt 0.362220 1.708380
vt 0.344740 1.689750
vt 0.339370 1.698990
vt 0.334620 1.707780
vt 0.500300 1.754590
vt 0.500300 1.765600
vt 0.482040 1.756690
vt 0.354230 1.833430
vt 0.331680 1.838980
vt 0.347610 1.830130
vt 0.334230 1.840570
vt 0.354520 1.835630
vt 0.354190 1.838560
vt 0.334870 1.841770
vt 0.231530 1.982430
vt 0.234120 1.991180
vt 0.255310 1.963410
vt 0.272120 1.970330
vt 0.155410 1.952110
vt 0.184010 1.943640
vt 0.146970 1.913470
vt 0.457660 1.814520
vt 0.477340 1.817110
vt 0.464060 1.829430
vt 0.496460 1.304910
vt 0.487990 1.295360
vt 0.446330 1.297180
vt 0.450080 1.287770
vt 0.408290 1.291400
vt 0.418100 1.283240
vt 0.433080 1.269590
vt 0.141620 1.195280
vt 0.147010 1.214530
vt 0.086290 1.196490
vt 0.089000 1.219790
vt 0.432680 1.859300
vt 0.416900 1.860140
vt 0.427280 1.857450
vt 0.418700 1.863260
vt 0.396160 1.862720
vt 0.411040 1.845380
vt 0.416340 1.843940
vt 0.414100 1.847100
vt 0.405780 1.840190
vt 0.406530 1.844160
vt 0.391330 1.838380
vt 0.402180 1.844110
vt 0.394620 1.844920
vt 0.388010 1.846560
vt 0.379540 1.840000
vt 0.382430 1.848750
vt 0.371990 1.843100
vt 0.379050 1.850600
vt 0.368420 1.846760
vt 0.376890 1.852260
vt 0.366950 1.850570
vt 0.375480 1.853800
vt 0.367150 1.854090
vt 0.376330 1.856200
vt 0.368520 1.857380
vt 0.378200 1.856730
vt 0.375780 1.858580
vt 0.380930 1.856440
vt 0.379160 1.858870
vt 0.388220 1.858440
vt 0.387910 1.855940
vt 0.398100 1.857610
vt 0.398820 1.855580
vt 0.415790 1.849620
vt 0.418500 1.847750
vt 0.409150 1.856750
vt 0.409220 1.854960
vt 0.413410 1.854980
vt 0.414660 1.856230
vt 0.417970 1.854570
vt 0.415320 1.853320
vt 0.414930 1.853850
vt 0.459910 1.752990
vt 0.485010 1.748090
vt 0.457960 1.760290
vt 0.420130 1.773860
vt 0.424940 1.759910
vt 0.378380 1.774510
vt 0.388100 1.760030
vt 0.355030 1.758790
vt 0.343010 1.774360
vt 0.325830 1.754270
vt 0.395960 1.748030
vt 0.429610 1.746580
vt 0.428010 1.732000
vt 0.402370 1.732110
vt 0.346530 1.740640
vt 0.366800 1.746180
vt 0.382510 1.731170
vt 0.187350 1.863610
vt 0.142540 1.866920
vt 0.203380 1.854180
vt 0.201540 1.872590
vt 0.249570 1.869040
vt 0.269390 1.850020
vt 0.272890 1.861610
vt 0.237020 1.860210
vt 0.215430 1.881480
vt 0.240720 1.836990
vt 0.197210 1.829010
vt 0.171590 1.845630
vt 0.080370 1.843790
vt 0.114820 1.826790
vt 0.295880 1.693010
vt 0.288030 1.706680
vt 0.266310 1.694290
vt 0.259080 1.710710
vt 0.282640 1.716990
vt 0.252510 1.722410
vt 0.282920 1.726670
vt 0.250080 1.734510
vt 0.291420 1.735450
vt 0.084390 1.800230
vt 0.148940 1.809280
vt 0.121470 1.783930
vt 0.176670 1.792770
vt 0.154980 1.769110
vt 0.190920 1.755110
vt 0.202770 1.776300
vt 0.232470 1.758440
vt 0.225820 1.743190
vt 0.256560 1.746120
vt 0.304980 1.746100
vt 0.275760 1.760930
vt 0.308480 1.769880
vt 0.333710 1.817390
vt 0.370550 1.810690
vt 0.384470 1.823360
vt 0.413090 1.824200
vt 0.432140 1.811480
vt 0.428760 1.826140
vt 0.412970 1.811790
vt 0.409520 1.799340
vt 0.366660 1.800230
vt 0.369630 1.788790
vt 0.318480 1.803590
vt 0.295370 1.822960
vt 0.279390 1.803210
vt 0.261610 1.819620
vt 0.330920 1.788650
vt 0.240810 1.793390
vt 0.223000 1.810410
vt 0.259270 1.775510
vt 0.295610 1.785820
vt 0.106190 1.430470
vt 0.136040 1.431320
vt 0.092790 1.412570
vt 0.123430 1.412980
vt 0.064230 1.410700
vt 0.075160 1.428750
vt 0.051290 1.426760
vt 0.044340 1.408430
vt 0.021950 1.423980
vt 0.016660 1.406420
vt 0.112630 1.394550
vt 0.084500 1.394380
vt 0.057200 1.391880
vt 0.040210 1.389200
vt 0.012280 1.387660
vt 0.082810 1.387170
vt 0.055400 1.384380
vt 0.039090 1.381530
vt 0.012060 1.380670
vt 0.043970 1.370900
vt 0.009530 1.370920
vt 0.057420 1.373530
vt 0.084540 1.379940
vt 0.109440 1.385770
vt 0.097460 1.337680
vt 0.126170 1.351990
vt 0.117640 1.335210
vt 0.103890 1.349670
vt 0.126440 1.369530
vt 0.083610 1.334280
vt 0.085860 1.347940
vt 0.037240 1.337160
vt 0.055140 1.344980
vt 0.058970 1.333520
vt 0.064930 1.344960
vt 0.074850 1.346230
vt 0.071280 1.333230
vt 0.099430 1.382470
vt 0.104040 1.365850
vt 0.081680 1.361100
vt 0.080320 1.376030
vt 0.067970 1.371820
vt 0.068950 1.358600
vt 0.050870 1.366470
vt 0.059890 1.356880
vt 0.037330 1.362130
vt 0.017440 1.364040
vt 0.019250 1.349490
vt 0.043090 1.353780
vt 0.470870 1.080360
vt 0.461720 1.068200
vt 0.428890 1.076340
vt 0.492490 1.065270
vt 0.401730 1.129900
vt 0.404440 1.101770
vt 0.375880 1.113400
vt 0.424570 1.121010
vt 0.420370 1.094860
vt 0.435150 1.112020
vt 0.439210 1.094330
vt 0.446350 1.111800
vt 0.459290 1.095920
vt 0.461300 1.113080
vt 0.488190 1.101650
vt 0.423000 1.134080
vt 0.449610 1.123430
vt 0.461980 1.122350
vt 0.490270 1.123980
vt 0.489520 1.116120
vt 0.519620 1.069730
vt 0.499790 1.056780
vt 0.488390 1.084870
vt 0.516820 1.091150
vt 0.534980 1.083940
vt 0.518990 1.127030
vt 0.509890 1.119440
vt 0.548300 1.090240
vt 0.539710 1.097400
vt 0.530250 1.110080
vt 0.516920 1.105400
vt 0.518890 1.122910
vt 0.410030 1.085200
vt 0.391530 1.093580
vt 0.365460 1.106500
vt 0.351010 1.098010
vt 0.379100 1.087070
vt 0.413950 1.065930
vt 0.380440 1.069650
vt 0.397380 1.077840
vt 0.364890 1.078350
vt 0.391200 1.060270
vt 0.396000 1.044800
vt 0.389140 1.040260
vt 0.372480 1.037400
vt 0.330150 1.089780
vt 0.317030 1.080430
vt 0.372390 1.056030
vt 0.362270 1.063140
vt 0.350650 1.071640
vt 0.308290 1.068270
vt 0.339260 1.065890
vt 0.319760 1.048050
vt 0.348220 1.057180
vt 0.352660 1.037510
vt 0.360980 1.053140
vt 0.562640 1.082130
vt 0.589490 1.080510
vt 0.581920 1.077660
vt 0.571880 1.086600
vt 0.560140 1.093700
vt 0.580440 1.088990
vt 0.598710 1.083500
vt 0.564590 1.103790
vt 0.570280 1.096090
vt 0.595530 1.094970
vt 0.612460 1.092330
vt 0.579030 1.106580
vt 0.590230 1.100980
vt 0.609330 1.107210
vt 0.585010 1.116900
vt 0.555180 1.101170
vt 0.543350 1.113420
vt 0.560800 1.115910
vt 0.574070 1.127370
vt 0.556900 1.128180
vt 0.533720 1.126240
vt 0.508970 1.050010
vt 0.533770 1.057020
vt 0.524860 1.064100
vt 0.556110 1.077310
vt 0.578640 1.073910
vt 0.592720 1.067980
vt 0.551880 1.071870
vt 0.552820 1.068320
vt 0.591150 1.063650
vt 0.556880 1.059320
vt 0.598560 1.054680
vt 0.601440 1.043190
vt 0.559970 1.048650
vt 0.542760 1.045220
vt 0.567530 1.037930
vt 0.597510 1.030810
vt 0.571850 1.016960
vt 0.532720 1.014060
vt 0.554100 1.033120
vt 0.534590 1.030750
vt 0.511560 1.018780
vt 0.502230 1.026210
vt 0.521420 1.040730
vt 0.501150 1.033710
vt 0.425390 1.063270
vt 0.460960 1.060820
vt 0.456960 1.051180
vt 0.426040 1.052630
vt 0.492100 1.056040
vt 0.481640 1.047150
vt 0.499220 1.034150
vt 0.500220 1.025820
vt 0.467340 1.035070
vt 0.489980 1.016510
vt 0.397570 1.044440
vt 0.391200 1.039160
vt 0.424190 1.037960
vt 0.392270 1.027490
vt 0.446680 1.036100
vt 0.459570 1.024300
vt 0.470420 1.008610
vt 0.434080 1.005880
vt 0.438960 1.022410
vt 0.423080 1.027320
vt 0.401290 1.015880
vt 0.479840 1.374480
vt 0.461510 1.378010
vt 0.486270 1.379290
vt 0.458490 1.384590
vt 0.464270 1.391340
vt 0.492710 1.385220
vt 0.500500 1.394120
vt 0.501700 1.358050
vt 0.516460 1.341280
vt 0.491920 1.350800
vt 0.513300 1.378720
vt 0.503440 1.373550
vt 0.491880 1.370160
vt 0.542070 1.359400
vt 0.530510 1.354190
vt 0.574650 1.341900
vt 0.551330 1.331830
vt 0.609450 1.322650
vt 0.581630 1.313570
vt 0.529070 1.295180
vt 0.553340 1.305170
vt 0.530560 1.321810
vt 0.516940 1.287760
vt 0.610480 1.294780
vt 0.620380 1.268800
vt 0.581780 1.286130
vt 0.595270 1.261030
vt 0.478440 1.279060
vt 0.543150 1.272230
vt 0.502870 1.263320
vt 0.556610 1.277500
vt 0.450720 1.254010
vt 0.394590 1.252550
vt 0.418570 1.243780
vt 0.416030 1.224270
vt 0.360130 1.281670
vt 0.379560 1.275230
vt 0.382780 1.232310
vt 0.381230 1.240780
vt 0.371070 1.267490
vt 0.347060 1.268390
vt 0.375890 1.257630
vt 0.351020 1.254820
vt 0.362450 1.248580
vt 0.356360 1.238130
vt 0.434560 1.194090
vt 0.439860 1.205180
vt 0.419580 1.206330
vt 0.408090 1.197650
vt 0.390170 1.214110
vt 0.409820 1.212130
vt 0.393530 1.205840
vt 0.395010 1.225060
vt 0.375770 1.216400
vt 0.359540 1.225730
vt 0.375140 1.179880
vt 0.396100 1.166050
vt 0.420940 1.163540
vt 0.505050 1.165260
vt 0.513740 1.193340
vt 0.444850 1.179560
vt 0.428730 1.140700
vt 0.328530 1.204540
vt 0.362850 1.186680
vt 0.358220 1.207550
vt 0.375110 1.199170
vt 0.346130 1.193680
vt 0.348970 1.178180
vt 0.302550 1.237440
vt 0.291950 1.221650
vt 0.285070 1.213780
vt 0.250230 1.217030
vt 0.326860 1.165360
vt 0.309630 1.172310
vt 0.299440 1.202770
vt 0.245880 1.201670
vt 0.276430 1.200860
vt 0.247880 1.185860
vt 0.279050 1.188500
vt 0.258140 1.174000
vt 0.282230 1.157920
vt 0.303850 1.149100
vt 0.328440 1.142760
vt 0.394250 1.154800
vt 0.370640 1.157550
vt 0.399040 1.135940
vt 0.546120 1.481510
vt 0.493540 1.487370
vt 0.552770 1.491730
vt 0.492640 1.481030
vt 0.533970 1.467920
vt 0.486060 1.470780
vt 0.486870 1.418740
vt 0.472270 1.400370
vt 0.450920 1.426160
vt 0.468350 1.446810
vt 0.508440 1.440640
vt 0.870900 1.437900
vt 0.839280 1.426640
vt 0.783180 1.474460
vt 0.746280 1.461790
vt 0.679750 1.493990
vt 0.658260 1.484010
vt 0.608110 1.496120
vt 0.603800 1.486740
vt 0.592540 1.476240
vt 0.572440 1.462110
vt 0.541950 1.435140
vt 0.518690 1.412890
vt 0.440550 1.379890
vt 0.426880 1.386070
vt 0.430480 1.394170
vt 0.400380 1.393630
vt 0.437270 1.407460
vt 0.412140 1.412650
vt 0.359520 1.400850
vt 0.360810 1.428860
vt 0.355910 1.383540
vt 0.401920 1.383370
vt 0.417550 1.376060
vt 0.353910 1.371220
vt 0.440710 1.486510
vt 0.441950 1.482020
vt 0.355230 1.494310
vt 0.360120 1.488430
vt 0.437970 1.472290
vt 0.360750 1.478690
vt 0.428290 1.452230
vt 0.361950 1.463500
vt 0.418590 1.432330
vt 0.360230 1.448020
vt 0.230410 1.363970
vt 0.263870 1.370360
vt 0.257690 1.346930
vt 0.284530 1.350830
vt 0.290330 1.376050
vt 0.313150 1.359880
vt 0.295430 1.415450
vt 0.262170 1.415410
vt 0.310310 1.431530
vt 0.275640 1.431510
vt 0.239860 1.431110
vt 0.228930 1.414520
vt 0.194990 1.414810
vt 0.285950 1.398440
vt 0.253810 1.397330
vt 0.186690 1.395780
vt 0.221030 1.395910
vt 0.286110 1.393540
vt 0.253000 1.389730
vt 0.291190 1.386190
vt 0.219200 1.387740
vt 0.257970 1.379260
vt 0.222140 1.377250
vt 0.182960 1.375540
vt 0.184170 1.387000
vt 0.151450 1.394910
vt 0.159590 1.414070
vt 0.204630 1.431230
vt 0.170220 1.431570
vt 0.148510 1.486950
vt 0.180490 1.484260
vt 0.147410 1.471420
vt 0.179790 1.471050
vt 0.216670 1.472130
vt 0.217710 1.484660
vt 0.253960 1.488200
vt 0.253420 1.473160
vt 0.251510 1.458640
vt 0.214430 1.458260
vt 0.212030 1.443730
vt 0.249160 1.443520
vt 0.177210 1.443700
vt 0.285070 1.443520
vt 0.288350 1.459050
vt 0.290890 1.475420
vt 0.295930 1.494010
vt 0.337590 1.497020
vt 0.327320 1.477910
vt 0.317650 1.443830
vt 0.320700 1.459640
vt 0.341530 1.345770
vt 0.295440 1.342580
vt 0.324380 1.353650
vt 0.165670 1.320030
vt 0.130460 1.318630
vt 0.137900 1.325420
vt 0.145740 1.335180
vt 0.180630 1.328660
vt 0.197860 1.314930
vt 0.228340 1.317890
vt 0.224280 1.331970
vt 0.292120 1.294480
vt 0.261290 1.311050
vt 0.260940 1.319860
vt 0.230120 1.311110
vt 0.265790 1.332230
vt 0.284090 1.327470
vt 0.308130 1.336810
vt 0.300570 1.320990
vt 0.322690 1.330460
vt 0.335380 1.326740
vt 0.345210 1.321880
vt 0.314530 1.315750
vt 0.325620 1.311110
vt 0.360900 1.336020
vt 0.372870 1.326760
vt 0.352380 1.317080
vt 0.379570 1.315500
vt 0.363100 1.297590
vt 0.336010 1.306790
vt 0.333050 1.287430
vt 0.322030 1.300600
vt 0.315970 1.287470
vt 0.300260 1.289450
vt 0.313650 1.303150
vt 0.289650 1.313350
vt 0.303540 1.307200
vt 0.292590 1.294880
vt 0.270880 1.318970
vt 0.183470 1.281280
vt 0.210510 1.282510
vt 0.192950 1.270160
vt 0.208560 1.260150
vt 0.216010 1.274150
vt 0.243670 1.257010
vt 0.240450 1.272660
vt 0.238020 1.283080
vt 0.264700 1.286050
vt 0.294800 1.286090
vt 0.288800 1.274350
vt 0.276580 1.264740
vt 0.264810 1.278840
vt 0.263360 1.292490
vt 0.236050 1.291270
vt 0.262160 1.301330
vt 0.207610 1.289460
vt 0.233260 1.300550
vt 0.204690 1.298320
vt 0.201170 1.308100
vt 0.184000 1.289050
vt 0.188500 1.312540
vt 0.152580 1.312050
vt 0.183200 1.289360
vt 0.173080 1.303180
vt 0.176740 1.283740
vt 0.122290 1.312600
vt 0.142560 1.306440
vt 0.162500 1.297220
vt 0.155070 1.293160
vt 0.158850 1.277500
vt 0.134780 1.301400
vt 0.115980 1.307970
vt 0.142890 1.288110
vt 0.137880 1.273160
vt 0.103100 1.280950
vt 0.123550 1.293970
vt 0.109000 1.300600
vt 0.082150 1.295850
vt 0.084150 1.308090
vt 0.093360 1.319840
vt 0.106710 1.329280
vt 0.182640 1.356880
vt 0.154300 1.358060
vt 0.145300 1.377470
vt 0.148480 1.386140
vt 0.111020 1.388730
vt 0.023820 1.436280
vt 0.055090 1.438760
vt 0.024330 1.451660
vt 0.057370 1.454020
vt 0.024200 1.470140
vt 0.057290 1.473320
vt 0.025820 1.490000
vt 0.056710 1.492940
vt 0.080330 1.474100
vt 0.082620 1.454480
vt 0.079820 1.495460
vt 0.114680 1.492890
vt 0.114420 1.472990
vt 0.111430 1.441470
vt 0.142970 1.442850
vt 0.080800 1.440320
vt 0.114760 1.454490
vt 0.145920 1.455490
vt 0.178420 1.456880
vt 0.827870 1.287730
vt 0.844490 1.308300
vt 0.839960 1.289590
vt 0.855140 1.308420
vt 0.858130 1.325380
vt 0.876880 1.328140
vt 0.834340 1.321560
vt 0.809630 1.284830
vt 0.809040 1.314860
vt 0.781120 1.280180
vt 0.778120 1.307610
vt 0.764080 1.334180
vt 0.801370 1.343780
vt 0.841820 1.355030
vt 0.876700 1.361720
vt 0.907660 1.365990
vt 0.874210 1.390800
vt 0.925550 1.396940
vt 0.834730 1.384780
vt 0.805010 1.416480
vt 0.719120 1.452610
vt 0.636490 1.471950
vt 0.611220 1.456340
vt 0.575900 1.430060
vt 0.551560 1.407190
vt 0.530540 1.387740
vt 0.571760 1.375500
vt 0.622050 1.359190
vt 0.637650 1.302610
vt 0.670540 1.339120
vt 0.696100 1.318280
vt 0.683430 1.436210
vt 0.633850 1.411810
vt 0.598360 1.391680
vt 0.734020 1.326610
vt 0.743040 1.359950
vt 0.709150 1.349230
vt 0.704330 1.386890
vt 0.660080 1.371640
vt 0.788040 1.372010
vt 0.756770 1.402910
vt 0.189100 1.898700
vt 0.143080 1.892100
vt 0.145420 1.897750
vt 0.132870 1.896680
vt 0.097890 1.909730
vt 0.084560 1.983830
vt 0.086080 1.975920
vt 0.056830 1.971630
vt 0.044990 1.956280
vt 0.076670 1.896710
vt 0.097230 1.895340
vt 0.104850 1.875820
vt 0.116600 1.880740
vt 0.034150 1.965160
vt 0.017740 1.960730
vt 0.020510 1.952710
vt 0.030550 1.949590
vt 0.014770 1.948360
vt 0.004400 1.957590
vt 0.024040 1.939270
vt 0.033540 1.928130
vt 0.044020 1.929420
vt 0.067740 1.910780
vt 0.049900 1.912190
vt 0.198530 1.997670
vt 0.142280 1.955350
vt 0.066150 1.930920
vt 0.195160 1.991620
vt 0.130950 1.994460
vt 0.136330 1.985350
vt 0.092630 1.952130
vt 0.117380 1.914380
vt 0.260830 1.946890
vt 0.286620 1.948690
vt 0.190200 1.921130
vt 0.237650 1.925650
vt 0.368360 1.513860
vt 0.395090 1.544370
vt 0.412010 1.520090
vt 0.349240 1.549120
vt 0.398050 1.572680
vt 0.354740 1.575520
vt 0.305690 1.581230
vt 0.296710 1.553290
vt 0.255190 1.592210
vt 0.263920 1.557830
vt 0.198580 1.581270
vt 0.201930 1.597890
vt 0.126820 1.594670
vt 0.386670 1.639590
vt 0.425800 1.632530
vt 0.365450 1.601960
vt 0.201090 1.617730
vt 0.250880 1.649910
vt 0.252090 1.616680
vt 0.318590 1.646880
vt 0.315590 1.610440
vt 0.505020 1.533390
vt 0.529250 1.562690
vt 0.546420 1.541790
vt 0.548880 1.562950
vt 0.563750 1.544380
vt 0.525310 1.584760
vt 0.547120 1.583760
vt 0.492710 1.558600
vt 0.465570 1.623170
vt 0.503440 1.613780
vt 0.450220 1.588360
vt 0.488400 1.587640
vt 0.533410 1.607650
vt 0.554520 1.603860
vt 0.410650 1.595020
vt 0.450880 1.553170
vt 0.461550 1.525900
vt 0.500300 1.931130
vt 0.460810 1.931360
vt 0.500300 1.913680
vt 0.488950 1.912830
vt 0.473600 1.902120
vt 0.482530 1.898930
vt 0.478140 1.912750
vt 0.474280 1.890760
vt 0.500300 1.896670
vt 0.539800 1.931360
vt 0.511660 1.912830
vt 0.518080 1.898930
vt 0.522470 1.912750
vt 0.527000 1.902120
vt 0.526320 1.890760
vt 0.500300 1.886820
vt 0.500300 1.856140
vt 0.500300 1.877680
vt 0.482170 1.851590
vt 0.480090 1.876300
vt 0.500300 1.838470
vt 0.518440 1.851590
vt 0.520510 1.876300
vt 0.142400 1.137620
vt 0.086250 1.140890
vt 0.144380 1.115930
vt 0.087550 1.120180
vt 0.019050 1.140590
vt 0.019450 1.120340
vt 0.012450 1.062880
vt 0.050090 1.055620
vt 0.015290 1.073240
vt 0.017780 1.087650
vt 0.083290 1.081310
vt 0.075740 1.064670
vt 0.085670 1.099340
vt 0.019210 1.103070
vt 0.135800 1.044360
vt 0.087410 1.035010
vt 0.103980 1.021420
vt 0.070840 1.033790
vt 0.146380 1.074930
vt 0.221460 1.048810
vt 0.216430 1.072410
vt 0.210220 1.090890
vt 0.208480 1.113610
vt 0.142540 1.094470
vt 0.212140 1.132870
vt 0.218030 1.149530
vt 0.174970 1.160990
vt 0.220270 1.161470
vt 0.227990 1.188730
vt 0.237350 1.170950
vt 0.190270 1.182960
vt 0.084730 1.167950
vt 0.134570 1.167930
vt 0.155630 1.169840
vt 0.168700 1.189470
vt 0.177580 1.210010
vt 0.154560 1.235290
vt 0.182120 1.230250
vt 0.201900 1.207270
vt 0.233110 1.207370
vt 0.208780 1.226730
vt 0.240380 1.223780
vt 0.212990 1.245810
vt 0.244890 1.241510
vt 0.188570 1.250380
vt 0.120860 1.243060
vt 0.164480 1.256470
vt 0.138790 1.262080
vt 0.045780 1.255960
vt 0.055410 1.245460
vt 0.084270 1.261340
vt 0.093040 1.254880
vt 0.111840 1.275240
vt 0.119090 1.270690
vt 0.069560 1.235630
vt 0.104190 1.248790
vt 0.123480 1.267290
vt 0.005480 1.252230
vt 0.014430 1.240830
vt 0.020120 1.232230
vt 0.021290 1.221890
vt 0.020520 1.197310
vt 0.019180 1.167320
vt 0.336430 1.900540
vt 0.328600 1.914150
vt 0.302600 1.897340
vt 0.369020 1.926950
vt 0.410510 1.925340
vt 0.374840 1.916220
vt 0.413040 1.917800
vt 0.419380 1.910960
vt 0.386660 1.904980
vt 0.382190 1.910830
vt 0.458600 1.914010
vt 0.386380 1.900900
vt 0.426050 1.902800
vt 0.459360 1.903360
vt 0.389530 1.897910
vt 0.429140 1.898930
vt 0.458700 1.896190
vt 0.428040 1.894940
vt 0.390740 1.894590
vt 0.367940 1.895790
vt 0.366640 1.898610
vt 0.353830 1.900370
vt 0.360440 1.892940
vt 0.342970 1.891620
vt 0.347300 1.883920
vt 0.371470 1.885970
vt 0.393970 1.885550
vt 0.419710 1.885610
vt 0.437570 1.866040
vt 0.444500 1.872400
vt 0.420800 1.870910
vt 0.417340 1.880140
vt 0.451140 1.877960
vt 0.457410 1.891070
vt 0.459500 1.874270
vt 0.466670 1.895860
vt 0.459790 1.923420
vt 0.500300 1.943080
vt 0.407190 1.934960
vt 0.454190 1.941800
vt 0.500300 1.956700
vt 0.444330 1.954410
vt 0.311650 1.934900
vt 0.361470 1.941200
vt 0.399090 1.946800
vt 0.500300 1.981260
vt 0.425010 1.977280
vt 0.360990 1.966830
vt 0.343380 1.952280
vt 0.328470 1.971370
vt 0.319870 1.963640
vt 0.293670 1.949340
vt 0.278710 1.914600
vt 0.271740 1.931810
vt 0.277010 1.884110
vt 0.249150 1.897900
vt 0.223200 1.908800
vt 0.180100 1.879350
vt 0.188460 1.894450
vt 0.291570 1.875670
vt 0.313010 1.886610
vt 0.323910 1.877710
vt 0.306370 1.868960
vt 0.291600 1.856580
vt 0.307230 1.854190
vt 0.286570 1.846050
vt 0.291270 1.838700
vt 0.302210 1.845900
vt 0.273780 1.838700
vt 0.308600 1.825810
vt 0.324120 1.835350
vt 0.305970 1.840940
vt 0.319730 1.842110
vt 0.316980 1.846390
vt 0.324280 1.842490
vt 0.327180 1.842850
vt 0.321500 1.845600
vt 0.324790 1.845020
vt 0.327200 1.851030
vt 0.333140 1.854470
vt 0.324360 1.852390
vt 0.331630 1.856000
vt 0.326130 1.858490
vt 0.319300 1.853190
vt 0.317940 1.862950
vt 0.339130 1.863580
vt 0.333450 1.869050
vt 0.352120 1.874340
vt 0.393490 1.878860
vt 0.342660 1.857540
vt 0.355560 1.868080
vt 0.343440 1.859470
vt 0.357130 1.862550
vt 0.355880 1.860280
vt 0.376930 1.877690
vt 0.375340 1.872120
vt 0.396410 1.873260
vt 0.376050 1.864800
vt 0.375550 1.862140
vt 0.396130 1.865360
vt 0.442500 1.847030
vt 0.435970 1.852250
vt 0.438280 1.846180
vt 0.438760 1.839320
vt 0.442500 1.839920
vt 0.445830 1.840180
vt 0.440380 1.853610
vt 0.450650 1.853340
vt 0.460010 1.842200
vt 0.447130 1.858920
vt 0.457680 1.857860
vt 0.468930 1.846330
vt 0.454520 1.868760
vt 0.465400 1.866050
vt 0.481190 1.835170
vt 0.500300 1.783150
vt 0.500300 1.790930
vt 0.470430 1.784240
vt 0.469500 1.790920
vt 0.500300 1.819200
vt 0.475700 1.767740
vt 0.456600 1.774780
vt 0.437130 1.787570
vt 0.455150 1.786460
vt 0.450220 1.791320
vt 0.437520 1.792450
vt 0.444280 1.811250
vt 0.444080 1.822940
vt 0.382750 1.832840
vt 0.381860 1.830300
vt 0.410600 1.829720
vt 0.383010 1.827450
vt 0.409610 1.828800
vt 0.435700 1.831680
vt 0.412080 1.827210
vt 0.426620 1.827260
vt 0.425980 1.828420
vt 0.423590 1.830140
vt 0.432830 1.829700
vt 0.431430 1.832700
vt 0.427800 1.833390
vt 0.430360 1.830870
vt 0.426650 1.831480
vt 0.412450 1.789000
vt 0.426790 1.797310
vt 0.423250 1.789170
vt 0.427870 1.779540
vt 0.433550 1.783910
vt 0.455620 1.765890
vt 0.485270 1.754750
vt 0.500300 1.752190
vt 0.500300 1.745960
vt 0.484100 1.739530
vt 0.500300 1.738180
vt 0.657590 1.774360
vt 0.622230 1.774510
vt 0.645570 1.758790
vt 0.612510 1.760030
vt 0.575670 1.759910
vt 0.580480 1.773860
vt 0.540700 1.752990
vt 0.542650 1.760290
vt 0.515600 1.748090
vt 0.515340 1.754750
vt 0.516500 1.739530
vt 0.263990 1.557790
vt 0.255250 1.592170
vt 0.198640 1.581240
vt 0.296770 1.553250
vt 0.305750 1.581190
vt 0.349300 1.549080
vt 0.354800 1.575480
vt 0.395160 1.544330
vt 0.412070 1.520050
vt 0.368420 1.513820
vt 0.111840 1.661620
vt 0.114570 1.689250
vt 0.078250 1.664490
vt 0.056550 1.693300
vt 0.149490 1.657830
vt 0.155040 1.685120
vt 0.223930 1.728970
vt 0.196020 1.720360
vt 0.228410 1.716180
vt 0.199950 1.704080
vt 0.232010 1.698870
vt 0.201710 1.681320
vt 0.199140 1.654320
vt 0.156260 1.710830
vt 0.109320 1.717070
vt 0.151530 1.727700
vt 0.108010 1.736830
vt 0.059240 1.723210
vt 0.002510 1.719360
vt 0.007250 1.728150
vt 0.065270 1.746400
vt 0.015060 1.756090
vt 0.023610 1.785460
vt 0.043660 1.817310
vt 0.071820 1.771040
vt 0.193030 1.734520
vt 0.111550 1.756960
vt 0.151460 1.743130
vt 0.237920 1.677180
vt 0.273130 1.675140
vt 0.237940 1.653600
vt 0.283090 1.655950
vt 0.303710 1.676460
vt 0.313910 1.659270
vt 0.360490 1.666120
vt 0.351530 1.679230
vt 0.340930 1.662870
vt 0.331260 1.678020
vt 0.323160 1.691470
vt 0.316110 1.703010
vt 0.314250 1.711700
vt 0.331960 1.734670
vt 0.321780 1.727670
vt 0.315340 1.719790
vt 0.335560 1.714950
vt 0.340640 1.722320
vt 0.352410 1.727000
vt 0.365920 1.729960
vt 0.460350 1.743320
vt 0.462340 1.731630
vt 0.482840 1.724290
vt 0.483620 1.731720
vt 0.500300 1.732320
vt 0.500300 1.721980
vt 0.500300 1.711370
vt 0.627860 1.668710
vt 0.637880 1.680800
vt 0.613340 1.672810
vt 0.623360 1.685230
vt 0.644320 1.691150
vt 0.628930 1.693800
vt 0.632630 1.700760
vt 0.649070 1.698680
vt 0.636290 1.704760
vt 0.650420 1.703670
vt 0.655870 1.689750
vt 0.661230 1.698990
vt 0.665990 1.707780
vt 0.649300 1.710010
vt 0.638390 1.708380
vt 0.519920 1.710750
vt 0.517770 1.724290
vt 0.540790 1.723390
vt 0.542720 1.710410
vt 0.568760 1.712340
vt 0.571980 1.723360
vt 0.592840 1.722970
vt 0.593230 1.711880
vt 0.609060 1.722080
vt 0.609580 1.711940
vt 0.634920 1.710440
vt 0.646830 1.715930
vt 0.631070 1.710440
vt 0.637810 1.718210
vt 0.623570 1.711570
vt 0.624690 1.721240
vt 0.634690 1.729960
vt 0.158990 1.551470
vt 0.180600 1.525300
vt 0.198290 1.534250
vt 0.148250 1.541690
vt 0.102630 1.553020
vt 0.112710 1.565630
vt 0.523270 1.817110
vt 0.531110 1.790920
vt 0.542950 1.814520
vt 0.536550 1.829430
vt 0.646090 1.835630
vt 0.665730 1.841770
vt 0.646410 1.838560
vt 0.666370 1.840570
vt 0.646380 1.833430
vt 0.668930 1.838980
vt 0.653000 1.830130
vt 0.692000 1.825810
vt 0.666900 1.817390
vt 0.705230 1.822960
vt 0.682120 1.803590
vt 0.616140 1.823360
vt 0.630060 1.810690
vt 0.588160 1.789000
vt 0.630970 1.788790
vt 0.591090 1.799340
vt 0.633950 1.800230
vt 0.587630 1.811790
vt 0.587520 1.824200
vt 0.571840 1.826140
vt 0.568470 1.811480
vt 0.710480 1.096310
vt 0.711850 1.074530
vt 0.753500 1.091540
vt 0.739740 1.071840
vt 0.573330 1.857450
vt 0.583710 1.860140
vt 0.567920 1.859300
vt 0.581910 1.863260
vt 0.604440 1.862720
vt 0.299470 1.046790
vt 0.295130 1.048520
vt 0.268410 1.031720
vt 0.257290 1.039680
vt 0.292110 1.051460
vt 0.257120 1.045090
vt 0.144590 1.034720
vt 0.132300 1.020030
vt 0.218550 1.037420
vt 0.219060 1.007780
vt 0.211130 1.026910
vt 0.189870 1.019260
vt 0.143990 1.014040
vt 0.230220 1.013080
vt 0.112650 1.565670
vt 0.070030 1.568460
vt 0.121940 1.580750
vt 0.069160 1.590280
vt 0.198230 1.534290
vt 0.180540 1.525340
vt 0.158930 1.551520
vt 0.102570 1.553050
vt 0.200610 1.513180
vt 0.231320 1.500520
vt 0.205710 1.501430
vt 0.038470 1.568480
vt 0.038140 1.590000
vt 0.158120 1.506180
vt 0.152690 1.512960
vt 0.121870 1.506560
vt 0.095120 1.506740
vt 0.119990 1.510870
vt 0.087450 1.512080
vt 0.073940 1.507310
vt 0.071690 1.510000
vt 0.062560 1.507160
vt 0.058030 1.511950
vt 0.124410 1.530690
vt 0.072070 1.555660
vt 0.044020 1.551470
vt 0.048340 1.537010
vt 0.071300 1.538070
vt 0.049650 1.519770
vt 0.054040 1.527710
vt 0.068610 1.520080
vt 0.092950 1.538740
vt 0.223390 1.515990
vt 0.270440 1.502900
vt 0.260310 1.520890
vt 0.303030 1.500390
vt 0.289860 1.526060
vt 0.322610 1.503460
vt 0.181280 1.567670
vt 0.234130 1.545220
vt 0.026610 1.600110
vt 0.063810 1.599100
vt 0.022330 1.621410
vt 0.019040 1.647830
vt 0.068840 1.618590
vt 0.068610 1.648740
vt 0.133550 1.619760
vt 0.199760 1.649950
vt 0.134250 1.648930
vt 0.365510 1.601920
vt 0.022390 1.621370
vt 0.315650 1.610400
vt 0.252160 1.616640
vt 0.201160 1.617690
vt 0.133610 1.619720
vt 0.797230 1.854180
vt 0.858070 1.866920
vt 0.813260 1.863610
vt 0.799070 1.872590
vt 0.727720 1.861610
vt 0.731220 1.850020
vt 0.751040 1.869040
vt 0.763590 1.860210
vt 0.785180 1.881480
vt 0.759890 1.836990
vt 0.803400 1.829010
vt 0.829020 1.845630
vt 0.885790 1.826790
vt 0.920240 1.843790
vt 0.734290 1.694290
vt 0.712580 1.706680
vt 0.704730 1.693010
vt 0.741520 1.710710
vt 0.717970 1.716990
vt 0.748100 1.722410
vt 0.717690 1.726670
vt 0.750530 1.734510
vt 0.709190 1.735450
vt 0.851670 1.809280
vt 0.916220 1.800230
vt 0.879140 1.783930
vt 0.823940 1.792770
vt 0.845620 1.769110
vt 0.809690 1.755110
vt 0.797840 1.776300
vt 0.768130 1.758440
vt 0.774780 1.743190
vt 0.744050 1.746120
vt 0.695630 1.746100
vt 0.724850 1.760930
vt 0.674780 1.754270
vt 0.692130 1.769880
vt 0.571000 1.746580
vt 0.604650 1.748030
vt 0.572590 1.732000
vt 0.598240 1.732110
vt 0.654080 1.740640
vt 0.633800 1.746180
vt 0.618100 1.731170
vt 0.621730 1.660800
vt 0.605020 1.666010
vt 0.619000 1.662180
vt 0.603780 1.663560
vt 0.625190 1.658530
vt 0.613290 1.658790
vt 0.629020 1.656180
vt 0.616390 1.654800
vt 0.634350 1.652450
vt 0.622770 1.647240
vt 0.640170 1.647810
vt 0.626110 1.645340
vt 0.634500 1.637380
vt 0.618260 1.633600
vt 0.650130 1.641620
vt 0.601150 1.657410
vt 0.585800 1.666490
vt 0.611240 1.643440
vt 0.558530 1.675300
vt 0.559940 1.668490
vt 0.584210 1.672090
vt 0.569800 1.660640
vt 0.576710 1.642370
vt 0.581410 1.630820
vt 0.494280 1.636700
vt 0.477060 1.642530
vt 0.506810 1.650810
vt 0.534970 1.630770
vt 0.538710 1.641970
vt 0.530600 1.663870
vt 0.545270 1.656620
vt 0.530530 1.670270
vt 0.496230 1.661160
vt 0.441430 1.652080
vt 0.451360 1.661630
vt 0.443250 1.677220
vt 0.455200 1.691360
vt 0.478610 1.683030
vt 0.508310 1.677520
vt 0.497890 1.689040
vt 0.477090 1.695280
vt 0.601040 1.626520
vt 0.602790 1.612820
vt 0.616500 1.626660
vt 0.620510 1.612460
vt 0.650180 1.612860
vt 0.641590 1.627400
vt 0.669330 1.629000
vt 0.679990 1.614310
vt 0.702160 1.631910
vt 0.712940 1.617240
vt 0.738490 1.636870
vt 0.751430 1.620660
vt 0.774390 1.643230
vt 0.787570 1.622860
vt 0.818270 1.648270
vt 0.824920 1.624950
vt 0.864090 1.649030
vt 0.990400 1.598020
vt 0.975710 1.619310
vt 0.960740 1.599000
vt 0.943760 1.608810
vt 0.947830 1.634880
vt 0.921130 1.615650
vt 0.910150 1.644810
vt 0.895470 1.622100
vt 0.861190 1.625320
vt 0.950720 1.562440
vt 0.980460 1.574490
vt 0.937440 1.575260
vt 0.947820 1.585150
vt 0.919100 1.577920
vt 0.926590 1.593010
vt 0.907230 1.597460
vt 0.883500 1.599360
vt 0.855360 1.601380
vt 0.824650 1.602380
vt 0.790910 1.602580
vt 0.757400 1.602160
vt 0.719330 1.600540
vt 0.686160 1.599090
vt 0.721850 1.565970
vt 0.688370 1.583000
vt 0.689450 1.566470
vt 0.656890 1.582400
vt 0.658730 1.566950
vt 0.620190 1.567550
vt 0.619970 1.581030
vt 0.602060 1.596210
vt 0.620630 1.596940
vt 0.592830 1.579300
vt 0.590790 1.568010
vt 0.654920 1.597710
vt 0.721770 1.583880
vt 0.757600 1.565420
vt 0.788400 1.564940
vt 0.758440 1.584720
vt 0.790590 1.584820
vt 0.816900 1.564500
vt 0.841830 1.564120
vt 0.820970 1.584220
vt 0.848410 1.583350
vt 0.866380 1.563730
vt 0.890150 1.563370
vt 0.874650 1.582170
vt 0.899690 1.580380
vt 0.917180 1.562970
vt 0.935860 1.550050
vt 0.978910 1.549430
vt 0.944990 1.539850
vt 0.956170 1.525620
vt 0.985900 1.525660
vt 0.968610 1.504880
vt 0.938020 1.516360
vt 0.938880 1.490220
vt 0.914600 1.510240
vt 0.888200 1.504600
vt 0.900050 1.481480
vt 0.853580 1.502450
vt 0.853550 1.478680
vt 0.817430 1.503930
vt 0.807890 1.480850
vt 0.780400 1.507160
vt 0.764730 1.487250
vt 0.744610 1.510480
vt 0.729690 1.494710
vt 0.706610 1.515090
vt 0.694040 1.500780
vt 0.674090 1.519030
vt 0.661640 1.504700
vt 0.609190 1.508670
vt 0.597220 1.522900
vt 0.593790 1.509290
vt 0.614960 1.522710
vt 0.644520 1.521390
vt 0.634150 1.507150
vt 0.682120 1.534030
vt 0.715060 1.531550
vt 0.752850 1.528760
vt 0.786250 1.527300
vt 0.819950 1.526470
vt 0.850740 1.526520
vt 0.879070 1.527670
vt 0.902970 1.528840
vt 0.922840 1.532670
vt 0.917240 1.547970
vt 0.872370 1.545090
vt 0.897560 1.546100
vt 0.818530 1.544700
vt 0.846030 1.544720
vt 0.756050 1.546130
vt 0.788130 1.545040
vt 0.686320 1.550020
vt 0.719540 1.548110
vt 0.654980 1.551590
vt 0.618300 1.554100
vt 0.616990 1.538200
vt 0.598550 1.539500
vt 0.591430 1.556660
vt 0.651120 1.536370
vt 0.946870 1.331400
vt 0.978480 1.303940
vt 0.935760 1.303890
vt 0.938000 1.331180
vt 0.922520 1.303200
vt 0.913870 1.305210
vt 0.878700 1.286190
vt 0.930220 1.332280
vt 0.950270 1.400990
vt 0.944350 1.357380
vt 0.944320 1.401460
vt 0.937050 1.401450
vt 0.937820 1.357980
vt 0.962010 1.333120
vt 0.949310 1.356820
vt 0.888500 1.244070
vt 0.908020 1.271010
vt 0.989340 1.246390
vt 0.986720 1.274140
vt 0.982450 1.193860
vt 0.877630 1.199970
vt 0.814320 1.245760
vt 0.797330 1.200400
vt 0.706400 1.141450
vt 0.783950 1.143370
vt 0.713580 1.164460
vt 0.785290 1.163870
vt 0.865170 1.143470
vt 0.864470 1.162950
vt 0.721260 1.226810
vt 0.718330 1.195200
vt 0.888260 1.279280
vt 0.820160 1.268860
vt 0.634780 1.141740
vt 0.627990 1.162860
vt 0.621980 1.188370
vt 0.619890 1.209590
vt 0.614950 1.235690
vt 0.722680 1.247100
vt 0.894330 1.031380
vt 0.836320 1.033330
vt 0.892710 1.036240
vt 0.827640 1.042130
vt 0.933160 1.093200
vt 0.920890 1.075040
vt 0.867220 1.101580
vt 0.853860 1.083400
vt 0.904000 1.053430
vt 0.837720 1.060010
vt 0.965510 1.154480
vt 0.954120 1.133750
vt 0.946190 1.121080
vt 0.941320 1.109440
vt 0.867910 1.128260
vt 0.871680 1.117430
vt 0.800200 1.124310
vt 0.774730 1.066400
vt 0.795810 1.088400
vt 0.811100 1.104560
vt 0.826220 1.115770
vt 0.772600 1.110250
vt 0.729720 1.115680
vt 0.639790 1.123560
vt 0.695990 1.119600
vt 0.638320 1.110530
vt 0.654630 1.095120
vt 0.625300 1.098080
vt 0.675910 1.106080
vt 0.671140 1.089350
vt 0.673770 1.073820
vt 0.693650 1.056080
vt 0.656740 1.058790
vt 0.640010 1.043920
vt 0.674230 1.039240
vt 0.699820 1.034780
vt 0.720940 1.052990
vt 0.753290 1.047530
vt 0.726400 1.029920
vt 0.754040 1.022550
vt 0.772580 1.016010
vt 0.775820 1.010750
vt 0.897020 1.025430
vt 0.841040 1.026390
vt 0.778530 1.004110
vt 0.843760 1.017980
vt 0.900430 1.020930
vt 0.944060 1.693300
vt 0.886040 1.689250
vt 0.922360 1.664490
vt 0.888770 1.661620
vt 0.845570 1.685120
vt 0.851120 1.657830
vt 0.772200 1.716180
vt 0.804590 1.720360
vt 0.776670 1.728970
vt 0.800660 1.704080
vt 0.768600 1.698870
vt 0.798890 1.681320
vt 0.801470 1.654320
vt 0.844350 1.710830
vt 0.891290 1.717070
vt 0.849080 1.727700
vt 0.892600 1.736830
vt 0.941360 1.723210
vt 0.998100 1.719360
vt 0.993360 1.728150
vt 0.935330 1.746400
vt 0.985550 1.756090
vt 0.977000 1.785460
vt 0.956940 1.817310
vt 0.928790 1.771040
vt 0.807570 1.734520
vt 0.889050 1.756960
vt 0.849140 1.743130
vt 0.762680 1.677180
vt 0.727480 1.675140
vt 0.762670 1.653600
vt 0.717520 1.655950
vt 0.696900 1.676460
vt 0.686700 1.659270
vt 0.659680 1.662870
vt 0.649080 1.679230
vt 0.640120 1.666120
vt 0.669350 1.678020
vt 0.684500 1.703010
vt 0.677450 1.691470
vt 0.686350 1.711700
vt 0.668650 1.734670
vt 0.678820 1.727670
vt 0.685270 1.719790
vt 0.665050 1.714950
vt 0.659960 1.722320
vt 0.648200 1.727000
vt 0.540260 1.743320
vt 0.538270 1.731630
vt 0.516990 1.731720
vt 0.698000 1.897340
vt 0.672000 1.914150
vt 0.664180 1.900540
vt 0.631580 1.926950
vt 0.587560 1.917800
vt 0.625770 1.916220
vt 0.590100 1.925340
vt 0.618420 1.910830
vt 0.613950 1.904980
vt 0.581230 1.910960
vt 0.542010 1.914010
vt 0.614230 1.900900
vt 0.574550 1.902800
vt 0.541250 1.903360
vt 0.571470 1.898930
vt 0.611080 1.897910
vt 0.541910 1.896190
vt 0.572570 1.894940
vt 0.609870 1.894590
vt 0.632670 1.895790
vt 0.633960 1.898610
vt 0.640170 1.892940
vt 0.646780 1.900370
vt 0.657640 1.891620
vt 0.629130 1.885970
vt 0.606640 1.885550
vt 0.580890 1.885610
vt 0.579810 1.870910
vt 0.556110 1.872400
vt 0.563040 1.866040
vt 0.583260 1.880140
vt 0.549470 1.877960
vt 0.543200 1.891070
vt 0.541110 1.874270
vt 0.533940 1.895860
vt 0.540810 1.923420
vt 0.593410 1.934960
vt 0.546420 1.941800
vt 0.556280 1.954410
vt 0.639140 1.941200
vt 0.688960 1.934900
vt 0.601510 1.946800
vt 0.575590 1.977280
vt 0.723590 1.884110
vt 0.721900 1.914600
vt 0.639620 1.966830
vt 0.657230 1.952280
vt 0.672140 1.971370
vt 0.680740 1.963640
vt 0.706930 1.949340
vt 0.728860 1.931810
vt 0.751460 1.897900
vt 0.777410 1.908800
vt 0.820510 1.879350
vt 0.812150 1.894450
vt 0.709030 1.875670
vt 0.709010 1.856580
vt 0.673410 1.851030
vt 0.676240 1.852390
vt 0.667460 1.854470
vt 0.694240 1.868960
vt 0.693380 1.854190
vt 0.682670 1.862950
vt 0.668980 1.856000
vt 0.674480 1.858490
vt 0.687600 1.886610
vt 0.676690 1.877710
vt 0.653300 1.883920
vt 0.667150 1.869050
vt 0.661480 1.863580
vt 0.648490 1.874340
vt 0.607110 1.878860
vt 0.657950 1.857540
vt 0.645050 1.868080
vt 0.657170 1.859470
vt 0.643470 1.862550
vt 0.644730 1.860280
vt 0.623680 1.877690
vt 0.604190 1.873260
vt 0.625260 1.872120
vt 0.624550 1.864800
vt 0.625060 1.862140
vt 0.604480 1.865360
vt 0.562330 1.846180
vt 0.564640 1.852250
vt 0.558100 1.847030
vt 0.561850 1.839320
vt 0.558110 1.839920
vt 0.554770 1.840180
vt 0.560230 1.853610
vt 0.549960 1.853340
vt 0.540600 1.842200
vt 0.553480 1.858920
vt 0.542930 1.857860
vt 0.531680 1.846330
vt 0.546090 1.868760
vt 0.535210 1.866050
vt 0.519420 1.835170
vt 0.530170 1.784240
vt 0.518560 1.756690
vt 0.572740 1.779540
vt 0.544980 1.765890
vt 0.544010 1.774780
vt 0.524900 1.767740
vt 0.545460 1.786460
vt 0.563480 1.787570
vt 0.550390 1.791320
vt 0.563090 1.792450
vt 0.556330 1.811250
vt 0.556530 1.822940
vt 0.617860 1.832840
vt 0.590000 1.829720
vt 0.618750 1.830300
vt 0.590990 1.828800
vt 0.617600 1.827450
vt 0.564900 1.831680
vt 0.588530 1.827210
vt 0.573980 1.827260
vt 0.574630 1.828420
vt 0.577020 1.830140
vt 0.567780 1.829700
vt 0.569180 1.832700
vt 0.572810 1.833390
vt 0.570250 1.830870
vt 0.573960 1.831480
vt 0.577360 1.789170
vt 0.573810 1.797310
vt 0.567050 1.783910
vt 0.669690 1.788650
vt 0.759800 1.793390
vt 0.741330 1.775510
vt 0.705000 1.785820
vt 0.721220 1.803210
vt 0.777600 1.810410
vt 0.738990 1.819620
vt 0.709330 1.838700
vt 0.726830 1.838700
vt 0.694640 1.840940
vt 0.698400 1.845900
vt 0.714030 1.846050
vt 0.683630 1.846390
vt 0.681310 1.853190
vt 0.675810 1.845020
vt 0.673420 1.842850
vt 0.679110 1.845600
vt 0.676330 1.842490
vt 0.676490 1.835350
vt 0.680870 1.842110
vt 0.205770 1.501390
vt 0.231380 1.500480
vt 0.200670 1.513140
vt 0.069230 1.590240
vt 0.122010 1.580710
vt 0.038530 1.568450
vt 0.152750 1.512930
vt 0.121930 1.506520
vt 0.120050 1.510830
vt 0.095190 1.506700
vt 0.087510 1.512040
vt 0.074030 1.507270
vt 0.071750 1.509960
vt 0.062650 1.507100
vt 0.058060 1.511910
vt 0.072130 1.555620
vt 0.044090 1.551430
vt 0.071370 1.538030
vt 0.054100 1.527670
vt 0.049720 1.519730
vt 0.093010 1.538700
vt 0.068680 1.520040
vt 0.223450 1.515950
vt 0.270500 1.502860
vt 0.289920 1.526020
vt 0.322670 1.503420
vt 0.234200 1.545170
vt 0.181340 1.567630
vt 0.126890 1.594630
vt 0.026670 1.600070
vt 0.063870 1.599060
vt 0.546480 1.541750
vt 0.529310 1.562650
vt 0.548950 1.562910
vt 0.525370 1.584720
vt 0.488460 1.587600
vt 0.450280 1.588320
vt 0.410710 1.594980
vt 0.450940 1.553130
s 1
usemtl material_2
f 623/321/621 625/322/622 624/323/623
f 624/323/623 625/322/622 626/324/624
f 627/325/625 629/323/626 628/324/627
f 630/326/628 632/327/629 631/328/630
f 633/329/631 632/327/629 630/326/628
f 630/326/628 634/330/632 633/329/631
f 633/329/631 634/330/632 635/331/633
f 636/332/634 638/333/635 637/334/636
f 637/334/636 638/333/635 639/335/637
f 638/333/635 640/336/638 639/335/637
f 639/335/637 640/336/638 641/337/639
f 641/337/639 640/336/638 642/338/640
f 643/339/641 645/340/642 644/341/643
f 644/341/643 645/340/642 646/342/644
f 647/343/645 649/339/646 648/341/647
f 650/344/648 649/339/646 647/343/645
f 651/345/649 653/344/650 652/343/651
f 654/346/652 653/344/650 651/345/649
f 655/342/653 657/347/654 656/348/655
f 658/340/656 657/347/654 655/342/653
f 658/340/656 659/349/657 657/347/654
f 643/339/641 660/350/658 645/340/642
f 661/350/659 663/349/660 662/340/661
f 664/351/662 665/349/663 660/350/658
f 664/351/662 660/350/658 643/339/641
f 666/344/664 668/351/665 667/339/666
f 669/352/667 668/351/665 666/344/664
f 654/346/652 670/352/668 653/344/650
f 671/353/669 670/352/668 654/346/652
f 668/351/665 669/352/667 672/353/670
f 673/342/671 675/341/672 674/340/673
f 674/340/673 675/341/672 676/339/674
f 677/341/675 679/343/676 678/339/677
f 678/339/677 679/343/676 680/344/678
f 681/343/679 683/345/680 682/344/681
f 682/344/681 683/345/680 684/346/682
f 685/348/683 687/342/684 686/347/685
f 686/347/685 687/342/684 688/340/686
f 686/347/685 688/340/686 689/349/687
f 674/340/673 676/339/674 690/350/688
f 689/349/687 688/340/686 691/350/689
f 692/351/690 694/349/691 693/350/692
f 690/350/688 676/339/674 695/351/693
f 678/339/677 680/344/678 696/351/694
f 696/351/694 680/344/678 697/352/695
f 682/344/681 684/346/682 698/352/696
f 698/352/696 684/346/682 699/353/697
f 696/351/694 697/352/695 700/353/698
f 701/339/699 703/342/700 702/341/701
f 704/343/702 706/339/703 705/341/704
f 707/344/705 706/339/703 704/343/702
f 708/345/706 710/344/707 709/343/708
f 711/346/709 710/344/707 708/345/706
f 712/340/710 703/342/700 701/339/699
f 713/340/711 715/348/712 714/342/713
f 716/347/714 715/348/712 713/340/711
f 713/340/711 717/350/715 716/347/714
f 716/347/714 717/350/715 718/349/716
f 719/351/717 721/349/718 720/350/719
f 712/340/710 719/351/717 720/350/719
f 701/339/699 719/351/717 712/340/710
f 722/344/720 724/351/721 723/339/722
f 725/352/723 724/351/721 722/344/720
f 711/346/709 726/352/724 710/344/707
f 727/353/725 726/352/724 711/346/709
f 724/351/721 725/352/723 728/353/726
f 729/354/727 731/355/728 730/356/729
f 732/355/730 734/357/731 733/356/732
f 733/356/732 734/357/731 735/358/733
s 0
f 736/358/734 738/357/734 737/359/734
f 739/360/735 741/361/735 740/362/735
f 740/362/736 741/361/736 742/363/736
f 742/363/737 741/361/737 743/364/737
f 739/360/735 740/362/735 737/359/735
f 737/359/738 740/362/738 736/358/738
s 1
f 744/365/739 746/366/740 745/364/741
f 745/364/741 746/366/740 747/363/742
f 746/366/740 748/362/743 747/363/742
f 749/367/744 748/362/743 746/366/740
f 748/362/743 749/367/744 750/358/745
f 750/358/745 749/367/744 751/356/746
f 752/368/747 754/369/748 753/370/749
f 755/371/750 754/369/748 752/368/747
f 754/369/748 755/371/750 756/372/751
f 757/373/752 759/374/753 758/375/754
f 758/375/754 759/374/753 760/376/755
f 760/376/755 752/368/747 758/375/754
f 755/371/750 752/368/747 760/376/755
f 761/377/756 755/371/750 760/376/755
f 756/372/751 755/371/750 762/378/757
f 762/378/757 755/371/750 761/377/756
f 762/378/757 761/377/756 756/372/751
f 763/372/758 765/377/759 764/379/760
f 764/379/760 766/380/761 763/372/758
f 767/379/762 769/381/763 768/382/764
f 770/382/765 766/380/761 764/379/760
f 771/383/766 773/384/767 772/385/768
f 774/331/769 776/386/770 775/387/771
f 773/384/767 775/387/771 776/386/770
f 772/385/768 773/384/767 776/386/770
f 772/385/768 776/386/770 777/388/772
f 777/388/772 776/386/770 778/389/773
f 776/386/770 774/331/769 778/389/773
f 778/389/773 774/331/769 779/330/774
f 780/390/775 782/391/776 781/392/777
f 781/392/777 632/327/629 780/390/775
f 631/328/630 632/327/629 781/392/777
f 781/392/777 782/391/776 783/393/778
f 782/391/776 766/380/761 783/393/778
f 783/393/778 766/380/761 770/382/765
f 769/381/763 784/393/779 768/382/764
f 769/381/763 785/392/780 784/393/779
f 786/394/781 785/392/780 769/381/763
f 778/389/773 787/395/782 777/388/772
f 788/321/783 787/395/782 778/389/773
f 789/321/784 778/389/773 790/322/785
f 790/322/785 778/389/773 779/330/774
f 759/374/753 761/377/756 760/376/755
f 625/322/622 634/330/632 626/324/624
f 626/324/624 634/330/632 630/326/628
f 631/328/630 626/324/624 630/326/628
f 627/325/625 628/324/627 791/328/786
f 792/392/787 627/325/625 791/328/786
f 793/394/788 795/325/789 794/392/790
f 795/325/789 793/394/788 796/396/791
f 796/396/791 793/394/788 797/397/792
f 798/397/793 800/394/794 799/398/795
f 799/398/795 800/394/794 801/381/796
f 802/399/797 804/381/797 803/379/797
f 764/379/760 765/377/759 805/399/798
f 806/400/799 761/377/756 759/374/753
f 805/399/798 765/377/759 807/400/800
f 757/373/752 808/401/801 759/374/753
f 809/400/802 811/402/803 810/399/804
f 812/402/805 806/400/799 759/374/753
f 759/374/753 808/401/801 812/402/805
f 813/403/806 811/402/803 814/401/807
f 810/399/804 811/402/803 815/404/808
f 815/404/808 811/402/803 813/403/806
f 816/403/809 818/405/810 817/404/811
f 819/406/812 821/407/813 820/405/814
f 817/404/811 818/405/810 822/407/815
f 823/404/816 825/407/817 824/399/818
f 824/399/818 825/407/817 826/381/819
f 827/381/820 821/407/813 819/406/812
f 828/406/821 830/408/822 829/381/823
f 829/381/823 830/408/822 831/398/824
f 832/409/825 834/398/826 833/408/827
f 835/397/828 834/398/826 832/409/825
f 836/397/829 838/409/830 837/396/831
f 837/396/831 838/409/830 839/410/832
f 840/411/833 842/396/834 841/410/835
f 843/325/836 842/396/834 840/411/833
f 844/411/837 846/412/838 845/325/839
f 847/413/840 629/323/626 627/325/625
f 845/325/839 846/412/838 848/413/841
f 849/414/842 851/413/843 850/412/844
f 852/323/845 851/413/843 849/414/842
f 853/414/846 855/395/847 854/323/848
f 854/323/848 855/395/847 856/321/849
f 857/415/850 859/416/851 858/417/852
f 860/418/853 859/416/851 857/415/850
f 861/419/854 860/418/853 857/415/850
f 862/420/855 860/418/853 861/419/854
f 863/421/856 860/418/853 862/420/855
f 864/422/857 863/421/856 862/420/855
f 865/423/858 863/421/856 864/422/857
f 866/424/859 865/423/858 864/422/857
f 867/425/860 865/423/858 866/424/859
f 868/426/861 867/425/860 866/424/859
f 869/427/862 867/425/860 870/426/863
f 871/428/864 867/425/860 869/427/862
f 872/429/865 871/428/864 873/430/866
f 874/430/867 871/428/864 869/427/862
f 875/431/868 877/432/869 876/433/870
f 878/434/871 880/435/872 879/436/873
f 881/437/874 880/435/872 878/434/871
f 881/437/874 882/438/875 880/435/872
f 883/439/876 882/438/875 881/437/874
f 883/439/876 884/440/877 882/438/875
f 885/441/878 884/440/877 883/439/876
f 884/440/877 885/441/878 886/442/879
f 886/442/879 885/441/878 887/443/880
f 888/444/881 890/445/882 889/446/883
f 889/446/883 891/447/884 888/444/881
f 892/448/885 891/447/884 889/446/883
f 893/449/886 891/447/884 892/448/885
f 894/450/887 891/447/884 893/449/886
f 895/451/888 894/450/887 893/449/886
f 896/452/889 894/450/887 895/451/888
f 897/453/890 896/452/889 895/451/888
f 898/454/891 896/452/889 897/453/890
f 897/453/890 899/455/892 898/454/891
f 898/454/891 899/455/892 900/456/893
f 899/455/892 901/457/894 900/456/893
f 900/456/893 901/457/894 902/458/895
f 903/459/896 905/458/897 904/457/898
f 906/460/899 905/458/897 903/459/896
f 903/459/896 879/436/873 906/460/899
f 878/434/871 879/436/873 903/459/896
f 907/439/900 909/437/901 908/461/902
f 908/461/902 909/437/901 910/462/903
f 911/434/904 910/462/903 909/437/901
f 912/463/905 910/462/903 911/434/904
f 913/459/906 912/463/905 911/434/904
f 914/464/907 916/465/908 915/466/909
f 917/467/910 919/468/911 918/469/912
f 920/467/913 922/470/914 921/468/915
f 923/471/916 922/470/914 920/467/913
f 924/472/917 926/473/918 925/471/919
f 925/471/919 926/473/918 927/470/920
f 928/474/921 930/475/922 929/476/923
f 929/476/923 930/475/922 931/477/924
f 932/478/925 934/479/926 933/480/927
f 935/481/928 937/482/929 936/483/930
f 938/484/931 940/485/932 939/486/933
f 939/486/933 940/485/932 941/487/934
f 942/488/935 939/486/933 943/489/936
f 943/489/936 939/486/933 941/487/934
s 0
f 944/489/734 946/487/734 945/490/734
s 1
f 947/491/937 949/492/938 948/493/939
f 948/493/939 949/492/938 950/494/940
f 951/495/941 953/496/942 952/497/943
f 954/498/944 953/496/942 951/495/941
f 954/498/944 955/499/945 953/496/942
f 956/500/946 958/501/947 957/502/948
f 959/503/949 958/501/947 956/500/946
f 959/503/949 956/500/946 960/504/950
f 959/503/949 960/504/950 961/505/951
f 962/505/952 964/504/953 963/506/954
f 962/505/952 963/506/954 965/507/955
f 966/508/956 962/505/952 965/507/955
f 967/509/957 962/505/952 966/508/956
f 968/510/958 967/509/957 966/508/956
f 969/511/959 967/509/957 968/510/958
f 970/512/960 969/511/959 968/510/958
f 971/513/961 969/511/959 970/512/960
f 972/514/962 971/513/961 970/512/960
f 973/515/963 971/513/961 972/514/962
f 972/514/962 974/516/964 973/515/963
f 973/515/963 974/516/964 975/517/965
f 976/518/966 975/517/965 974/516/964
f 977/519/967 975/517/965 976/518/966
f 978/520/968 977/519/967 976/518/966
f 979/521/969 977/519/967 978/520/968
f 980/522/970 979/521/969 978/520/968
f 981/523/971 979/521/969 980/522/970
f 980/522/970 982/524/972 981/523/971
f 983/525/973 982/524/972 980/522/970
f 982/524/972 983/525/973 984/526/974
f 984/526/974 983/525/973 985/527/975
f 958/501/947 986/528/976 957/502/948
s 0
f 987/529/977 989/528/977 988/501/977
s 1
f 985/527/975 990/530/978 984/526/974
f 991/531/979 990/530/978 985/527/975
f 992/532/980 990/530/978 991/531/979
f 993/533/981 995/530/982 994/532/983
f 996/529/984 998/534/985 997/528/986
f 997/528/986 998/534/985 999/535/987
f 1000/536/988 999/535/987 998/534/985
f 998/534/985 1001/533/989 1000/536/988
f 1002/536/990 993/533/981 994/532/983
f 1003/537/991 1005/538/992 1004/539/993
f 1006/540/994 1003/537/991 1004/539/993
f 1007/541/995 1003/537/991 1006/540/994
f 1008/542/996 1007/541/995 1006/540/994
f 1009/543/997 1007/541/995 1008/542/996
f 1009/543/997 1008/542/996 1010/544/998
f 1010/544/998 1008/542/996 1011/545/999
f 1010/544/998 1011/545/999 1012/546/1000
f 1009/543/997 1013/547/1001 1007/541/995
f 1007/541/995 1013/547/1001 1014/548/1002
f 1013/547/1001 1015/549/1003 1014/548/1002
f 1016/550/1004 1015/549/1003 1013/547/1001
f 1017/551/1005 1010/544/998 1012/546/1000
f 1018/552/1006 1010/544/998 1017/551/1005
f 1013/547/1001 1019/553/1007 1016/550/1004
f 1018/552/1006 1019/553/1007 1013/547/1001
f 1013/547/1001 1009/543/997 1018/552/1006
f 1018/552/1006 1009/543/997 1010/544/998
f 1020/342/1008 1022/340/1009 1021/341/1010
f 1021/341/1010 1022/340/1009 1023/339/1011
f 1024/341/1012 1026/339/1013 1025/343/1014
f 1025/343/1014 1026/339/1013 1027/344/1015
f 1028/343/1016 1030/344/1017 1029/345/1018
f 1029/345/1018 1030/344/1017 1031/346/1019
f 1032/348/1020 1034/347/1021 1033/342/1022
f 1033/342/1022 1034/347/1021 1035/340/1023
f 1034/347/1021 1036/349/1024 1035/340/1023
f 1022/340/1009 1037/350/1025 1023/339/1011
s 0
f 1038/340/1026 1040/349/1026 1039/350/1026
s 1
f 1037/350/1025 1042/349/1027 1041/351/1028
f 1023/339/1011 1037/350/1025 1041/351/1028
f 1043/339/1029 1045/351/1030 1044/344/1031
f 1044/344/1031 1045/351/1030 1046/352/1032
f 1030/344/1017 1047/352/1033 1031/346/1019
f 1031/346/1019 1047/352/1033 1048/353/1034
f 1049/353/1035 1046/352/1032 1045/351/1030
f 1050/339/1036 1052/341/1037 1051/340/1038
f 1051/340/1038 1052/341/1037 1053/342/1039
f 1054/339/1040 1056/343/1041 1055/341/1042
f 1057/344/1043 1056/343/1041 1054/339/1040
f 1058/344/1044 1060/345/1045 1059/343/1046
f 1061/346/1047 1060/345/1045 1058/344/1044
f 1062/347/1048 1064/342/1049 1063/348/1050
f 1065/340/1051 1064/342/1049 1062/347/1048
f 1066/349/1052 1065/340/1051 1062/347/1048
f 1067/350/1053 1050/339/1036 1051/340/1038
f 1068/350/1054 1065/340/1051 1066/349/1052
s 0
f 1069/350/1055 1071/349/1055 1070/351/1055
s 1
f 1072/351/1056 1050/339/1036 1067/350/1053
f 1073/351/1057 1057/344/1043 1054/339/1040
f 1074/352/1058 1057/344/1043 1073/351/1057
f 1075/352/1059 1061/346/1047 1058/344/1044
f 1076/353/1060 1061/346/1047 1075/352/1059
f 1077/353/1061 1074/352/1058 1073/351/1057
f 1078/341/1062 1080/342/1063 1079/339/1064
f 1081/341/1065 1083/339/1066 1082/343/1067
f 1082/343/1067 1083/339/1066 1084/344/1068
f 1085/343/1069 1087/344/1070 1086/345/1071
f 1086/345/1071 1087/344/1070 1088/346/1072
f 1079/339/1064 1080/342/1063 1089/340/1073
f 1090/342/1074 1092/348/1075 1091/340/1076
f 1091/340/1076 1092/348/1075 1093/347/1077
f 1094/349/1078 1095/350/1079 1093/347/1077
f 1093/347/1077 1095/350/1079 1091/340/1076
f 1096/350/1080 1098/349/1081 1097/351/1082
f 1096/350/1080 1097/351/1082 1089/340/1073
f 1089/340/1073 1097/351/1082 1079/339/1064
f 1099/339/1083 1101/351/1084 1100/344/1085
f 1100/344/1085 1101/351/1084 1102/352/1086
f 1087/344/1070 1103/352/1087 1088/346/1072
f 1088/346/1072 1103/352/1087 1104/353/1088
f 1105/353/1089 1102/352/1086 1101/351/1084
f 1106/554/1090 1108/555/1091 1107/556/1092
f 1106/554/1090 1107/556/1092 1109/557/1093
f 1110/558/1094 1112/559/1095 1111/560/1096
f 1113/561/1097 1112/559/1095 1110/558/1094
f 1110/558/1094 1114/562/1098 1113/561/1097
f 1113/561/1097 1114/562/1098 1109/557/1093
f 1109/557/1093 1107/556/1092 1115/561/1099
f 1116/563/1100 1115/561/1099 1107/556/1092
f 1116/563/1100 1107/556/1092 1117/564/1101
f 1117/564/1101 1107/556/1092 1118/565/1102
f 1107/556/1092 1108/555/1091 1118/565/1102
f 1119/566/1103 1120/567/1104 1108/555/1091
f 1108/555/1091 1120/567/1104 1118/565/1102
f 1121/568/1105 1123/569/1106 1122/570/1107
f 1122/570/1107 1123/569/1106 1124/571/1108
f 1123/569/1106 1125/572/1109 1124/571/1108
f 1124/571/1108 1125/572/1109 1126/573/1110
f 1127/574/1111 1126/573/1110 1125/572/1109
f 1128/575/1112 1126/573/1110 1127/574/1111
f 1127/574/1111 1129/576/1113 1128/575/1112
f 1120/567/1104 1131/577/1114 1130/578/1115
f 1130/578/1115 1131/577/1114 1132/579/1116
f 1130/578/1115 1132/579/1116 1133/580/1117
f 1133/580/1117 1132/579/1116 1134/581/1118
f 1135/582/1119 1133/580/1117 1134/581/1118
f 1136/583/1120 1133/580/1117 1135/582/1119
f 1136/583/1120 1135/582/1119 1137/584/1121
f 1137/584/1121 1135/582/1119 1138/585/1122
f 1137/584/1121 1138/585/1122 1139/586/1123
f 1139/586/1123 1138/585/1122 1128/575/1112
f 1128/575/1112 1129/576/1113 1139/586/1123
f 1129/576/1113 1140/587/1124 1139/586/1123
f 1139/586/1123 1140/587/1124 1141/588/1125
f 1140/587/1124 1012/546/1000 1141/588/1125
f 1141/588/1125 1012/546/1000 1142/589/1126
f 1012/546/1000 1011/545/999 1142/589/1126
f 1143/590/1127 1144/591/1128 918/469/912
f 918/469/912 1144/591/1128 1145/592/1129
f 1146/593/1130 1148/594/1131 1147/595/1132
f 1149/596/1133 1148/594/1131 1146/593/1130
f 1145/592/1129 1149/596/1133 1146/593/1130
f 1144/591/1128 1149/596/1133 1145/592/1129
f 1144/591/1128 1150/597/1134 1149/596/1133
f 1151/598/1135 1152/599/1136 1150/597/1134
f 1151/598/1135 1150/597/1134 1144/591/1128
f 1153/600/1137 1143/590/1127 1154/601/1138
f 1153/600/1137 1154/601/1138 1155/602/1139
f 1155/602/1139 1154/601/1138 1156/603/1140
f 1011/545/999 1157/604/1141 1142/589/1126
f 1153/600/1137 1144/591/1128 1143/590/1127
f 1151/598/1135 1144/591/1128 1153/600/1137
f 1153/600/1137 1152/599/1136 1151/598/1135
f 1157/604/1141 1152/599/1136 1153/600/1137
f 1136/583/1120 1158/605/1142 1133/580/1117
f 1133/580/1117 1158/605/1142 1159/606/1143
f 1159/606/1143 1155/602/1139 1156/603/1140
f 1158/605/1142 1155/602/1139 1159/606/1143
f 1137/584/1121 1160/607/1144 1136/583/1120
f 1136/583/1120 1160/607/1144 1158/605/1142
f 1141/588/1125 1137/584/1121 1139/586/1123
f 1160/607/1144 1137/584/1121 1141/588/1125
f 1142/589/1126 1157/604/1141 1161/608/1145
f 1153/600/1137 1161/608/1145 1157/604/1141
f 1155/602/1139 1161/608/1145 1153/600/1137
f 1158/605/1142 1161/608/1145 1155/602/1139
f 1160/607/1144 1161/608/1145 1158/605/1142
f 1160/607/1144 1141/588/1125 1161/608/1145
f 1161/608/1145 1141/588/1125 1142/589/1126
f 1162/342/1146 1164/339/1147 1163/341/1148
f 1165/339/1149 1167/344/1150 1166/341/1151
f 1166/341/1151 1167/344/1150 1168/343/1152
f 1169/343/1153 1171/346/1154 1170/345/1155
f 1172/344/1156 1171/346/1154 1169/343/1153
f 1173/340/1157 1164/339/1147 1162/342/1146
f 1174/348/1158 1176/340/1159 1175/342/1160
f 1177/347/1161 1176/340/1159 1174/348/1158
f 1172/344/1156 1178/353/1162 1171/346/1154
f 1179/353/1163 1181/352/1164 1180/351/1165
s 0
f 1182/352/1166 1184/353/1166 1183/344/1166
s 1
f 1165/339/1149 1181/352/1164 1167/344/1150
f 1180/351/1165 1181/352/1164 1165/339/1149
f 1185/350/1167 1187/349/1168 1186/351/1169
f 1186/351/1169 1188/339/1170 1185/350/1167
f 1185/350/1167 1188/339/1170 1189/340/1171
f 1190/349/1172 1191/350/1173 1177/347/1161
f 1177/347/1161 1191/350/1173 1176/340/1159
f 1192/609/1174 1194/610/1175 1193/611/1176
f 1195/611/1177 1197/610/1178 1196/612/1179
s 0
f 1198/611/1180 1200/613/1180 1199/609/1180
s 1
f 1192/609/1174 1202/613/1181 1201/614/1182
f 1203/613/1183 1204/615/1184 1201/614/1182
f 1205/616/1185 1204/615/1184 1203/613/1183
f 1205/616/1185 1206/617/1186 1204/615/1184
f 1207/618/1187 1206/617/1186 1205/616/1185
f 1208/619/1188 1195/611/1177 1196/612/1179
f 1209/620/1189 1195/611/1177 1208/619/1188
f 1210/620/1190 1212/621/1191 1211/611/1192
f 1211/611/1192 1212/621/1191 1213/613/1193
f 1212/621/1191 1205/616/1185 1203/613/1183
f 1214/622/1194 1205/616/1185 1212/621/1191
f 1214/622/1194 1207/618/1187 1205/616/1185
f 1215/623/1195 1207/618/1187 1214/622/1194
f 1216/624/1196 1217/625/1197 1210/620/1190
f 1210/620/1190 1217/625/1197 1212/621/1191
f 1217/625/1197 1214/622/1194 1212/621/1191
f 1218/626/1198 1214/622/1194 1217/625/1197
f 1219/626/1199 1215/623/1195 1214/622/1194
f 1220/627/1200 1215/623/1195 1219/626/1199
f 1220/627/1200 1222/628/1201 1221/629/1202
f 1219/626/1199 1222/628/1201 1220/627/1200
f 1218/626/1198 1224/630/1203 1223/628/1204
f 1217/625/1197 1224/630/1203 1218/626/1198
f 1217/625/1197 1225/631/1205 1224/630/1203
f 1216/624/1196 1225/631/1205 1217/625/1197
f 1226/624/1206 1228/632/1207 1227/631/1208
f 1229/633/1209 1231/634/1210 1230/635/1211
f 1231/634/1210 1233/636/1212 1232/637/1213
f 1234/636/1214 1236/634/1215 1235/633/1216
f 1237/638/1217 1238/639/1218 1235/633/1216
f 1235/633/1216 1238/639/1218 1234/636/1214
f 1239/640/1219 1241/641/1220 1240/642/1221
f 1240/642/1221 1241/641/1220 1242/643/1222
f 1243/644/1223 1240/642/1221 1242/643/1222
f 1244/645/1224 1240/642/1221 1243/644/1223
f 1244/645/1224 1243/644/1223 1237/638/1217
f 1237/638/1217 1243/644/1223 1238/639/1218
f 1245/632/1225 1247/637/1226 1246/646/1227
f 1232/637/1213 1233/636/1212 1248/647/1228
f 1249/646/1229 1251/637/1230 1250/647/1231
f 1233/636/1212 1252/639/1232 1248/647/1228
f 1252/639/1232 1254/644/1233 1253/648/1234
f 1248/647/1228 1252/639/1232 1253/648/1234
f 1249/646/1229 1250/647/1231 1255/649/1235
f 1255/649/1235 1250/647/1231 1256/648/1236
f 1256/648/1236 1257/650/1237 1255/649/1235
f 1253/648/1234 1254/644/1233 1258/651/1238
f 1259/651/1239 1257/650/1237 1256/648/1236
f 1254/644/1233 1260/643/1240 1258/651/1238
f 1257/650/1237 1259/651/1239 1261/652/1241
f 1262/653/1242 1263/654/1243 1261/652/1241
f 1261/652/1241 1259/651/1239 1262/653/1242
f 1258/651/1238 1260/643/1240 1264/653/1244
f 1265/655/1245 1267/654/1246 1266/656/1247
f 1268/657/1248 1263/654/1243 1262/653/1242
f 1266/656/1247 1267/654/1246 1269/657/1249
f 1270/657/1250 1272/640/1251 1271/656/1252
f 1273/641/1253 1272/640/1251 1270/657/1250
f 1260/643/1240 1274/641/1254 1264/653/1244
f 1264/653/1244 1274/641/1254 1275/657/1255
f 1276/342/1256 1278/339/1257 1277/341/1258
f 1279/339/1259 1281/344/1260 1280/341/1261
f 1280/341/1261 1281/344/1260 1282/343/1262
f 1283/343/1263 1285/346/1264 1284/345/1265
f 1286/344/1266 1285/346/1264 1283/343/1263
f 1287/340/1267 1278/339/1257 1276/342/1256
f 1288/348/1268 1290/340/1269 1289/342/1270
f 1291/347/1271 1290/340/1269 1288/348/1268
f 1292/349/1272 1290/340/1269 1291/347/1271
f 1293/350/1273 1278/339/1257 1287/340/1267
f 1294/350/1274 1290/340/1269 1292/349/1272
f 1293/350/1273 1296/349/1275 1295/351/1276
f 1295/351/1276 1278/339/1257 1293/350/1273
f 1297/351/1277 1281/344/1260 1279/339/1259
f 1298/352/1278 1281/344/1260 1297/351/1277
f 1299/352/1279 1285/346/1264 1286/344/1266
f 1300/353/1280 1285/346/1264 1299/352/1279
s 0
f 1301/353/1281 1303/352/1281 1302/351/1281
s 1
f 1304/342/1282 1306/339/1283 1305/341/1284
f 1307/339/1285 1309/344/1286 1308/341/1287
f 1308/341/1287 1309/344/1286 1310/343/1288
f 1311/343/1289 1313/346/1290 1312/345/1291
f 1314/344/1292 1313/346/1290 1311/343/1289
f 1315/340/1293 1306/339/1283 1304/342/1282
f 1316/348/1294 1318/340/1295 1317/342/1296
f 1319/347/1297 1318/340/1295 1316/348/1294
f 1320/349/1298 1318/340/1295 1319/347/1297
f 1321/350/1299 1306/339/1283 1315/340/1293
f 1322/350/1300 1318/340/1295 1320/349/1298
s 0
f 1323/350/1301 1325/349/1301 1324/351/1301
s 1
f 1326/351/1302 1306/339/1283 1321/350/1299
f 1327/351/1303 1309/344/1286 1307/339/1285
f 1328/352/1304 1309/344/1286 1327/351/1303
f 1329/352/1305 1313/346/1290 1314/344/1292
f 1330/353/1306 1313/346/1290 1329/352/1305
s 0
f 1331/353/1307 1333/352/1307 1332/351/1307
s 1
f 1334/342/1308 1336/339/1309 1335/341/1310
f 1337/339/1311 1339/344/1312 1338/341/1313
f 1338/341/1313 1339/344/1312 1340/343/1314
f 1341/343/1315 1343/346/1316 1342/345/1317
f 1344/344/1318 1343/346/1316 1341/343/1315
f 1345/340/1319 1336/339/1309 1334/342/1308
f 1346/348/1320 1348/340/1321 1347/342/1322
f 1349/347/1323 1348/340/1321 1346/348/1320
f 1350/349/1324 1348/340/1321 1349/347/1323
f 1351/350/1325 1336/339/1309 1345/340/1319
f 1352/350/1326 1348/340/1321 1350/349/1324
s 0
f 1353/350/1327 1355/349/1327 1354/351/1327
s 1
f 1356/351/1328 1336/339/1309 1351/350/1325
f 1357/351/1329 1339/344/1312 1337/339/1311
f 1358/352/1330 1339/344/1312 1357/351/1329
f 1359/352/1331 1343/346/1316 1344/344/1318
f 1360/353/1332 1343/346/1316 1359/352/1331
s 0
f 1361/353/1333 1363/352/1333 1362/351/1333
s 1
f 1364/658/1334 1366/659/1335 1365/660/1336
f 1367/661/1337 1366/659/1335 1364/658/1334
f 1368/662/1338 1370/663/1339 1369/664/1340
f 1371/665/1341 1370/663/1339 1368/662/1338
f 1372/665/1342 1374/666/1343 1373/663/1344
f 1375/667/1345 1374/666/1343 1372/665/1342
f 1376/667/1346 1377/668/1347 1374/666/1343
f 1378/669/1348 1377/668/1347 1376/667/1346
f 1377/668/1347 1378/669/1348 1379/670/1349
f 1380/671/1350 1381/672/1351 1379/670/1349
f 1379/670/1349 1378/669/1348 1380/671/1350
f 1382/673/1352 1371/665/1341 1368/662/1338
f 1383/674/1201 1372/665/1342 1384/673/1202
f 1372/665/1342 1383/674/1201 1375/667/1345
f 1376/667/1346 1385/674/1353 1378/669/1348
f 1385/674/1353 1380/671/1350 1378/669/1348
f 1386/675/1203 1380/671/1350 1385/674/1353
f 1387/676/1354 1388/677/1355 1386/675/1203
f 1386/675/1203 1388/677/1355 1380/671/1350
f 1388/677/1355 1381/672/1351 1380/671/1350
f 1367/661/1337 1390/678/1356 1389/679/1357
f 1364/658/1334 1390/678/1356 1367/661/1337
f 1391/680/1358 1390/678/1356 1364/658/1334
f 1391/680/1358 1392/681/1359 1390/678/1356
f 1390/678/1356 1392/681/1359 1393/682/1360
f 1394/683/1361 1395/684/1362 1387/676/1354
f 1387/676/1354 1395/684/1362 1388/677/1355
f 1396/682/1363 1398/681/1364 1397/685/1365
f 1399/685/1366 1401/681/1367 1400/686/1368
f 1402/686/1369 1392/681/1359 1403/687/1370
f 1403/687/1370 1392/681/1359 1404/688/1371
f 1405/688/1372 1407/689/1373 1406/687/1374
f 1395/684/1362 1407/689/1373 1405/688/1372
f 1405/688/1372 1388/677/1355 1395/684/1362
f 1381/672/1351 1388/677/1355 1404/688/1371
f 1392/681/1359 1381/672/1351 1404/688/1371
f 1391/680/1358 1381/672/1351 1392/681/1359
f 1391/680/1358 1364/658/1334 1381/672/1351
f 1381/672/1351 1364/658/1334 1379/670/1349
f 1365/660/1336 1379/670/1349 1364/658/1334
f 1377/668/1347 1379/670/1349 1365/660/1336
f 1365/660/1336 1374/666/1343 1377/668/1347
f 1408/690/1375 1374/666/1343 1365/660/1336
f 1409/691/1376 1374/666/1343 1408/690/1375
f 1373/663/1344 1374/666/1343 1409/691/1376
f 1370/663/1339 1410/692/1377 1369/664/1340
f 1409/691/1376 1410/692/1377 1370/663/1339
f 1409/691/1376 1411/693/1378 1410/692/1377
f 1412/694/1379 1411/693/1378 1409/691/1376
f 1413/695/1380 1415/696/1381 1414/697/1382
f 1415/696/1381 1416/698/1383 1414/697/1382
f 1414/697/1382 1416/698/1383 1417/694/1384
f 1418/699/1385 1415/696/1381 1413/695/1380
f 1419/695/1386 1421/700/1387 1420/699/1388
f 1420/699/1388 1421/700/1387 1422/701/1389
f 1422/701/1389 1423/702/1390 1420/699/1388
f 1412/694/1379 1424/698/1391 1411/693/1378
f 1411/693/1378 1424/698/1391 1425/703/1392
f 1425/703/1392 1424/698/1391 1426/704/1393
f 1420/699/1388 1423/702/1390 1427/705/1394
f 1415/696/1381 1418/699/1385 1428/706/1395
f 1428/706/1395 1418/699/1385 1429/705/1396
f 1426/704/1393 1424/698/1391 1430/707/1397
f 1416/698/1383 1415/696/1381 1431/707/1398
f 1431/707/1398 1415/696/1381 1428/706/1395
f 1430/707/1397 1432/708/1399 1426/704/1393
f 1428/706/1395 1433/709/1400 1431/707/1398
f 1434/709/1401 1432/708/1399 1430/707/1397
f 1435/708/1402 1437/709/1403 1436/710/1404
f 1438/711/1405 1433/709/1400 1428/706/1395
f 1436/710/1404 1437/709/1403 1439/711/1406
f 1423/702/1390 1440/712/1407 1427/705/1394
f 1427/705/1394 1440/712/1407 1441/713/1408
f 1429/705/1396 1442/713/1409 1428/706/1395
f 1428/706/1395 1442/713/1409 1438/711/1405
f 1443/711/1410 1445/713/1411 1444/710/1412
f 1444/710/1412 1445/713/1411 1446/712/1413
f 1447/714/1414 1449/715/1415 1448/716/1416
f 1450/717/1417 1449/715/1415 1447/714/1414
f 1451/717/1418 1453/714/1419 1452/718/1420
f 1450/717/1417 1454/719/1421 1449/715/1415
f 1449/715/1415 1454/719/1421 1455/720/1422
f 1451/717/1418 1452/718/1420 1456/719/1423
f 1457/718/1424 1459/721/1425 1458/722/1426
f 1456/719/1423 1452/718/1420 1460/722/1427
f 1454/719/1421 1461/723/1428 1455/720/1422
f 1455/720/1422 1461/723/1428 1462/724/1429
f 1460/722/1427 1463/723/1430 1456/719/1423
f 1459/721/1425 1464/725/1431 1458/722/1426
f 1458/722/1426 1464/725/1431 1465/726/1432
f 1466/726/1433 1463/723/1430 1460/722/1427
f 1467/723/1434 1469/727/1435 1468/724/1436
f 1470/726/1437 1469/727/1435 1467/723/1434
f 1471/725/1438 1473/727/1439 1472/726/1440
f 1474/728/1441 1473/727/1439 1471/725/1438
f 1475/729/1442 1459/721/1425 1457/718/1424
f 1476/729/1443 1478/730/1444 1477/721/1445
f 1477/721/1445 1478/730/1444 1479/731/1446
f 1477/721/1445 1479/731/1446 1480/725/1447
f 1480/725/1447 1479/731/1446 1481/728/1448
f 1482/731/1449 1484/732/1450 1483/728/1451
f 1485/733/1452 1484/732/1450 1482/731/1449
f 1486/730/1453 1485/733/1452 1482/731/1449
f 1487/734/1454 1485/733/1452 1486/730/1453
f 1407/689/1373 1487/734/1454 1406/687/1374
f 1406/687/1374 1487/734/1454 1486/730/1453
f 1476/729/1443 1403/687/1370 1478/730/1444
f 1402/686/1369 1403/687/1370 1476/729/1443
f 1475/729/1442 1457/718/1424 1400/686/1368
f 1400/686/1368 1457/718/1424 1399/685/1366
f 1452/718/1420 1453/714/1419 1397/685/1365
f 1488/735/1455 1389/679/1357 1489/736/1456
f 1389/679/1357 1390/678/1356 1490/737/1457
f 1489/736/1456 1389/679/1357 1490/737/1457
f 1393/682/1360 1491/738/1458 1390/678/1356
f 1397/685/1365 1492/738/1459 1396/682/1363
f 1453/714/1419 1492/738/1459 1397/685/1365
f 1447/714/1414 1448/716/1416 1493/738/1460
f 1493/738/1460 1448/716/1416 1494/739/1461
f 1495/739/1462 1497/740/1463 1496/738/1464
f 1498/741/1465 1500/740/1466 1499/742/1467
f 1499/742/1467 1500/740/1466 1501/743/1468
f 1496/738/1464 1497/740/1463 1502/741/1469
f 1390/678/1356 1491/738/1458 1503/741/1470
f 1504/741/1471 1505/742/1472 1390/678/1356
f 1390/678/1356 1505/742/1472 1490/737/1457
f 1505/742/1472 1506/744/1473 1490/737/1457
f 1490/737/1457 1506/744/1473 1489/736/1456
f 1501/743/1468 1507/745/1474 1499/742/1467
f 1499/742/1467 1507/745/1474 1508/744/1475
f 1507/745/1474 1509/746/1476 1508/744/1475
f 1506/744/1473 1510/747/1477 1489/736/1456
f 1508/744/1475 1509/746/1476 1511/747/1478
f 1489/736/1456 1510/747/1477 1512/748/1479
f 1489/736/1456 1512/748/1479 1488/735/1455
f 1510/747/1477 1513/749/1480 1512/748/1479
f 1511/747/1478 1509/746/1476 1514/749/1481
f 1514/749/1481 1509/746/1476 1515/750/1482
f 1516/750/1483 1518/751/1484 1517/749/1485
f 1519/752/1486 1521/753/1487 1520/751/1488
f 1517/749/1485 1518/751/1484 1522/753/1489
f 1512/748/1479 1513/749/1480 1523/753/1490
f 1524/754/1491 1521/753/1487 1519/752/1486
f 1525/755/1492 1527/754/1493 1526/752/1494
f 1528/756/1495 1529/757/1496 1525/755/1492
f 1529/757/1496 1527/754/1493 1525/755/1492
f 1523/753/1490 1530/754/1497 1512/748/1479
f 1512/748/1479 1530/754/1497 1531/757/1498
f 1488/735/1455 1512/748/1479 1531/757/1498
f 1532/735/1499 1529/757/1496 1528/756/1495
f 1533/758/1500 1532/735/1499 1528/756/1495
f 1534/679/1501 1532/735/1499 1533/758/1500
f 1408/690/1375 1412/694/1379 1409/691/1376
f 1535/697/1502 1412/694/1379 1408/690/1375
f 1365/660/1336 1535/697/1502 1408/690/1375
f 1536/695/1503 1535/697/1502 1365/660/1336
f 1365/660/1336 1537/759/1504 1536/695/1503
f 1366/659/1335 1537/759/1504 1365/660/1336
f 1538/760/1505 1537/759/1504 1366/659/1335
f 1366/659/1335 1367/661/1337 1538/760/1505
f 1539/761/1506 1540/762/1507 1538/760/1505
f 1538/760/1505 1540/762/1507 1537/759/1504
f 1541/763/1508 1542/764/1509 1538/760/1505
f 1538/760/1505 1542/764/1509 1539/761/1506
f 1538/760/1505 1367/661/1337 1541/763/1508
f 1389/679/1357 1541/763/1508 1367/661/1337
f 1543/765/1510 1545/679/1511 1544/758/1512
f 1546/763/1513 1545/679/1511 1543/765/1510
f 1547/763/1514 1549/765/1515 1548/764/1516
f 1548/764/1516 1549/765/1515 1550/766/1517
f 1542/764/1509 1551/767/1518 1539/761/1506
f 1548/764/1516 1550/766/1517 1552/767/1519
f 1552/767/1519 1550/766/1517 1553/768/1520
f 1554/700/1521 1556/695/1522 1555/769/1523
f 1555/769/1523 1556/695/1522 1557/759/1524
f 1558/759/1525 1560/762/1526 1559/769/1527
f 1559/769/1527 1560/762/1526 1561/770/1528
f 1560/762/1526 1562/771/1529 1561/770/1528
f 1561/770/1528 1562/771/1529 1563/772/1530
f 1540/762/1507 1539/761/1506 1564/771/1531
f 1539/761/1506 1551/767/1518 1565/773/1532
f 1564/771/1531 1539/761/1506 1565/773/1532
f 1551/767/1518 1566/774/1533 1565/773/1532
f 1552/767/1519 1553/768/1520 1567/774/1534
f 1567/774/1534 1553/768/1520 1568/775/1535
f 1569/775/1536 1571/776/1537 1570/774/1538
f 1565/773/1532 1566/774/1533 1572/777/1539
f 1570/774/1538 1571/776/1537 1573/777/1540
f 1562/771/1529 1574/778/1541 1563/772/1530
f 1563/772/1530 1574/778/1541 1575/779/1542
f 1565/773/1532 1576/778/1543 1564/771/1531
f 1572/777/1539 1576/778/1543 1565/773/1532
f 1577/777/1544 1579/776/1545 1578/778/1546
f 1578/778/1546 1579/776/1545 1580/779/1547
f 1581/780/1548 1583/781/1549 1582/782/1550
f 1582/782/1550 1583/781/1549 1584/783/1551
f 1585/784/1552 1587/782/1553 1586/783/1554
f 1588/785/1555 1585/784/1552 1589/786/1556
f 1588/785/1555 1587/782/1553 1585/784/1552
f 1590/787/1557 1592/788/1558 1591/789/1559
f 1593/790/1560 1594/791/1561 1588/785/1555
f 1588/785/1555 1594/791/1561 1587/782/1553
f 1595/791/1562 1581/780/1548 1582/782/1550
f 1596/792/1563 1581/780/1548 1595/791/1562
f 1597/793/1564 1599/791/1565 1598/790/1566
f 1600/791/1567 1602/787/1568 1601/792/1569
f 1603/794/1570 1604/788/1571 1602/787/1568
f 1603/794/1570 1602/787/1568 1600/791/1567
f 1605/794/1572 1599/791/1565 1597/793/1564
f 1597/793/1564 1606/795/1573 1605/794/1572
f 1605/794/1572 1606/795/1573 1607/796/1574
f 1608/795/1575 1610/797/1576 1609/796/1577
f 1609/796/1577 1610/797/1576 1611/798/1578
f 1612/799/1579 938/484/931 1613/800/1580
f 1613/800/1580 938/484/931 1614/801/1581
f 1615/788/1582 1616/794/1583 1614/801/1584
f 1617/801/1585 1605/794/1572 1607/796/1574
f 1612/799/1579 1618/802/1586 938/484/931
f 938/484/931 1618/802/1586 1619/485/1587
f 1611/798/1578 1614/801/1581 1609/796/1577
f 1613/800/1580 1614/801/1581 1611/798/1578
f 1620/803/1588 1622/800/1589 1621/798/1590
f 1623/804/1591 1625/805/1592 1624/803/1593
f 1626/805/1594 1622/800/1589 1620/803/1588
f 1627/337/1595 1629/336/1596 1628/335/1597
f 1630/338/1598 1629/336/1596 1627/337/1595
f 1631/804/1599 1629/336/1596 1630/338/1598
f 1632/354/1600 1631/804/1599 1630/338/1598
f 1633/806/1601 1625/805/1592 1623/804/1591
f 1634/806/1602 1631/804/1599 1632/354/1600
f 1635/356/1603 1636/355/1604 1632/354/1600
f 1632/354/1600 1636/355/1604 1634/806/1602
s 0
f 945/490/734 946/487/734 1637/807/734
f 946/487/734 1638/485/734 1637/807/734
f 1637/807/734 1638/485/734 1639/802/734
f 1640/808/734 1641/809/734 1639/802/734
f 1639/802/734 1641/809/734 1637/807/734
s 1
f 1642/799/1605 1644/808/1606 1643/802/1607
f 1645/810/1608 1644/808/1606 1642/799/1605
f 1622/800/1589 1647/810/1609 1646/799/1610
f 1626/805/1594 1647/810/1609 1622/800/1589
f 1648/355/1611 1625/805/1592 1633/806/1601
f 1645/810/1608 1625/805/1592 1648/355/1611
f 1649/356/1612 1650/357/1613 1648/355/1611
f 1650/357/1613 1645/810/1608 1648/355/1611
f 1644/808/1606 1645/810/1608 1650/357/1613
s 0
f 1640/808/734 1651/357/734 1641/809/734
s 1
f 1652/358/1614 1650/357/1613 1649/356/1612
s 0
f 1653/359/734 1651/357/734 1654/358/734
f 1641/809/734 1651/357/734 1653/359/734
f 1641/809/734 1655/811/734 1637/807/734
f 1637/807/734 1655/811/734 945/490/734
f 1655/811/734 1656/812/734 945/490/734
f 1657/813/734 1656/812/734 1655/811/734
f 1657/813/734 1655/811/734 1658/814/734
f 1659/363/734 1661/361/734 1660/362/734
f 1660/362/734 1661/361/734 1662/360/734
f 1663/364/734 1661/361/734 1659/363/734
f 1661/361/734 1658/814/734 1662/360/734
f 1658/814/734 1655/811/734 1662/360/734
f 1653/359/734 1655/811/734 1641/809/734
f 1662/360/734 1655/811/734 1653/359/734
f 1653/359/734 1660/362/734 1662/360/734
f 1654/358/734 1660/362/734 1653/359/734
s 1
f 1664/356/1615 1666/367/1616 1665/358/1617
f 1665/358/1617 1666/367/1616 1667/362/1618
f 1668/366/1619 1667/362/1618 1666/367/1616
f 1669/363/1620 1667/362/1618 1668/366/1619
f 1669/363/1620 1668/366/1619 1670/364/1621
f 1670/364/1621 1668/366/1619 1671/365/1622
f 943/489/936 1672/815/1623 942/488/935
s 0
f 945/490/734 1673/816/734 944/489/734
s 1
f 1674/816/1624 1672/815/1623 943/489/936
s 0
f 1656/812/734 1676/817/734 1675/818/734
f 1657/813/734 1676/817/734 1656/812/734
f 1677/819/734 1673/816/734 945/490/734
f 945/490/734 1656/812/734 1677/819/734
s 1
f 1678/816/1625 1680/819/1626 1679/815/1627
f 1679/815/1627 1680/819/1626 1681/820/1628
s 0
f 1677/819/734 1656/812/734 1682/821/734
s 1
f 1683/821/1629 1685/820/1630 1684/819/1631
f 1686/822/1632 1685/820/1630 1683/821/1629
f 1687/821/1633 1689/812/1634 1688/822/1635
f 1688/822/1635 1689/812/1634 1690/823/1636
f 1691/812/1637 1693/824/1638 1692/823/1639
f 1694/818/1640 1693/824/1638 1691/812/1637
s 0
f 1658/814/734 1676/817/734 1657/813/734
s 1
f 1671/365/1622 1695/825/1641 1670/364/1621
s 0
f 1663/364/734 1696/826/734 1661/361/734
s 1
f 1670/364/1621 1695/825/1641 1697/826/1642
s 0
f 1661/361/734 1696/826/734 1698/827/734
s 1
f 1699/826/1643 1701/825/1644 1700/827/1645
f 1700/827/1645 1701/825/1644 1702/828/1646
f 1703/829/1647 1705/830/1648 1704/831/1649
f 1706/831/1650 1707/830/1651 1702/828/1646
f 1702/828/1646 1707/830/1651 1700/827/1645
s 0
f 1661/361/734 1698/827/734 1658/814/734
f 1658/814/734 1698/827/734 1708/830/734
s 1
f 1709/814/1652 1705/830/1648 1703/829/1647
s 0
f 1710/832/734 1676/817/734 1658/814/734
s 1
f 1711/829/1653 1713/832/1654 1712/814/1655
f 1714/833/1656 1713/832/1654 1711/829/1653
f 1715/824/1657 1717/818/1658 1716/834/1659
f 1716/834/1659 1717/818/1658 1718/817/1660
f 1719/833/1661 1716/834/1659 1720/832/1662
f 1720/832/1662 1716/834/1659 1718/817/1660
f 1721/835/1663 1723/836/1664 1722/325/1665
f 1724/835/1666 1726/327/1667 1725/326/1668
f 1725/326/1668 1727/836/1669 1724/835/1666
f 1725/326/1668 1728/330/1670 1727/836/1669
f 1727/836/1669 1728/330/1670 1729/837/1671
f 1730/838/1672 1732/839/1581 1731/383/1673
f 1733/387/1674 1735/386/1675 1734/840/1676
f 1735/386/1675 1733/387/1674 1732/839/1581
f 1735/386/1675 1732/839/1581 1730/838/1672
f 1736/388/1677 1735/386/1675 1730/838/1672
f 1737/389/1678 1735/386/1675 1736/388/1677
f 1737/389/1678 1734/840/1676 1735/386/1675
f 1736/388/1677 1738/841/1679 1737/389/1678
f 1737/389/1678 1738/841/1679 1739/321/1680
f 1740/837/1681 1737/389/1678 1741/321/1682
f 1742/330/1683 1737/389/1678 1740/837/1681
f 1742/330/1683 1734/840/1676 1737/389/1678
f 1743/840/1559 1728/330/1670 1744/329/1557
f 1744/329/1557 1728/330/1670 1725/326/1668
f 1725/326/1668 1726/327/1667 1744/329/1557
f 1745/382/1684 1747/381/1685 1746/842/1686
f 1748/372/1687 1750/380/1688 1749/842/1689
f 1749/842/1689 1750/380/1688 1751/382/1690
f 1752/843/1691 1754/844/1692 1753/845/1693
f 1753/845/1693 1726/327/1667 1752/843/1691
f 1752/843/1691 1726/327/1667 1724/835/1666
f 1755/846/1694 1754/844/1692 1752/843/1691
f 1755/846/1694 1750/380/1688 1754/844/1692
f 1751/382/1690 1750/380/1688 1755/846/1694
f 1745/382/1684 1756/846/1695 1747/381/1685
f 1756/846/1695 1757/843/1696 1747/381/1685
f 1747/381/1685 1757/843/1696 1758/847/1697
f 1759/370/1698 1761/369/1699 1760/368/1700
f 1760/368/1700 1761/369/1699 1762/848/1701
f 1763/372/1702 1762/848/1701 1761/369/1699
f 1764/375/1703 1760/368/1700 1765/849/1704
f 1765/849/1704 1760/368/1700 1762/848/1701
f 1766/378/1705 1762/848/1701 1763/372/1702
f 1749/842/1689 1767/377/1706 1748/372/1687
f 1763/372/1702 1768/377/1707 1766/378/1705
f 1768/377/1707 1762/848/1701 1766/378/1705
f 1765/849/1704 1762/848/1701 1768/377/1707
f 1765/849/1704 1769/850/1708 1764/375/1703
f 1764/375/1703 1769/850/1708 1770/851/1709
f 1765/849/1704 1768/377/1707 1769/850/1708
f 1721/835/1663 1722/325/1665 1771/843/1710
f 1772/843/1711 1774/325/1712 1773/847/1713
f 1775/396/1714 1773/847/1713 1774/325/1712
f 1776/852/1715 1773/847/1713 1775/396/1714
f 1777/853/1716 1779/847/1717 1778/852/1718
f 1780/381/1719 1779/847/1717 1777/853/1716
s 0
f 1781/842/1720 1783/381/1720 1782/399/1720
s 1
f 1784/399/1721 1767/377/1706 1749/842/1689
f 1769/850/1708 1768/377/1707 1785/854/1722
f 1786/854/1723 1767/377/1706 1784/399/1721
f 1769/850/1708 1787/855/1724 1770/851/1709
f 1788/399/1725 1790/856/1726 1789/854/1727
f 1769/850/1708 1785/854/1722 1791/856/1728
f 1791/856/1728 1787/855/1724 1769/850/1708
f 1792/855/1729 1790/856/1726 1793/857/1730
f 1794/858/1731 1790/856/1726 1788/399/1725
f 1793/857/1730 1790/856/1726 1794/858/1731
f 1795/858/1732 1797/859/1733 1796/857/1734
f 1798/859/1649 1800/407/1735 1799/406/1736
f 1801/407/1737 1797/859/1733 1795/858/1732
f 1802/399/1738 1804/407/1739 1803/858/1740
f 1805/381/1741 1804/407/1739 1802/399/1738
f 1799/406/1736 1800/407/1735 1806/381/1742
f 1807/381/1743 1809/860/1744 1808/406/1745
f 1810/853/1746 1809/860/1744 1807/381/1743
f 1811/860/1747 1813/853/1748 1812/861/1749
f 1812/861/1749 1813/853/1748 1814/852/1750
f 1815/396/1751 1817/861/1752 1816/852/1753
f 1818/862/1754 1817/861/1752 1815/396/1751
f 1819/862/1755 1821/396/1756 1820/411/1639
f 1820/411/1639 1821/396/1756 1822/325/1757
f 1723/836/1664 1823/863/1758 1722/325/1665
f 1727/836/1669 1729/837/1671 1824/863/1759
f 1824/863/1759 1729/837/1671 1825/321/1760
f 1826/325/1761 1828/412/1762 1827/411/1763
f 1722/325/1665 1823/863/1758 1829/864/1764
f 1830/864/1765 1828/412/1762 1826/325/1761
f 1831/412/1766 1833/864/1767 1832/865/1768
f 1832/865/1768 1833/864/1767 1834/863/1769
f 1835/321/1770 1837/841/1771 1836/863/1772
f 1836/863/1772 1837/841/1771 1838/865/1773
f 1839/866/1774 1841/867/1775 1840/868/1776
f 1842/869/1777 1841/867/1775 1839/866/1774
f 1839/866/1774 1843/870/1778 1842/869/1777
f 1842/869/1777 1843/870/1778 1844/871/1779
f 1845/872/1780 1847/873/1781 1846/874/1782
f 1848/875/1783 1845/872/1780 1846/874/1782
f 1849/876/1784 1845/872/1780 1848/875/1783
f 1848/875/1783 1844/871/1779 1849/876/1784
f 1849/876/1784 1844/871/1779 1843/870/1778
f 1850/877/1785 1852/878/1786 1851/879/1787
f 1851/879/1787 1852/878/1786 1853/880/1788
f 1853/880/1788 1854/881/1789 1851/879/1787
f 1855/882/1790 1854/881/1789 1853/880/1788
f 1856/882/1791 1858/883/1792 1857/881/1793
f 1859/884/1794 1856/882/1791 1860/885/1795
f 1859/884/1794 1858/883/1792 1856/882/1791
f 1858/883/1792 1859/884/1794 1861/868/1796
f 1861/868/1796 1859/884/1794 1862/866/1797
f 1859/884/1794 1860/885/1795 1862/866/1797
f 1860/885/1795 1863/886/1798 1862/866/1797
f 1862/866/1797 1863/886/1798 1864/870/1799
f 1865/887/1800 1864/870/1799 1863/886/1798
f 1866/876/1801 1864/870/1799 1865/887/1800
f 1865/887/1800 1867/888/1802 1866/876/1801
f 1866/876/1801 1867/888/1802 1868/872/1803
f 1867/888/1802 1589/786/1556 1868/872/1803
f 1868/872/1803 1589/786/1556 1869/873/1804
f 1589/786/1556 1585/784/1552 1869/873/1804
f 1870/889/1805 1872/783/1806 1871/781/1807
f 1873/890/1808 1875/784/1809 1874/783/1810
f 1876/890/1811 1872/783/1806 1870/889/1805
f 1877/891/1812 1879/892/1813 1878/893/1814
f 1878/893/1814 1879/892/1813 1880/894/1815
f 1880/894/1815 1882/895/1816 1881/896/1817
f 1879/892/1813 1882/895/1816 1880/894/1815
f 1882/895/1816 1879/892/1813 1883/897/1818
f 1879/892/1813 1877/891/1812 1884/898/1819
f 1883/897/1818 1879/892/1813 1884/898/1819
f 1885/899/1820 1876/890/1811 1870/889/1805
f 1883/897/1818 1887/899/1702 1886/900/1821
f 1884/898/1819 1887/899/1702 1883/897/1818
f 1888/898/1822 1876/890/1811 1885/899/1820
f 1884/898/1819 1877/891/1812 1873/890/1808
f 1877/891/1812 1875/784/1809 1873/890/1808
f 1877/891/1812 1878/893/1814 1875/784/1809
f 1875/784/1809 1878/893/1814 1847/873/1781
f 1846/874/1782 1847/873/1781 1878/893/1814
f 1842/869/1777 1889/901/1823 1841/867/1775
f 1842/869/1777 1844/871/1779 1890/902/1824
f 1890/902/1824 1889/901/1823 1842/869/1777
f 1891/903/1825 1889/901/1823 1892/904/1826
f 1892/904/1826 1889/901/1823 1890/902/1824
f 1890/902/1824 1844/871/1779 1893/905/1827
f 1893/905/1827 1892/904/1826 1890/902/1824
f 1894/906/1828 1892/904/1826 1893/905/1827
f 1848/875/1783 1893/905/1827 1844/871/1779
f 1848/875/1783 1846/874/1782 1895/907/1829
f 1895/907/1829 1893/905/1827 1848/875/1783
f 1893/905/1827 1895/907/1829 1894/906/1828
f 1894/906/1828 1895/907/1829 1896/908/1830
f 1895/907/1829 1846/874/1782 1897/909/1831
f 1895/907/1829 1897/909/1831 1896/908/1830
f 1896/908/1830 1897/909/1831 1898/910/1832
f 1846/874/1782 1878/893/1814 1897/909/1831
f 1897/909/1831 1878/893/1814 1880/894/1815
f 1897/909/1831 1880/894/1815 1898/910/1832
f 1898/910/1832 1880/894/1815 1881/896/1817
f 1899/911/1833 1901/912/1834 1900/913/1835
f 1900/913/1835 1901/912/1834 1902/914/1836
f 1903/914/1837 1905/915/1838 1904/916/1839
f 1906/912/1840 1905/915/1838 1903/914/1837
f 1907/917/1841 1909/918/1842 1908/919/1843
f 1908/919/1843 1909/918/1842 1910/920/1844
f 1911/918/1845 1913/921/1846 1912/920/1847
f 1914/922/1848 1913/921/1846 1911/918/1845
f 1915/922/1849 1917/923/1850 1916/921/1851
f 1918/924/1852 1919/925/1853 1907/917/1841
f 1907/917/1841 1919/925/1853 1909/918/1842
f 1920/925/1854 1914/922/1848 1911/918/1845
f 1915/922/1849 1921/926/1855 1917/923/1850
f 1922/927/1856 1914/922/1848 1920/925/1854
f 1923/927/1857 1921/926/1855 1915/922/1849
f 1924/928/1858 1925/929/1859 1918/924/1852
f 1918/924/1852 1925/929/1859 1919/925/1853
f 1926/929/1860 1922/927/1856 1920/925/1854
f 1924/928/1858 1927/930/1861 1925/929/1859
f 1928/931/1862 1922/927/1856 1926/929/1860
f 1929/932/1863 1930/933/1864 1926/929/1860
f 1926/929/1860 1930/933/1864 1928/931/1862
f 1925/929/1859 1927/930/1861 1931/932/1865
f 1927/930/1861 1905/915/1838 1931/932/1865
f 1931/932/1865 1905/915/1838 1906/912/1840
f 1901/912/1834 1899/911/1833 1929/932/1863
f 1929/932/1863 1899/911/1833 1930/933/1864
f 1899/911/1833 1933/934/1866 1932/933/1867
f 1934/935/1868 1932/933/1867 1933/934/1866
f 1935/931/1869 1932/933/1867 1934/935/1868
f 1935/931/1869 1934/935/1868 1923/927/1857
f 1923/927/1857 1934/935/1868 1921/926/1855
f 1936/926/1870 1938/935/1871 1937/936/1872
f 1936/926/1870 1937/936/1872 1939/923/1873
f 1939/923/1873 1937/936/1872 1940/937/1874
f 1916/921/1851 1917/923/1850 1941/938/1875
f 1939/923/1873 1940/937/1874 1942/938/1876
f 1943/938/1877 1945/937/1878 1944/939/1879
f 1946/940/1880 1948/941/1881 1947/942/1882
f 1947/942/1882 1948/941/1881 1949/943/1883
f 1948/941/1884 1951/944/1885 1950/943/1886
f 1952/945/1887 1951/944/1885 1948/941/1884
f 1953/946/1888 1955/947/1889 1954/945/1890
f 1954/945/1890 1955/947/1889 1956/944/1891
f 1955/947/1889 1957/948/1892 1956/944/1891
f 1956/944/1891 1957/948/1892 1958/949/1893
f 1959/950/1894 1958/949/1893 1960/951/1895
f 1960/951/1895 1958/949/1893 1957/948/1892
f 1944/939/1879 1961/952/1896 1943/938/1877
f 1943/938/1877 1961/952/1896 1962/950/1897
f 1941/938/1875 1959/950/1894 1916/921/1851
f 1916/921/1851 1959/950/1894 1960/951/1895
f 1913/921/1846 1963/951/1898 1912/920/1847
f 1964/948/1899 1965/953/1900 1963/951/1898
f 1912/920/1847 1963/951/1898 1965/953/1900
f 1966/954/1901 1965/953/1900 1964/948/1899
f 1966/954/1901 1964/948/1899 1967/955/1902
f 1967/955/1902 1964/948/1899 1968/947/1903
f 1969/956/1904 1968/947/1903 1970/946/1905
f 1967/955/1902 1968/947/1903 1969/956/1904
f 1971/956/1906 1973/957/1907 1972/955/1908
f 1972/955/1908 1973/957/1907 1974/958/1909
f 1975/953/1910 1908/919/1843 1910/920/1844
f 1976/959/1911 1908/919/1843 1975/953/1910
f 1975/953/1910 1977/954/1912 1976/959/1911
f 1976/959/1911 1977/954/1912 1978/960/1913
f 1978/960/1913 1977/954/1912 1974/958/1909
f 1974/958/1909 1977/954/1912 1972/955/1908
f 1979/961/1914 1981/962/1915 1980/963/1916
f 1982/964/1917 1984/965/1918 1983/966/1919
f 1983/966/1919 1985/967/1920 1982/964/1917
f 1982/964/1917 1985/967/1920 1986/968/1921
f 1987/969/1922 1982/964/1917 1988/968/1923
f 1988/968/1923 1989/970/1924 1987/969/1922
f 1990/971/1925 1989/970/1924 1988/968/1923
f 1991/972/1926 1993/973/1927 1992/974/1928
f 1994/975/1929 1996/974/1930 1995/973/1931
f 1989/970/1924 1996/974/1930 1994/975/1929
f 1989/970/1924 1990/971/1925 1996/974/1930
f 1996/974/1930 1990/971/1925 1997/976/1932
f 1997/976/1932 1998/977/1933 1996/974/1930
f 1999/962/1934 1998/977/1933 1997/976/1932
f 2000/978/1935 1981/962/1915 1979/961/1914
f 2001/978/1936 1998/977/1933 1999/962/1934
f 1998/977/1933 2001/978/1936 2002/979/1937
f 2002/979/1937 2001/978/1936 2003/980/1938
f 1979/961/1914 2004/980/1939 2000/978/1935
f 2005/981/1940 2007/982/1941 2006/983/1942
f 2006/983/1942 2007/982/1941 2008/984/1943
f 2009/981/1944 2011/985/1945 2010/982/1946
f 2010/982/1946 2011/985/1945 2012/986/1947
f 2007/982/1941 2013/987/1948 2008/984/1943
f 2012/986/1947 2014/987/1949 2010/982/1946
f 2015/988/1950 2014/987/1949 2012/986/1947
f 2016/988/1951 2018/989/1952 2017/987/1953
f 2008/984/1943 2013/987/1948 2019/990/1954
f 2017/987/1953 2018/989/1952 2020/990/1955
f 2021/991/1413 2023/992/1956 2022/989/1957
f 2022/989/1957 2023/992/1956 2024/990/1958
f 2025/993/1959 2027/992/1960 2026/991/1961
f 2028/994/1962 2029/995/1963 2025/993/1959
f 2029/995/1963 2027/992/1960 2025/993/1959
f 2030/990/1964 2032/992/1965 2031/984/1966
f 2031/984/1966 2032/992/1965 2033/995/1967
f 2033/995/1967 2006/983/1942 2031/984/1966
f 2011/985/1945 2009/981/1944 1979/961/1914
f 1979/961/1914 2009/981/1944 2004/980/1939
f 2003/980/1938 2005/981/1940 2002/979/1937
f 2002/979/1937 2005/981/1940 2006/983/1942
f 2002/979/1937 2006/983/1942 2034/996/1968
f 2034/996/1968 2006/983/1942 2035/997/1969
f 2035/997/1969 2006/983/1942 2033/995/1967
f 2036/997/1970 2029/995/1963 2028/994/1962
f 2037/998/1971 2036/997/1970 2028/994/1962
f 2038/996/1972 2036/997/1970 2037/998/1971
f 1996/974/1930 1998/977/1933 2039/999/1973
f 2002/979/1937 2039/999/1973 1998/977/1933
f 2034/996/1968 2039/999/1973 2002/979/1937
f 2040/999/1974 2038/996/1972 2037/998/1971
s 0
f 2041/998/1975 2043/974/1975 2042/999/1975
f 2044/972/1976 2046/974/1976 2045/998/1976
s 1
f 2047/1000/1977 2049/1001/1978 2048/1002/1979
f 2050/1003/1980 2052/1004/1981 2051/1005/1982
f 2048/1002/1979 2054/1004/1983 2053/1003/1984
f 2049/1001/1978 2054/1004/1983 2048/1002/1979
f 2055/1006/1985 2057/1004/1986 2056/1007/1987
f 2056/1007/1987 2057/1004/1986 2058/1001/1988
f 2051/1005/1982 2052/1004/1981 2059/1006/1989
f 2060/1008/1990 2062/1009/1991 2061/1010/1992
f 2063/1011/1542 2064/1012/1993 2061/1010/1992
f 2061/1010/1992 2064/1012/1993 2060/1008/1990
f 2065/1006/1994 2067/1011/1995 2066/1005/1996
f 2068/1012/1997 2067/1011/1995 2065/1006/1994
f 2056/1007/1987 2069/1012/1998 2055/1006/1985
f 2070/1008/1999 2069/1012/1998 2056/1007/1987
f 2071/1013/2000 2062/1009/1991 2060/1008/1990
f 2072/1013/2001 2070/1008/1999 2073/1014/2002
f 2073/1014/2002 2070/1008/1999 2056/1007/1987
f 1993/973/1927 1991/972/1926 2074/1015/2003
f 2074/1015/2003 1991/972/1926 2062/1009/1991
f 2058/1001/1988 2073/1014/2002 2056/1007/1987
f 2075/1016/2004 2049/1001/1978 2047/1000/1977
f 2076/1016/2005 2073/1014/2002 2058/1001/1988
f 2062/1009/1991 2071/1013/2000 2074/1015/2003
f 2073/1014/2002 2077/1015/2006 2072/1013/2001
f 2073/1014/2002 2076/1016/2005 2078/1017/2007
f 2078/1017/2007 2077/1015/2006 2073/1014/2002
f 2078/1017/2007 1995/973/1931 2077/1015/2006
f 1994/975/1929 1995/973/1931 2078/1017/2007
f 2079/1018/2008 2080/1019/2009 2078/1017/2007
f 2078/1017/2007 2080/1019/2009 1994/975/1929
f 2078/1017/2007 2076/1016/2005 2079/1018/2008
f 2075/1016/2004 2047/1000/1977 2081/1018/2010
f 2082/1020/1515 2081/1018/2010 2047/1000/1977
f 2083/1019/2011 2081/1018/2010 2082/1020/1515
f 1994/975/1929 1987/969/1922 1989/970/1924
f 2080/1019/2009 1987/969/1922 1994/975/1929
f 2083/1019/2011 2082/1020/1515 2084/969/2012
f 2085/1021/2013 1982/964/1917 1987/969/1922
f 2086/1022/2014 1984/965/1918 1982/964/1917
f 1982/964/1917 2085/1021/2013 2086/1022/2014
s 0
f 2087/1020/2015 2089/1021/2015 2088/969/2015
f 2090/1023/2016 2092/1021/2016 2091/1020/2016
s 1
f 2086/1022/2014 2085/1021/2013 2093/1024/2017
f 2094/1021/2018 2096/1023/2019 2095/1024/2020
f 2095/1024/2020 2096/1023/2019 2097/1025/2021
f 2086/1022/2014 2098/1026/2022 1984/965/1918
f 2099/1027/2023 2098/1026/2022 2086/1022/2014
f 2093/1024/2017 2099/1027/2023 2086/1022/2014
f 2100/1028/2024 2099/1027/2023 2093/1024/2017
f 2097/1025/2021 2101/1028/2025 2095/1024/2020
f 2100/1028/2024 2102/1029/2026 2099/1027/2023
f 2101/1028/2025 2097/1025/2021 2103/1029/2027
f 2103/1029/2027 2097/1025/2021 2104/1030/2028
f 2099/1027/2023 2102/1029/2026 2105/1031/2029
f 2098/1026/2022 2099/1027/2023 2106/1032/2030
f 2106/1032/2030 2099/1027/2023 2105/1031/2029
f 2102/1029/2026 2107/1033/2031 2105/1031/2029
f 2104/1030/2028 2108/1033/2032 2103/1029/2027
f 2109/1034/2033 2108/1033/2032 2104/1030/2028
f 2110/1034/2034 2112/1035/2035 2111/1033/2036
f 2105/1031/2029 2107/1033/2031 2113/1036/2037
f 2111/1033/2036 2112/1035/2035 2114/1036/2038
f 2113/1036/2037 2115/1037/2039 2105/1031/2029
f 2105/1031/2029 2115/1037/2039 2106/1032/2030
f 2116/1035/2040 2118/1037/2041 2117/1036/2042
f 2119/1038/2043 2118/1037/2041 2116/1035/2040
f 2120/1039/2044 2122/1037/2045 2121/1038/2046
f 2123/1032/2047 2122/1037/2045 2120/1039/2044
f 2124/1040/2048 2123/1032/2047 2120/1039/2044
f 2125/1026/2049 2123/1032/2047 2124/1040/2048
f 2125/1026/2049 2124/1040/2048 2126/965/2050
f 2127/1041/2051 2126/965/2050 2124/1040/2048
f 2128/966/2052 2126/965/2050 2127/1041/2051
f 1230/635/1211 2128/966/2052 2127/1041/2051
f 1985/967/1920 2128/966/2052 1230/635/1211
f 1904/916/1839 1980/963/1916 1903/914/1837
f 1903/914/1837 1980/963/1916 1981/962/1915
f 1999/962/1934 1997/976/1932 1902/914/1836
f 1902/914/1836 1997/976/1932 1900/913/1835
f 1997/976/1932 1990/971/1925 1900/913/1835
f 1900/913/1835 1990/971/1925 1899/911/1833
f 1988/968/1923 1899/911/1833 1990/971/1925
f 2129/1042/2053 1933/934/1866 1899/911/1833
f 2129/1042/2053 1899/911/1833 1988/968/1923
f 1230/635/1211 1231/634/1210 1985/967/1920
f 1985/967/1920 1231/634/1210 2130/1043/2054
f 2130/1043/2054 1986/968/1921 1985/967/1920
f 2131/1042/2055 1986/968/1921 2130/1043/2054
f 1231/634/1210 1232/637/1213 2130/1043/2054
f 2132/1044/2056 1247/637/1226 1245/632/1225
f 2130/1043/2054 1232/637/1213 2133/1044/2057
f 2130/1043/2054 2133/1044/2057 2131/1042/2055
f 2131/1042/2055 2133/1044/2057 2134/934/2058
f 2133/1044/2057 1938/935/1871 2134/934/2058
f 1937/936/1872 1938/935/1871 2135/1045/2059
f 2135/1045/2059 1938/935/1871 2133/1044/2057
f 1245/632/1225 2136/1045/2060 2132/1044/2056
f 2136/1045/2060 2138/1046/2061 2137/936/2062
f 2138/1046/2061 2136/1045/2060 1245/632/1225
f 2139/1046/2063 1228/632/1207 1226/624/1206
f 1226/624/1206 1209/620/1189 2139/1046/2063
f 2139/1046/2063 1209/620/1189 1208/619/1188
f 2137/936/2062 2138/1046/2061 2140/619/2064
f 2141/612/2065 2137/936/2062 2140/619/2064
f 2142/937/2066 2137/936/2062 2141/612/2065
f 2143/610/2067 2142/937/2066 2141/612/2065
f 2144/939/2068 2142/937/2066 2143/610/2067
f 2145/1047/2069 1204/615/1184 1206/617/1186
f 2146/1048/2070 1204/615/1184 2145/1047/2069
f 2147/1049/2071 2146/1048/2070 2145/1047/2069
f 2148/1050/2072 2146/1048/2070 2147/1049/2071
f 2149/1051/2073 2148/1050/2072 2147/1049/2071
f 2150/1052/2074 2148/1050/2072 2149/1051/2073
f 2151/1053/2075 2150/1052/2074 2149/1051/2073
f 2152/1054/2076 2150/1052/2074 2151/1053/2075
f 2146/1048/2070 1201/614/1182 1204/615/1184
f 2153/1055/2077 2155/1056/2078 2154/1052/2079
f 2154/1052/2079 2155/1056/2078 2148/1050/2072
f 2156/1054/2080 2153/1055/2077 2154/1052/2079
f 2157/1057/2081 2153/1055/2077 2156/1054/2080
f 2158/1058/2082 2159/1059/2083 2157/1057/2081
f 2157/1057/2081 2159/1059/2083 2153/1055/2077
f 2160/940/2084 2162/942/2085 2161/1058/2086
f 2161/1058/2086 2162/942/2085 2159/1059/2083
f 1192/609/1174 2163/1060/2087 1194/610/1175
f 1194/610/1175 2163/1060/2087 2164/1061/2088
f 2165/1061/2089 2144/939/2068 2143/610/2067
f 2166/952/2090 2144/939/2068 2165/1061/2089
f 2167/1062/2091 1201/614/1182 2146/1048/2070
f 2148/1050/2072 2167/1062/2091 2146/1048/2070
f 2155/1056/2078 2167/1062/2091 2148/1050/2072
f 2167/1062/2091 1192/609/1174 1201/614/1182
f 2163/1060/2087 1192/609/1174 2167/1062/2091
f 2167/1062/2091 2168/1056/2092 2163/1060/2087
f 2163/1060/2087 2168/1056/2092 2169/1063/2093
f 2153/1055/2077 2169/1063/2093 2168/1056/2092
f 2159/1059/2083 2169/1063/2093 2153/1055/2077
f 2165/1061/2089 2170/1064/2094 2166/952/2090
f 2163/1060/2087 2171/1064/2095 2164/1061/2088
f 2169/1063/2093 2171/1064/2095 2163/1060/2087
f 2159/1059/2083 2171/1064/2095 2169/1063/2093
f 2162/942/2085 2171/1064/2095 2159/1059/2083
f 1949/943/1883 2170/1064/2094 1947/942/1882
f 2166/952/2090 2170/1064/2094 2172/1065/2096
f 2172/1065/2096 2170/1064/2094 1949/943/1883
f 1961/952/1896 2173/1065/2097 1962/950/1897
f 1962/950/1897 2173/1065/2097 2174/949/2098
f 1951/944/1885 2174/949/2098 1950/943/1886
f 1950/943/1886 2174/949/2098 2173/1065/2097
f 2175/1066/2099 2177/1067/2100 2176/1068/2101
f 2176/1068/2101 2177/1067/2100 2178/1069/2102
s 0
f 2179/1066/2103 2181/1070/2103 2180/1067/2103
s 1
f 2177/1067/2100 2182/1070/2104 2178/1069/2102
f 2178/1069/2102 2182/1070/2104 2183/1071/2105
f 2184/1072/2106 2186/1070/2107 2185/1066/2108
f 2187/1073/2109 2188/1074/2110 2185/1066/2108
f 2185/1066/2108 2188/1074/2110 2184/1072/2106
f 2187/1073/2109 2189/1075/2111 2188/1074/2110
f 2190/334/2112 2192/333/2113 2191/332/2114
f 2193/1076/2115 2190/334/2112 2191/332/2114
f 2189/1075/2111 2190/334/2112 2193/1076/2115
f 2188/1074/2110 2189/1075/2111 2193/1076/2115
f 2194/1077/2116 2196/1078/2117 2195/1076/2118
f 2195/1076/2118 2196/1078/2117 2197/1074/2119
f 2196/1078/2117 2198/1079/2120 2197/1074/2119
f 2197/1074/2119 2198/1079/2120 2199/1072/2121
f 2200/1080/2122 2199/1072/2121 2198/1079/2120
f 2201/1070/2123 2199/1072/2121 2200/1080/2122
f 2202/1071/2124 2201/1070/2123 2203/1081/2125
f 2203/1081/2125 2201/1070/2123 2200/1080/2122
f 2200/1080/2122 2204/1082/2126 2203/1081/2125
f 2203/1081/2125 2204/1082/2126 2205/1083/2127
f 2206/877/2128 2208/1083/2129 2207/878/2130
f 2207/878/2130 2208/1083/2129 2209/1082/2131
f 2209/1082/2131 2210/1084/2132 2207/878/2130
f 2207/878/2130 2210/1084/2132 2211/1085/2133
f 1852/878/1786 2212/1085/2134 1853/880/1788
f 1853/880/1788 2212/1085/2134 2213/1086/2135
f 2213/1086/2135 1855/882/1790 1853/880/1788
f 2214/1087/2136 1855/882/1790 2213/1086/2135
f 1860/885/1795 1856/882/1791 2215/1087/2137
f 1628/335/1597 2192/333/2113 2190/334/2112
f 1628/335/1597 1629/336/1596 2192/333/2113
f 2215/1087/2137 2216/1088/2138 1860/885/1795
f 1860/885/1795 2216/1088/2138 1863/886/1798
f 2217/1089/2139 1863/886/1798 2216/1088/2138
f 1865/887/1800 1863/886/1798 2217/1089/2139
f 2217/1089/2139 2218/1090/2140 1865/887/1800
f 1865/887/1800 2218/1090/2140 1867/888/1802
f 2218/1090/2140 2219/1091/2141 1867/888/1802
f 1867/888/1802 2219/1091/2141 1589/786/1556
f 2219/1091/2141 1588/785/1555 1589/786/1556
f 1593/790/1560 1588/785/1555 2219/1091/2141
f 2220/1092/2142 1598/790/1566 2221/1091/2143
f 1597/793/1564 1598/790/1566 2220/1092/2142
f 2222/1093/2144 1597/793/1564 2223/1092/2145
f 1606/795/1573 1597/793/1564 2222/1093/2144
f 2224/1094/2146 2226/333/2147 2225/336/2148
f 1623/804/1591 2224/1094/2146 2225/336/2148
f 1624/803/1593 2224/1094/2146 1623/804/1591
f 1621/798/1590 2224/1094/2146 1620/803/1588
f 2227/797/2149 2224/1094/2146 1621/798/1590
f 2228/1095/2150 2224/1094/2146 2227/797/2149
f 1610/797/1576 1608/795/1575 2229/1095/2151
f 2230/1096/2152 2224/1094/2146 2228/1095/2150
f 2230/1096/2152 2226/333/2147 2224/1094/2146
f 2229/1095/2151 1608/795/1575 2231/1093/2153
f 2232/1097/2154 2214/1087/2136 2213/1086/2135
f 2233/1088/2155 2214/1087/2136 2232/1097/2154
f 2232/1097/2154 2234/1098/2156 2233/1088/2155
f 2233/1088/2155 2234/1098/2156 2235/1089/2157
f 2234/1098/2156 2236/1099/2158 2235/1089/2157
f 2235/1089/2157 2236/1099/2158 2237/1090/2159
f 2237/1090/2159 2220/1092/2142 2221/1091/2143
f 2236/1099/2158 2220/1092/2142 2237/1090/2159
f 2230/1096/2152 2228/1095/2150 2238/1100/2160
f 2230/1096/2152 2238/1100/2160 2226/333/2147
f 2226/333/2147 2238/1100/2160 2239/332/2161
f 2238/1100/2160 2195/1076/2118 2239/332/2161
f 2194/1077/2116 2195/1076/2118 2238/1100/2160
f 2194/1077/2116 2238/1100/2160 2240/1101/2162
f 2240/1101/2162 2238/1100/2160 2241/1102/2163
f 2238/1100/2160 2228/1095/2150 2241/1102/2163
f 2234/1098/2156 2242/1103/2164 2236/1099/2158
f 2236/1099/2158 2242/1103/2164 2243/1104/2165
f 2243/1104/2165 2223/1092/2145 2236/1099/2158
f 2222/1093/2144 2223/1092/2145 2243/1104/2165
f 2229/1095/2151 2231/1093/2153 2244/1102/2166
f 2244/1102/2166 2231/1093/2153 2245/1104/2167
f 2245/1104/2167 2246/1101/2168 2244/1102/2166
f 2247/1103/2169 2246/1101/2168 2245/1104/2167
f 2232/1097/2154 2242/1103/2164 2234/1098/2156
f 2210/1084/2132 2248/1105/2170 2211/1085/2133
f 2211/1085/2133 2248/1105/2170 2249/1106/2171
f 2212/1085/2134 2250/1106/2172 2213/1086/2135
f 2213/1086/2135 2250/1106/2172 2232/1097/2154
f 2250/1106/2172 2242/1103/2164 2232/1097/2154
f 2248/1105/2170 2247/1103/2169 2249/1106/2171
f 2246/1101/2168 2247/1103/2169 2248/1105/2170
f 2240/1101/2162 2251/1105/2173 2194/1077/2116
f 2194/1077/2116 2251/1105/2173 2196/1078/2117
f 2204/1082/2126 2200/1080/2122 2252/1084/2174
f 2252/1084/2174 2200/1080/2122 2198/1079/2120
f 2252/1084/2174 2198/1079/2120 2251/1105/2173
f 2251/1105/2173 2198/1079/2120 2196/1078/2117
f 2253/1107/2175 2255/1108/2175 2254/1109/2175
s 0
f 2256/1110/2176 2258/1111/2176 2257/1109/2176
f 2259/1109/2177 2261/1108/2177 2260/1110/2177
s 1
f 2262/1112/2178 2264/1113/2179 2263/1114/2180
f 2263/1114/2180 2264/1113/2179 2265/1115/2181
f 2266/1116/2182 2268/1117/2183 2267/1118/2184
f 2267/1118/2184 2268/1117/2183 2269/1119/2185
f 2269/1119/2185 2271/1110/2186 2270/1108/2187
f 2268/1117/2183 2271/1110/2186 2269/1119/2185
f 2265/1115/2181 2272/1120/2188 2263/1114/2180
f 2273/1121/2189 2272/1120/2188 2265/1115/2181
f 2273/1121/2189 2265/1115/2181 2274/1122/2190
f 2274/1122/2190 2265/1115/2181 2275/1123/2191
f 2276/1121/2192 2278/1124/2193 2277/1125/2194
f 2279/1122/2195 2278/1124/2193 2276/1121/2192
f 2280/1122/2196 2282/1123/2197 2281/1124/2198
f 2281/1124/2198 2282/1123/2197 2283/1126/2199
f 2284/1127/2200 2283/1126/2199 2285/1128/2201
f 2285/1128/2201 2283/1126/2199 2282/1123/2197
f 2285/1128/2201 2286/1129/2202 2284/1127/2200
f 2284/1127/2200 2286/1129/2202 2287/1130/2203
f 2287/1130/2203 2286/1129/2202 2266/1116/2182
f 2266/1116/2182 2286/1129/2202 2268/1117/2183
f 928/474/921 2288/1131/2204 930/475/922
f 2268/1117/2183 2289/1111/2205 2271/1110/2186
f 2286/1129/2202 2289/1111/2205 2268/1117/2183
f 2290/1128/2206 2289/1111/2205 2286/1129/2202
f 933/480/927 2291/1132/2207 932/478/925
f 2265/1115/2181 2290/1128/2206 2275/1123/2191
f 2292/1133/2208 2289/1111/2205 2290/1128/2206
f 2292/1133/2208 2290/1128/2206 2265/1115/2181
f 2293/1134/2209 2288/1131/2204 928/474/921
f 2293/1134/2209 2294/1135/2210 2288/1131/2204
f 2295/1136/2211 2294/1135/2210 2293/1134/2209
f 2294/1135/2210 2295/1136/2211 2262/1112/2178
f 2262/1112/2178 2295/1136/2211 2264/1113/2179
f 2296/1113/2212 2298/1137/2213 2297/1115/2214
f 2299/1137/2215 2301/1133/2216 2300/1115/2217
f 2302/1136/2218 2298/1137/2213 2296/1113/2212
f 2303/478/2219 2305/474/2220 2304/479/2221
f 2304/479/2221 2305/474/2220 2306/476/2222
f 2303/478/2219 2307/1134/2223 2305/474/2220
f 2308/1132/2224 2307/1134/2223 2303/478/2219
f 2309/1134/2225 2310/1132/2226 2302/1136/2218
f 2302/1136/2218 2310/1132/2226 2298/1137/2213
f 2311/1138/2227 2313/1109/2228 2312/1111/2229
f 2312/1111/2229 2301/1133/2216 2311/1138/2227
f 2311/1138/2227 2301/1133/2216 2299/1137/2215
f 2291/1132/2207 2315/1138/2230 2314/1137/2231
f 2315/1138/2230 2291/1132/2207 933/480/927
f 2316/480/2232 2318/1109/2233 2317/1138/2234
f 2319/1139/2235 931/477/924 2320/1140/2236
f 929/476/923 931/477/924 2319/1139/2235
f 2321/1139/2237 2304/479/2221 2306/476/2222
f 933/480/927 934/479/926 2322/1141/2238
f 2323/1141/2239 2325/479/2239 2324/1139/2239
f 2326/1139/2240 2328/1142/2241 2327/1141/2242
f 2327/1141/2242 2328/1142/2241 2329/1107/2243
f 2330/1141/2244 2331/1107/2245 2316/480/2232
f 2316/480/2232 2331/1107/2245 2318/1109/2233
f 2332/1143/2246 2334/1144/2247 2333/1145/2248
f 2335/1146/2249 2334/1144/2247 2332/1143/2246
f 2335/1146/2249 2336/1147/2250 2334/1144/2247
f 2337/1148/2251 2336/1147/2250 2335/1146/2249
f 2337/1148/2251 2335/1146/2249 2338/1149/2252
f 2338/1149/2252 2335/1146/2249 2339/1150/2253
f 2338/1149/2252 2339/1150/2253 2340/1151/2254
f 2340/1151/2254 2339/1150/2253 2341/1152/2255
f 2342/1153/2256 2340/1151/2254 2341/1152/2255
f 2343/1154/2257 2340/1151/2254 2342/1153/2256
f 2344/1155/2258 2343/1154/2257 2342/1153/2256
f 2345/1156/2259 2347/1157/2260 2346/1158/2261
f 2348/1159/2262 2350/1160/2263 2349/1161/2264
f 2350/1160/2263 2351/1162/2265 2349/1161/2264
f 2352/1163/2266 2345/1156/2259 2346/1158/2261
f 2351/1162/2265 2345/1156/2259 2352/1163/2266
f 2349/1161/2264 2351/1162/2265 2352/1163/2266
f 2344/1155/2258 2348/1159/2262 2343/1154/2257
f 2348/1159/2262 2349/1161/2264 2343/1154/2257
f 2343/1154/2257 2349/1161/2264 2340/1151/2254
f 2349/1161/2264 2338/1149/2252 2340/1151/2254
f 2352/1163/2266 2338/1149/2252 2349/1161/2264
f 2352/1163/2266 2337/1148/2251 2338/1149/2252
f 2346/1158/2261 2337/1148/2251 2352/1163/2266
f 2353/1164/2267 2355/1165/2268 2354/1166/2269
f 2354/1166/2269 2357/1167/2270 2356/1168/2271
f 2355/1165/2268 2357/1167/2270 2354/1166/2269
f 2355/1165/2268 2358/1169/2272 2357/1167/2270
f 2357/1167/2270 2358/1169/2272 2359/1170/2273
f 2360/1171/2274 2355/1165/2268 2353/1164/2267
f 2355/1165/2268 2360/1171/2274 2358/1169/2272
f 2361/1172/2275 2363/1173/2276 2362/1174/2277
f 2362/1174/2277 2363/1173/2276 2364/1175/2278
f 2365/1176/2279 2364/1175/2278 2363/1173/2276
f 2366/1170/2280 2358/1169/2272 2367/1177/2281
f 2367/1177/2281 2358/1169/2272 2365/1176/2279
f 2358/1169/2272 2364/1175/2278 2365/1176/2279
f 2358/1169/2272 2360/1171/2274 2364/1175/2278
f 2360/1171/2274 2362/1174/2277 2364/1175/2278
f 2346/1158/2261 2347/1157/2260 2368/1178/2282
f 2361/1172/2275 2368/1178/2282 2347/1157/2260
f 2362/1174/2277 2368/1178/2282 2361/1172/2275
f 2346/1158/2261 2368/1178/2282 2337/1148/2251
f 2337/1148/2251 2368/1178/2282 2336/1147/2250
f 2336/1147/2250 2369/1179/2283 2334/1144/2247
f 2336/1147/2250 2368/1178/2282 2369/1179/2283
f 2369/1179/2283 2368/1178/2282 2362/1174/2277
f 2369/1179/2283 2362/1174/2277 2360/1171/2274
f 2353/1164/2267 2369/1179/2283 2360/1171/2274
f 2370/1180/2284 2369/1179/2283 2353/1164/2267
f 2333/1145/2248 2334/1144/2247 2370/1180/2284
f 2370/1180/2284 2334/1144/2247 2369/1179/2283
f 2371/1181/2285 2373/1182/2286 2372/1183/2287
f 2372/1183/2287 2373/1182/2286 2374/1184/2288
f 2375/1185/2289 2377/1186/2290 2376/1187/2291
f 2376/1187/2291 2377/1186/2290 2374/1184/2288
f 2377/1186/2290 2372/1183/2287 2374/1184/2288
f 2375/1185/2289 2378/1188/2292 2377/1186/2290
f 2378/1188/2292 2379/1189/2293 2377/1186/2290
f 2379/1189/2293 2372/1183/2287 2377/1186/2290
f 2372/1183/2287 2380/1190/2294 2371/1181/2285
f 2381/1191/2295 2380/1190/2294 2372/1183/2287
f 2381/1191/2295 2383/1192/2296 2382/1193/2297
f 2382/1193/2297 2383/1192/2296 2384/1194/2298
f 2381/1191/2295 2372/1183/2287 2383/1192/2296
f 2383/1192/2296 2372/1183/2287 2379/1189/2293
f 2383/1192/2296 2385/1195/2299 2384/1194/2298
f 2383/1192/2296 2379/1189/2293 2385/1195/2299
f 2386/1196/2300 2379/1189/2293 2378/1188/2292
f 2385/1195/2299 2379/1189/2293 2386/1196/2300
f 2387/1197/2301 2389/1198/2302 2388/1199/2303
f 2388/1199/2303 2389/1198/2302 2390/1200/2304
f 2387/1197/2301 2388/1199/2303 2391/1201/2305
f 2390/1200/2304 2386/1196/2300 2378/1188/2292
f 2389/1198/2302 2386/1196/2300 2390/1200/2304
f 2391/1201/2305 2392/1202/2306 2387/1197/2301
f 2392/1202/2306 2389/1198/2302 2387/1197/2301
f 2393/1203/2307 2389/1198/2302 2392/1202/2306
f 2385/1195/2299 2386/1196/2300 2393/1203/2307
f 2393/1203/2307 2386/1196/2300 2389/1198/2302
f 2394/1204/2308 2396/1205/2309 2395/1206/2310
f 2395/1206/2310 2396/1205/2309 2397/1207/2311
f 2398/1208/2312 2397/1207/2311 2396/1205/2309
f 2399/1209/2313 2397/1207/2311 2398/1208/2312
f 2400/1210/2314 2402/1211/2315 2401/1212/2316
f 2403/1213/2317 2401/1212/2316 2404/1214/2318
f 2404/1214/2318 2401/1212/2316 2405/1215/2319
f 2401/1212/2316 2402/1211/2315 2405/1215/2319
f 2397/1207/2311 2399/1209/2313 2406/1216/2320
f 2406/1216/2320 2399/1209/2313 2407/1217/2321
f 2408/1218/2127 2410/1219/2322 2409/1220/2323
f 2402/1211/2315 2411/1221/2324 2405/1215/2319
f 2405/1215/2319 2411/1221/2324 2410/1219/2322
f 2405/1215/2319 2410/1219/2322 2408/1218/2127
f 2404/1214/2318 2405/1215/2319 2412/1222/2325
f 2412/1222/2325 2405/1215/2319 2408/1218/2127
f 2403/1213/2317 2406/1216/2320 2407/1217/2321
f 2404/1214/2318 2406/1216/2320 2403/1213/2317
f 2404/1214/2318 2412/1222/2325 2406/1216/2320
f 2413/1223/2326 2412/1222/2325 2414/1218/2129
f 2415/1224/2327 2412/1222/2325 2413/1223/2326
f 2416/1225/2328 2418/1226/2329 2417/1227/2330
f 2417/1227/2330 2415/1224/2327 2416/1225/2328
f 2412/1222/2325 2415/1224/2327 2417/1227/2330
f 2406/1216/2320 2412/1222/2325 2417/1227/2330
f 2406/1216/2320 2417/1227/2330 2397/1207/2311
f 2397/1207/2311 2417/1227/2330 2395/1206/2310
f 2417/1227/2330 2418/1226/2329 2395/1206/2310
f 2418/1226/2329 2419/1228/2331 2395/1206/2310
f 2395/1206/2310 2419/1228/2331 2394/1204/2308
f 2419/1228/2331 2420/1229/2332 2394/1204/2308
f 2394/1204/2308 2422/1229/2333 2421/1230/2334
f 2423/1231/2335 2421/1230/2334 2422/1229/2333
f 2424/1232/1906 2426/1231/2336 2425/1233/1907
f 2427/1234/2337 2421/1230/2334 2423/1231/2335
f 2428/1234/2338 2426/1231/2336 2424/1232/1906
f 948/493/939 2429/1235/2339 947/491/937
f 947/491/937 2429/1235/2339 2430/1236/2340
f 2421/1230/2334 2430/1236/2340 2394/1204/2308
f 2430/1236/2340 2431/1237/2341 947/491/937
f 2431/1237/2341 2430/1236/2340 2421/1230/2334
f 2427/1234/2337 2431/1237/2341 2421/1230/2334
f 947/491/937 2431/1237/2341 2432/1238/2342
f 2432/1238/2342 2431/1237/2341 2427/1234/2337
f 2427/1234/2337 2433/1239/2343 2432/1238/2342
f 2434/1239/2344 947/491/937 2432/1238/2342
f 949/492/938 947/491/937 2434/1239/2344
f 949/492/938 2436/1239/2345 2435/1240/2346
f 2435/1240/2346 2436/1239/2345 2437/1241/2347
f 2438/1242/2348 2437/1241/2347 2436/1239/2345
f 2439/1242/2349 2441/1239/2350 2440/1234/2351
f 2440/1234/2351 2442/1232/2352 2439/1242/2349
f 2439/1242/2349 2442/1232/2352 2443/1243/1905
f 2444/1244/2353 2437/1241/2347 2438/1242/2348
f 2438/1242/2348 2445/1243/1888 2444/1244/2353
f 2444/1244/2353 2445/1243/1888 2446/1245/2354
f 2447/1246/2355 2449/1245/1887 2448/1247/1884
f 2450/1244/2356 2449/1245/1887 2447/1246/2355
f 2447/1246/2355 2451/1241/2357 2450/1244/2356
f 2452/1248/2358 2451/1241/2357 2447/1246/2355
f 949/492/938 2453/1249/2359 950/494/940
f 2435/1240/2346 2453/1249/2359 949/492/938
f 2454/1250/2360 2451/1241/2357 2452/1248/2358
f 2455/1240/2361 2451/1241/2357 2454/1250/2360
f 2454/1250/2360 2456/1251/2362 2455/1240/2361
f 2455/1240/2361 2456/1251/2362 2457/1249/2363
f 2458/1252/2364 2460/1253/2365 2459/1254/2270
f 2459/1254/2270 2460/1253/2365 2461/1255/2366
f 2459/1254/2270 2461/1255/2366 2462/1256/2367
f 2462/1256/2367 2461/1255/2366 2463/1257/2368
f 2460/1253/2365 2464/1258/2369 2461/1255/2366
f 2461/1255/2366 2464/1258/2369 2465/1259/2370
f 2466/1255/2371 2468/1259/2372 2467/1257/2373
f 2467/1257/2373 2468/1259/2372 2469/1260/2374
f 2470/1259/2375 2456/1251/2362 2471/1260/2376
f 2457/1249/2363 2456/1251/2362 2470/1259/2375
f 2472/1259/2377 950/494/940 2453/1249/2359
f 2464/1258/2369 2473/494/2378 2465/1259/2370
f 2474/1252/2379 2476/1261/2281 2475/1253/2380
f 2475/1253/2380 2476/1261/2281 2477/1262/2381
f 2475/1253/2380 2477/1262/2381 2478/1258/2382
f 2478/1258/2382 2477/1262/2381 2479/1263/2383
f 2478/1258/2382 2479/1263/2383 950/494/940
f 950/494/940 2479/1263/2383 2480/1264/2384
f 950/494/940 2480/1264/2384 948/493/939
f 948/493/939 2480/1264/2384 2481/1265/2385
f 948/493/939 2481/1265/2385 2429/1235/2339
f 2429/1235/2339 2481/1265/2385 2482/1266/2386
f 2430/1236/2340 2429/1235/2339 2394/1204/2308
f 2394/1204/2308 2429/1235/2339 2396/1205/2309
f 2482/1266/2386 2396/1205/2309 2429/1235/2339
f 2398/1208/2312 2396/1205/2309 2482/1266/2386
f 2482/1266/2386 2483/1205/2387 2398/1208/2312
f 2484/1267/2388 2486/1268/2389 2485/1269/2390
f 2487/1270/2391 2486/1268/2389 2484/1267/2388
f 2488/1271/2392 2490/1272/2393 2489/1273/2394
f 2490/1272/2393 2488/1271/2392 2487/1270/2391
f 2491/1274/2395 2489/1273/2394 2492/1275/2396
f 2492/1275/2396 2489/1273/2394 2493/1276/2397
f 2489/1273/2394 2490/1272/2393 2493/1276/2397
f 2491/1274/2395 2494/1277/2398 2489/1273/2394
f 2493/1276/2397 2495/1278/2399 2492/1275/2396
f 2492/1275/2396 2495/1278/2399 2491/1274/2395
f 2491/1274/2395 2495/1278/2399 2496/1279/2400
f 2491/1274/2395 2496/1279/2400 2494/1277/2398
f 2494/1277/2398 2496/1279/2400 2497/1280/2401
f 2498/1278/2402 2499/1281/2403 2496/1279/2400
f 2496/1279/2400 2499/1281/2403 2500/1282/2404
f 2496/1279/2400 2500/1282/2404 2497/1280/2401
f 2497/1280/2401 2500/1282/2404 2501/1283/2405
f 2500/1282/2404 2502/1284/2406 2501/1283/2405
f 2500/1282/2404 2499/1281/2403 2502/1284/2406
f 2502/1284/2406 2499/1281/2403 2503/1285/2407
f 2504/1286/2408 2503/1285/2407 2499/1281/2403
f 2499/1281/2403 2498/1278/2402 2504/1286/2408
f 2505/1287/2409 2495/1278/2399 2493/1276/2397
f 2506/1286/2410 2495/1278/2399 2505/1287/2409
f 2505/1287/2409 2507/1288/2411 2506/1286/2410
f 2506/1286/2410 2507/1288/2411 2508/1289/2412
f 2509/1289/2413 2503/1285/2407 2504/1286/2408
f 2493/1276/2397 2490/1272/2393 2505/1287/2409
f 2505/1287/2409 2490/1272/2393 2507/1288/2411
f 2490/1272/2393 2487/1270/2391 2507/1288/2411
f 2507/1288/2411 2487/1270/2391 2484/1267/2388
f 2484/1267/2388 2510/1290/2414 2507/1288/2411
f 2507/1288/2411 2510/1290/2414 2508/1289/2412
f 2511/1291/2415 2512/1292/2416 2510/1290/2414
f 2510/1290/2414 2512/1292/2416 2508/1289/2412
f 2513/1293/2417 2508/1289/2412 2512/1292/2416
f 2503/1285/2407 2508/1289/2412 2513/1293/2417
f 2514/1294/2418 2503/1285/2407 2513/1293/2417
f 2502/1284/2406 2503/1285/2407 2514/1294/2418
f 2515/1295/2419 2517/1296/2420 2516/1297/2421
f 2516/1297/2421 2517/1296/2420 2518/1298/2422
f 2517/1296/2420 2519/1299/2423 2518/1298/2422
f 2518/1298/2422 2519/1299/2423 2514/1294/2418
f 2519/1299/2423 2502/1284/2406 2514/1294/2418
f 2501/1283/2405 2502/1284/2406 2520/1300/2424
f 2520/1300/2424 2502/1284/2406 2519/1299/2423
f 2521/1301/2425 2520/1300/2424 2519/1299/2423
f 2378/1188/2292 2520/1300/2424 2521/1301/2425
f 2522/1302/2426 2378/1188/2292 2375/1185/2289
f 2523/1302/2427 2520/1300/2424 2378/1188/2292
f 2501/1283/2405 2520/1300/2424 2523/1302/2427
f 2375/1185/2289 2501/1283/2405 2522/1302/2426
f 2497/1280/2401 2501/1283/2405 2375/1185/2289
f 2376/1187/2291 2497/1280/2401 2375/1185/2289
f 2494/1277/2398 2497/1280/2401 2376/1187/2291
f 2489/1273/2394 2494/1277/2398 2524/1303/2428
f 2524/1303/2428 2494/1277/2398 2376/1187/2291
f 2489/1273/2394 2524/1303/2428 2488/1271/2392
f 2374/1184/2288 2524/1303/2428 2376/1187/2291
f 2373/1182/2286 2524/1303/2428 2374/1184/2288
f 2488/1271/2392 2524/1303/2428 2373/1182/2286
f 2525/1304/2429 2373/1182/2286 2371/1181/2285
f 2487/1270/2391 2488/1271/2392 2526/1305/2430
f 2488/1271/2392 2373/1182/2286 2526/1305/2430
f 2527/1306/2431 2373/1182/2286 2525/1304/2429
f 2526/1305/2430 2373/1182/2286 2527/1306/2431
f 2528/1307/2432 2527/1306/2431 2525/1304/2429
f 2529/1308/2433 2527/1306/2431 2528/1307/2432
f 2527/1306/2431 2529/1308/2433 2526/1305/2430
f 2486/1268/2389 2530/1309/2434 2485/1269/2390
f 2486/1268/2389 2487/1270/2391 2530/1309/2434
f 2530/1309/2434 2487/1270/2391 2531/1310/2435
f 2487/1270/2391 2526/1305/2430 2531/1310/2435
f 2526/1305/2430 2529/1308/2433 2532/1311/2436
f 2531/1310/2435 2526/1305/2430 2532/1311/2436
f 2533/1312/2437 2534/1313/2438 2528/1307/2432
f 2528/1307/2432 2534/1313/2438 2529/1308/2433
f 2534/1313/2438 2532/1311/2436 2529/1308/2433
f 2535/1314/2439 2532/1311/2436 2534/1313/2438
f 2535/1314/2439 2531/1310/2435 2532/1311/2436
f 2530/1309/2434 2531/1310/2435 2536/1315/2440
f 2536/1315/2440 2531/1310/2435 2535/1314/2439
f 2537/1314/2441 2539/1316/2184 2538/1315/2442
f 2538/1315/2442 2539/1316/2184 2540/1317/2185
f 2540/1317/2185 2541/1309/2443 2538/1315/2442
f 2542/1318/2444 2541/1309/2443 2540/1317/2185
f 2485/1269/2390 2530/1309/2434 2543/1319/2445
f 2542/1318/2444 2544/1319/2446 2541/1309/2443
f 2545/1320/2447 2543/1319/2445 2546/1318/2448
f 2485/1269/2390 2543/1319/2445 2547/1321/2449
f 2547/1321/2449 2543/1319/2445 2548/1322/2450
f 2545/1320/2447 2548/1322/2450 2543/1319/2445
f 2549/1323/2451 2548/1322/2450 2545/1320/2447
f 1109/557/1093 1108/555/1091 1106/554/1090
f 2550/1324/2452 1108/555/1091 1109/557/1093
f 1109/557/1093 1114/562/1098 2550/1324/2452
f 2550/1324/2452 1114/562/1098 2551/1325/2453
f 2551/1325/2453 1114/562/1098 2549/1323/2451
f 2549/1323/2451 1114/562/1098 2548/1322/2450
f 1114/562/1098 1110/558/1094 2548/1322/2450
f 2548/1322/2450 1110/558/1094 2547/1321/2449
f 1110/558/1094 1111/560/1096 2547/1321/2449
f 2547/1321/2449 1111/560/1096 2552/1326/2454
f 2547/1321/2449 2552/1326/2454 2485/1269/2390
f 2485/1269/2390 2552/1326/2454 2553/1327/2455
f 2485/1269/2390 2553/1327/2455 2484/1267/2388
f 2484/1267/2388 2553/1327/2455 2510/1290/2414
f 2510/1290/2414 2553/1327/2455 2511/1291/2415
f 2511/1291/2415 2553/1327/2455 2554/1328/2456
f 2552/1326/2454 2554/1328/2456 2553/1327/2455
f 2555/1329/2457 2554/1328/2456 2552/1326/2454
f 2555/1329/2457 2552/1326/2454 2556/1330/2458
f 2556/1330/2458 2552/1326/2454 1111/560/1096
f 2557/1331/2459 2555/1329/2457 2556/1330/2458
f 2558/1332/2460 2560/1333/2461 2559/1334/2462
f 2556/1330/2458 2561/1334/2463 2557/1331/2459
f 2562/1332/2464 2561/1334/2463 2556/1330/2458
f 1118/565/1102 1120/567/1104 1117/564/1101
f 1117/564/1101 1120/567/1104 1130/578/1115
f 1159/606/1143 1130/578/1115 1133/580/1117
f 1117/564/1101 1130/578/1115 1159/606/1143
f 1156/603/1140 1117/564/1101 1159/606/1143
f 1116/563/1100 1117/564/1101 1156/603/1140
f 1154/601/1138 1116/563/1100 1156/603/1140
f 1116/563/1100 2563/559/2465 1115/561/1099
f 2564/1335/2466 1116/563/1100 1154/601/1138
f 2564/1335/2466 2563/559/2465 1116/563/1100
f 1111/560/1096 2562/1332/2464 2556/1330/2458
f 1112/559/1095 2562/1332/2464 1111/560/1096
f 2563/559/2465 2564/1335/2466 2558/1332/2460
f 2558/1332/2460 2564/1335/2466 2560/1333/2461
f 1154/601/1138 2560/1333/2461 2564/1335/2466
f 1154/601/1138 1143/590/1127 2565/1336/2467
f 2565/1336/2467 2560/1333/2461 1154/601/1138
f 918/469/912 919/468/911 2566/1337/2468
f 918/469/912 2566/1337/2468 1143/590/1127
f 1143/590/1127 2566/1337/2468 2565/1336/2467
f 2559/1334/2462 2560/1333/2461 2567/1338/2469
f 2565/1336/2467 2567/1338/2469 2560/1333/2461
f 2566/1337/2468 2567/1338/2469 2565/1336/2467
f 919/468/911 2568/1339/2470 2566/1337/2468
f 2566/1337/2468 2568/1339/2470 2567/1338/2469
f 2569/1339/2471 2570/1340/2472 2567/1338/2469
f 2567/1338/2469 2570/1340/2472 2559/1334/2462
f 2571/1339/2473 2573/1341/2474 2572/1340/2475
f 921/468/915 2573/1341/2474 2571/1339/2473
f 922/470/914 2573/1341/2474 921/468/915
f 926/473/918 2574/1342/2476 927/470/920
f 927/470/920 2574/1342/2476 2575/1341/2477
f 2572/1340/2475 2573/1341/2474 2576/1343/2478
f 2577/1341/2479 2579/1342/2480 2578/1343/2481
f 2578/1343/2481 2579/1342/2480 2580/1344/2482
f 2581/1344/2483 2583/1345/2484 2582/1343/2485
f 2584/1346/2486 2586/1347/2487 2585/1345/2488
f 2582/1343/2485 2583/1345/2484 2587/1347/2489
f 2588/1348/2490 2586/1347/2487 2584/1346/2486
f 2589/1348/2491 2591/1349/2492 2590/1347/2493
f 2590/1347/2493 2591/1349/2492 2592/1350/2494
f 2592/1350/2494 2576/1343/2478 2590/1347/2493
f 2572/1340/2475 2576/1343/2478 2592/1350/2494
f 2572/1340/2475 2592/1350/2494 2561/1334/2463
f 2561/1334/2463 2592/1350/2494 2557/1331/2459
f 2593/1351/2495 2555/1329/2457 2557/1331/2459
f 2557/1331/2459 2592/1350/2494 2593/1351/2495
f 2593/1351/2495 2592/1350/2494 2591/1349/2492
f 2591/1349/2492 2594/1352/2496 2593/1351/2495
f 2593/1351/2495 2594/1352/2496 2595/1353/2497
f 2593/1351/2495 2595/1353/2497 2555/1329/2457
f 2555/1329/2457 2595/1353/2497 2554/1328/2456
f 2511/1291/2415 2554/1328/2456 2596/1354/2498
f 2596/1354/2498 2554/1328/2456 2595/1353/2497
f 2514/1294/2418 2513/1293/2417 2518/1298/2422
f 2513/1293/2417 2512/1292/2416 2597/1355/2499
f 2518/1298/2422 2513/1293/2417 2597/1355/2499
f 2598/1356/2500 2588/1348/2490 2584/1346/2486
f 2594/1352/2496 2599/1357/2501 2595/1353/2497
f 2595/1353/2497 2599/1357/2501 2596/1354/2498
f 2589/1348/2491 2594/1352/2496 2591/1349/2492
f 2600/1358/2502 2588/1348/2490 2598/1356/2500
f 2601/1358/2503 2594/1352/2496 2589/1348/2491
f 2601/1358/2503 2602/1359/2504 2594/1352/2496
f 2594/1352/2496 2602/1359/2504 2599/1357/2501
f 2598/1356/2500 2603/1360/2505 2600/1358/2502
f 2600/1358/2502 2603/1360/2505 2604/1359/2506
f 2597/1355/2499 2512/1292/2416 2605/1361/2507
f 2511/1291/2415 2605/1361/2507 2512/1292/2416
f 2596/1354/2498 2605/1361/2507 2511/1291/2415
f 2606/1362/2508 2607/1363/2509 2605/1361/2507
f 2605/1361/2507 2607/1363/2509 2597/1355/2499
f 2596/1354/2498 2606/1362/2508 2605/1361/2507
f 2599/1357/2501 2606/1362/2508 2596/1354/2498
f 2597/1355/2499 2607/1363/2509 2518/1298/2422
f 2518/1298/2422 2607/1363/2509 2516/1297/2421
f 2602/1359/2504 2608/1364/2510 2599/1357/2501
f 2599/1357/2501 2608/1364/2510 2606/1362/2508
f 2603/1360/2505 2609/1365/2511 2604/1359/2506
f 2604/1359/2506 2609/1365/2511 2610/1364/2512
f 2611/1366/2513 955/499/945 954/498/944
f 2611/1366/2513 2609/1365/2511 955/499/945
f 2610/1364/2512 2609/1365/2511 2611/1366/2513
f 2608/1364/2510 2612/1366/2514 2606/1362/2508
f 2606/1362/2508 2612/1366/2514 2607/1363/2509
f 2612/1366/2514 2516/1297/2421 2607/1363/2509
f 2613/498/2515 2516/1297/2421 2612/1366/2514
f 2613/498/2515 2614/1295/2516 2516/1297/2421
f 2615/495/2517 2614/1295/2516 2613/498/2515
f 2616/1367/2518 2618/1368/2519 2617/1369/2520
f 2619/1370/2521 2616/1367/2518 2617/1369/2520
f 2620/1371/2522 2622/1367/2523 2621/1370/2524
f 2620/1371/2522 2623/1372/2525 2622/1367/2523
f 2624/1373/2526 2618/1368/2519 2616/1367/2518
f 2625/1367/2527 2627/1374/2528 2626/1373/2529
f 2625/1367/2527 2628/1372/2530 2627/1374/2528
f 2629/1372/2531 2631/1375/2532 2630/1374/2533
f 2626/1373/2529 2627/1374/2528 2632/1376/2534
f 2633/1374/2535 2635/1377/2536 2634/1376/2537
f 2630/1374/2533 2631/1375/2532 2636/1377/2538
f 2637/1378/2539 2636/1377/2538 2631/1375/2532
f 2521/1301/2425 2390/1200/2304 2378/1188/2292
f 2618/1368/2519 951/495/941 952/497/943
f 2624/1373/2526 951/495/941 2618/1368/2519
f 2626/1373/2529 2632/1376/2534 2615/495/2517
f 2615/495/2517 2632/1376/2534 2614/1295/2516
f 2634/1376/2537 2635/1377/2536 2638/1379/2540
f 2634/1376/2537 2638/1379/2540 2515/1295/2419
f 2515/1295/2419 2638/1379/2540 2517/1296/2420
f 2517/1296/2420 2638/1379/2540 2519/1299/2423
f 2519/1299/2423 2638/1379/2540 2521/1301/2425
f 2639/1380/2541 2636/1377/2538 2637/1378/2539
f 2635/1377/2536 2640/1380/2542 2638/1379/2540
f 2638/1379/2540 2640/1380/2542 2521/1301/2425
f 2640/1380/2542 2390/1200/2304 2521/1301/2425
f 2640/1380/2542 2388/1199/2303 2390/1200/2304
f 2641/1378/2543 2388/1199/2303 2640/1380/2542
f 2391/1201/2305 2388/1199/2303 2642/1381/2544
f 2641/1378/2543 2642/1381/2544 2388/1199/2303
f 936/483/930 2642/1381/2544 2641/1378/2543
f 936/483/930 937/482/929 2642/1381/2544
f 2643/1382/2545 2645/1383/2546 2644/1384/2547
f 2644/1384/2547 2645/1383/2546 2646/1385/2548
f 2647/1386/2549 2646/1385/2548 2645/1383/2546
f 2642/1381/2544 937/482/929 2391/1201/2305
f 2391/1201/2305 937/482/929 2648/1386/2550
f 937/482/929 2646/1385/2548 2647/1386/2549
f 935/481/928 2646/1385/2548 937/482/929
f 915/466/909 916/465/908 2649/1387/2551
f 2650/1388/2552 915/466/909 2649/1387/2551
f 2651/1382/2553 2653/1387/2554 2652/465/2555
f 2654/1384/2556 2653/1387/2554 2651/1382/2553
f 2653/1387/2554 2654/1384/2556 2650/1388/2552
f 2655/1389/2557 2650/1388/2552 2656/1390/2558
f 2650/1388/2552 2654/1384/2556 2656/1390/2558
f 2644/1384/2547 2646/1385/2548 2657/1390/2559
f 2658/1391/2560 2646/1385/2548 935/481/928
f 2657/1390/2559 2646/1385/2548 2658/1391/2560
f 2657/1390/2559 2658/1391/2560 2659/1389/2561
f 2659/1389/2561 2658/1391/2560 2660/1392/2562
f 2658/1391/2560 2661/1393/2563 2660/1392/2562
f 935/481/928 2663/1393/2564 2662/1391/2565
f 936/483/930 2663/1393/2564 935/481/928
f 2664/1394/2566 2666/1393/2567 2665/483/2568
f 2667/592/2569 917/467/910 918/469/912
f 925/471/919 2668/1395/2570 924/472/917
f 2668/1395/2570 2670/1396/2571 2669/1397/2572
f 2670/1396/2571 2668/1395/2570 925/471/919
f 2671/1396/2573 2673/1398/2574 2672/1399/2575
f 2669/1397/2572 2670/1396/2571 2674/1399/2576
f 923/471/916 2673/1398/2574 2671/1396/2573
f 920/467/913 2673/1398/2574 923/471/916
f 2673/1398/2574 917/467/910 2667/592/2569
f 2631/1375/2532 2665/483/2568 2637/1378/2539
f 2664/1394/2566 2665/483/2568 2631/1375/2532
f 2631/1375/2532 2675/1400/2577 2664/1394/2566
f 2629/1372/2531 2675/1400/2577 2631/1375/2532
f 2676/593/2578 2673/1398/2574 2667/592/2569
f 2672/1399/2575 2673/1398/2574 2677/1401/2579
f 2677/1401/2579 2673/1398/2574 2676/593/2578
f 2678/595/2580 2677/1401/2579 2676/593/2578
f 2679/1402/2581 2677/1401/2579 2678/595/2580
f 2679/1402/2581 2680/1403/2582 2677/1401/2579
f 2677/1401/2579 2680/1403/2582 2672/1399/2575
f 2674/1399/2576 2681/1404/2583 2669/1397/2572
s 0
f 2682/1403/2584 2684/1404/2584 2683/1399/2584
s 1
f 2620/1371/2522 2685/1400/2585 2623/1372/2525
f 2675/1400/2577 2686/1405/2586 2664/1394/2566
f 2685/1400/2585 2688/1406/2587 2687/1405/2588
f 2688/1406/2587 2685/1400/2585 2620/1371/2522
f 2689/1370/2589 2691/1406/2590 2690/1371/2591
f 2692/1407/2592 2691/1406/2590 2689/1370/2589
f 2687/1405/2588 2688/1406/2587 2693/1408/2593
f 2692/1407/2592 2693/1408/2593 2691/1406/2590
f 2694/1409/2594 2693/1408/2593 2692/1407/2592
f 2695/1404/2595 2693/1408/2593 2694/1409/2594
f 2696/1403/2596 2693/1408/2593 2695/1404/2595
f 2696/1403/2596 2687/1405/2588 2693/1408/2593
f 2697/1402/2597 2699/1405/2598 2698/1403/2599
f 2697/1402/2597 2700/595/2600 2699/1405/2598
f 2686/1405/2586 2701/595/2601 2664/1394/2566
f 1150/597/1134 1152/599/1136 2702/1410/2602
f 2703/1411/2603 1150/597/1134 2704/1412/2604
f 2704/1412/2604 1150/597/1134 2702/1410/2602
f 2703/1411/2603 1149/596/1133 1150/597/1134
f 1148/594/1131 1149/596/1133 2703/1411/2603
f 2664/1394/2566 2701/595/2601 2666/1393/2567
f 2666/1393/2567 2701/595/2601 2705/594/2605
f 2705/594/2605 2706/1411/2606 2666/1393/2567
f 2666/1393/2567 2706/1411/2606 2707/1392/2607
f 2708/1412/2608 2710/1392/2609 2709/1411/2610
f 2711/1389/2611 2710/1392/2609 2708/1412/2608
f 1011/545/999 1152/599/1136 1157/604/1141
f 1008/542/996 1152/599/1136 1011/545/999
f 1008/542/996 2702/1410/2602 1152/599/1136
f 1006/540/994 2702/1410/2602 1008/542/996
f 2702/1410/2602 1006/540/994 2704/1412/2604
f 1004/539/993 2712/1413/2612 1006/540/994
f 2704/1412/2604 1006/540/994 2713/1413/2613
f 2714/1412/2614 2716/1413/2615 2715/1389/2616
f 2717/1414/2617 2650/1388/2552 2655/1389/2557
f 2715/1389/2616 2716/1413/2615 2718/1414/2618
f 2719/1413/2619 2650/1388/2552 2717/1414/2617
f 2720/1415/2620 915/466/909 2650/1388/2552
f 2720/1415/2620 2650/1388/2552 2719/1413/2619
f 2721/1415/2621 2712/1413/2612 1004/539/993
f 1004/539/993 2722/466/2622 2721/1415/2621
f 1004/539/993 1005/538/992 2723/1416/2623
f 2724/1416/2624 915/466/909 2725/539/2625
f 2724/1416/2624 914/464/907 915/466/909
f 2726/1417/2626 914/464/907 2724/1416/2624
f 1005/538/992 2727/1417/2627 2723/1416/2623
f 2728/1418/2628 2727/1417/2627 1005/538/992
f 2729/1419/2629 2728/1418/2628 1005/538/992
f 2730/1420/2630 2728/1418/2628 2729/1419/2629
f 2731/1421/2631 2733/1422/2632 2732/1423/2633
f 2732/1423/2633 2733/1422/2632 2734/1424/2634
f 2733/1422/2632 2735/1425/2635 2734/1424/2634
f 2736/1426/2636 2735/1425/2635 2733/1422/2632
f 2736/1426/2636 2737/1427/2637 2735/1425/2635
f 2738/1428/2638 2737/1427/2637 2736/1426/2636
f 2738/1428/2638 2739/1429/2639 2737/1427/2637
f 2740/1430/2640 2739/1429/2639 2738/1428/2638
f 2740/1430/2640 2727/1417/2627 2739/1429/2639
f 2739/1429/2639 2727/1417/2627 2728/1418/2628
f 2739/1429/2639 2728/1418/2628 2741/1431/2641
f 2741/1431/2641 2728/1418/2628 2730/1420/2630
f 2742/1432/2642 2744/1433/2643 2743/1434/2644
f 2742/1432/2642 2745/1435/2645 2744/1433/2643
f 2744/1433/2643 2745/1435/2645 2746/1436/2646
f 2745/1435/2645 2747/1437/2647 2746/1436/2646
f 2746/1436/2646 2747/1437/2647 2748/1438/2648
f 2747/1437/2647 2749/1147/2649 2748/1438/2648
f 2750/1439/2650 2749/1147/2649 2747/1437/2647
f 2751/1440/2651 2750/1439/2650 2752/1441/2652
f 2752/1441/2652 2750/1439/2650 2747/1437/2647
f 2753/1442/2653 2755/1443/2654 2754/1444/2655
f 2754/1444/2655 2755/1443/2654 2756/1445/2656
f 2757/1446/2657 2758/1447/2658 2753/1442/2653
f 2753/1442/2653 2758/1447/2658 2755/1443/2654
f 2759/1448/2659 2761/1449/2660 2760/1450/2661
f 2761/1449/2660 2762/1451/2662 2760/1450/2661
f 2760/1450/2661 2762/1451/2662 2763/1452/2663
f 2762/1451/2662 2764/1453/2664 2763/1452/2663
f 2765/1454/2665 2764/1453/2664 2757/1446/2657
f 2757/1446/2657 2764/1453/2664 2758/1447/2658
f 2762/1451/2662 2758/1447/2658 2764/1453/2664
f 2766/1455/2666 2758/1447/2658 2762/1451/2662
f 2758/1447/2658 2766/1455/2666 2755/1443/2654
f 2761/1449/2660 2766/1455/2666 2762/1451/2662
f 2755/1443/2654 2766/1455/2666 2767/1456/2667
f 2768/1457/2668 2766/1455/2666 2761/1449/2660
f 2768/1457/2668 2767/1456/2667 2766/1455/2666
f 2769/1458/2669 2767/1456/2667 2768/1457/2668
f 2767/1456/2667 2756/1445/2656 2755/1443/2654
f 2769/1458/2669 2770/1459/2670 2767/1456/2667
f 2770/1459/2670 2756/1445/2656 2767/1456/2667
f 2770/1459/2670 2771/1460/2671 2756/1445/2656
f 2772/1461/2672 2771/1460/2671 2770/1459/2670
f 2773/1462/2673 2770/1459/2670 2769/1458/2669
f 2773/1462/2673 2772/1461/2672 2770/1459/2670
f 2774/1463/2267 2772/1461/2672 2773/1462/2673
f 2773/1462/2673 2775/1464/2284 2774/1463/2267
f 1119/566/1103 1131/577/1114 1120/567/1104
f 2776/1465/2248 1131/577/1114 1119/566/1103
f 2775/1464/2284 1131/577/1114 2776/1465/2248
f 2777/1466/2674 2775/1464/2284 2773/1462/2673
f 2777/1466/2674 1131/577/1114 2775/1464/2284
f 2778/1467/2675 2761/1449/2660 2759/1448/2659
f 2778/1467/2675 2768/1457/2668 2761/1449/2660
f 2769/1458/2669 2777/1466/2674 2773/1462/2673
f 2769/1458/2669 2768/1457/2668 2779/1468/2676
f 2779/1468/2676 2777/1466/2674 2769/1458/2669
f 2777/1466/2674 1132/579/1116 1131/577/1114
f 2779/1468/2676 1132/579/1116 2777/1466/2674
f 1132/579/1116 2779/1468/2676 1134/581/1118
f 2780/1469/2677 1135/582/1119 1134/581/1118
f 1134/581/1118 2779/1468/2676 2780/1469/2677
f 2779/1468/2676 2768/1457/2668 2780/1469/2677
f 2780/1469/2677 2768/1457/2668 2778/1467/2675
f 2778/1467/2675 1135/582/1119 2780/1469/2677
f 1128/575/1112 1138/585/1122 1126/573/1110
f 2778/1467/2675 1138/585/1122 1135/582/1119
f 2759/1448/2659 1138/585/1122 2778/1467/2675
f 1126/573/1110 1138/585/1122 2759/1448/2659
f 1126/573/1110 2759/1448/2659 1124/571/1108
f 1124/571/1108 2759/1448/2659 2760/1450/2661
f 2760/1450/2661 2763/1452/2663 1124/571/1108
f 1124/571/1108 2763/1452/2663 1122/570/1107
f 2763/1452/2663 2764/1453/2664 2781/1470/2678
f 2763/1452/2663 2781/1470/2678 1122/570/1107
f 1122/570/1107 2782/1471/2679 1121/568/1105
f 1122/570/1107 2781/1470/2678 2782/1471/2679
f 2765/1454/2665 2781/1470/2678 2764/1453/2664
f 2783/1472/2680 2781/1470/2678 2765/1454/2665
f 2783/1472/2680 2782/1471/2679 2781/1470/2678
f 2784/1473/2681 2782/1471/2679 2783/1472/2680
f 1121/568/1105 2782/1471/2679 2785/1474/2682
f 2784/1473/2681 2785/1474/2682 2782/1471/2679
f 2786/1475/2683 2785/1474/2682 2784/1473/2681
f 2787/1476/2684 2789/1477/2685 2788/1478/2686
f 2787/1476/2684 2790/443/2687 2789/1477/2685
f 2789/1477/2685 2790/443/2687 2791/441/2688
f 908/461/902 2791/441/2688 907/439/900
f 2789/1477/2685 2791/441/2688 908/461/902
f 2788/1478/2686 2789/1477/2685 2792/1479/2689
f 908/461/902 2792/1479/2689 2789/1477/2685
f 2793/1480/2690 2794/1481/2691 1121/568/1105
f 1121/568/1105 2794/1481/2691 1123/569/1106
f 1121/568/1105 2785/1474/2682 2793/1480/2690
f 2788/1478/2686 2792/1479/2689 2786/1475/2683
f 2786/1475/2683 2792/1479/2689 2785/1474/2682
f 2793/1480/2690 2785/1474/2682 2792/1479/2689
f 2793/1480/2690 2792/1479/2689 908/461/902
f 908/461/902 2795/462/2692 2793/1480/2690
f 2793/1480/2690 2795/462/2692 2794/1481/2691
f 2794/1481/2691 2796/1482/2693 1123/569/1106
f 1123/569/1106 2796/1482/2693 1125/572/1109
f 1129/576/1113 2797/1483/2694 1140/587/1124
f 2798/1484/2695 2797/1483/2694 1129/576/1113
f 1127/574/1111 2798/1484/2695 1129/576/1113
f 912/463/905 2794/1481/2691 2795/462/2692
f 2796/1482/2693 2794/1481/2691 912/463/905
f 2799/1485/2696 2798/1484/2695 1127/574/1111
f 1127/574/1111 1125/572/1109 2799/1485/2696
f 2799/1485/2696 1125/572/1109 2796/1482/2693
f 2796/1482/2693 912/463/905 2799/1485/2696
f 2800/1486/2697 912/463/905 913/459/906
f 2799/1485/2696 912/463/905 2800/1486/2697
f 2799/1485/2696 2801/1486/2698 2798/1484/2695
f 2798/1484/2695 2802/1487/2699 2797/1483/2694
f 2798/1484/2695 2801/1486/2698 2802/1487/2699
f 2803/459/2700 2802/1487/2699 2801/1486/2698
s 0
f 2804/457/2701 2806/1487/2701 2805/459/2701
s 1
f 2797/1483/2694 2802/1487/2699 2807/1488/2702
f 2802/1487/2699 901/457/894 2807/1488/2702
f 2807/1488/2702 901/457/894 899/455/892
f 895/451/888 2808/1489/2703 897/453/890
f 2808/1489/2703 899/455/892 897/453/890
f 2807/1488/2702 899/455/892 2808/1489/2703
f 2808/1489/2703 2797/1483/2694 2807/1488/2702
f 1140/587/1124 1017/551/1005 1012/546/1000
f 2797/1483/2694 1017/551/1005 1140/587/1124
f 1017/551/1005 2797/1483/2694 2808/1489/2703
f 1017/551/1005 2808/1489/2703 1018/552/1006
f 1018/552/1006 2808/1489/2703 1019/553/1007
f 1019/553/1007 2808/1489/2703 895/451/888
f 1007/541/995 1014/548/1002 1003/537/991
f 1015/549/1003 2809/1490/2704 1014/548/1002
f 1003/537/991 1014/548/1002 2809/1490/2704
f 1003/537/991 2809/1490/2704 1005/538/992
f 1005/538/992 2809/1490/2704 2729/1419/2629
f 895/451/888 893/449/886 1019/553/1007
f 1019/553/1007 893/449/886 1016/550/1004
f 893/449/886 2810/448/2705 1016/550/1004
f 1016/550/1004 2810/448/2705 1015/549/1003
f 2810/448/2705 889/446/883 1015/549/1003
f 2811/1491/2706 2809/1490/2704 1015/549/1003
f 1015/549/1003 889/446/883 2811/1491/2706
f 889/446/883 890/445/882 2812/1492/2707
f 889/446/883 2812/1492/2707 2811/1491/2706
f 2811/1491/2706 2729/1419/2629 2809/1490/2704
f 2811/1491/2706 2812/1492/2707 2813/1493/2708
f 2813/1493/2708 2729/1419/2629 2811/1491/2706
f 2729/1419/2629 2813/1493/2708 2730/1420/2630
f 2730/1420/2630 2813/1493/2708 2814/1494/2709
f 2813/1493/2708 2812/1492/2707 2814/1494/2709
f 2814/1494/2709 2812/1492/2707 2815/1495/2710
f 2812/1492/2707 890/445/882 2815/1495/2710
f 2815/1495/2710 890/445/882 2816/1496/2711
f 2817/1497/880 2819/1498/2712 2818/1499/879
f 2818/1499/879 2819/1498/2712 2820/1500/2713
f 2821/1501/2714 2820/1500/2713 2819/1498/2712
f 2822/1502/2715 2820/1500/2713 2821/1501/2714
f 2823/1503/2716 2822/1502/2715 2824/1504/2717
f 2824/1504/2717 2822/1502/2715 2821/1501/2714
f 2825/1505/2718 2823/1503/2716 2826/1506/2719
f 2826/1506/2719 2823/1503/2716 2824/1504/2717
f 2827/1507/2720 2829/1504/2721 2828/1501/2722
f 2830/1508/2723 2829/1504/2721 2827/1507/2720
f 2829/1504/2721 2830/1508/2723 2831/1506/2724
f 2831/1506/2724 2830/1508/2723 2832/1509/2725
f 2831/1506/2724 2832/1509/2725 2833/1510/2726
f 2834/1510/2727 2825/1505/2718 2826/1506/2719
f 2835/1511/2728 2825/1505/2718 2834/1510/2727
f 2816/1496/2711 2836/1512/2729 2815/1495/2710
f 2815/1495/2710 2836/1512/2729 2837/1513/2730
f 2837/1513/2730 2836/1512/2729 2838/1514/2731
f 2838/1514/2731 2836/1512/2729 2839/1515/2732
f 2839/1515/2732 2840/1516/2733 2838/1514/2731
f 2838/1514/2731 2840/1516/2733 2841/1517/2734
f 2841/1517/2734 2840/1516/2733 2842/1518/2735
f 2842/1518/2735 2840/1516/2733 2843/1519/2736
f 2842/1518/2735 2843/1519/2736 2844/1520/2737
f 2844/1520/2737 2843/1519/2736 2845/1521/2738
f 2834/1510/2727 2846/1522/2739 2835/1511/2728
f 2847/1523/2740 2846/1522/2739 2834/1510/2727
f 2848/1522/2741 2850/1523/2742 2849/1524/2743
f 2849/1524/2743 2850/1523/2742 2851/1525/2744
f 2849/1524/2743 2851/1525/2744 2852/1526/2745
f 2852/1526/2745 2851/1525/2744 2853/1527/2746
f 2853/1527/2746 2845/1521/2738 2852/1526/2745
f 2844/1520/2737 2845/1521/2738 2853/1527/2746
f 2853/1527/2746 2854/1528/2747 2844/1520/2737
f 2855/477/2748 2857/475/2749 2856/476/2750
f 2856/476/2750 2857/475/2749 2858/474/2751
f 2859/480/2752 2861/479/2753 2860/478/2754
f 2862/1529/2755 2864/1530/2756 2863/1531/2757
f 2865/1532/2758 2864/1530/2756 2862/1529/2755
f 2866/1533/2759 2865/1532/2758 2867/1534/2760
f 2867/1534/2760 2865/1532/2758 2868/1529/2761
f 2869/1535/2762 2871/1536/2763 2870/1537/2764
f 2872/1538/2765 2869/1535/2762 2870/1537/2764
f 2873/1539/2766 2875/1540/2767 2874/1541/2768
f 2876/1542/2769 2875/1540/2767 2873/1539/2766
f 2877/1543/2770 2879/1542/2771 2878/1539/2772
f 2880/1544/2773 2879/1542/2771 2877/1543/2770
f 2881/1545/2774 2883/1544/2775 2882/1543/2776
f 2884/1546/2777 2886/1547/2778 2885/1548/2779
f 2885/1548/2779 2886/1547/2778 2887/1549/2780
f 2888/1550/2781 2889/1551/2782 2881/1545/2774
f 2881/1545/2774 2889/1551/2782 2886/1547/2778
f 2890/1552/2783 2892/1553/2784 2891/1554/2785
f 2891/1554/2785 2892/1553/2784 2893/1555/2786
f 2893/1555/2786 2892/1553/2784 2887/1549/2780
f 2886/1547/2778 2889/1551/2782 2887/1549/2780
f 2887/1549/2780 2889/1551/2782 2893/1555/2786
f 2889/1551/2782 2891/1554/2785 2893/1555/2786
f 2894/1556/2787 2891/1554/2785 2889/1551/2782
f 2888/1550/2781 2894/1556/2787 2889/1551/2782
f 2895/1557/2788 2894/1556/2787 2888/1550/2781
f 2896/1558/2789 2897/1559/2790 2895/1557/2788
f 2895/1557/2788 2897/1559/2790 2894/1556/2787
f 2898/1560/2791 2900/1561/2792 2899/1562/2793
f 2899/1562/2793 2902/1561/2794 2901/1563/2795
f 2903/1564/2796 2905/1565/2797 2904/1566/2798
f 2904/1566/2798 2905/1565/2797 2906/1567/2799
f 2905/1565/2797 2907/1568/2800 2906/1567/2799
f 2908/502/2801 2910/501/2802 2909/500/2803
f 2909/500/2803 2910/501/2802 2911/503/2804
f 2912/504/2805 2909/500/2803 2911/503/2804
f 2913/505/2806 2912/504/2805 2911/503/2804
f 2914/506/2807 2916/504/2808 2915/505/2809
f 2917/507/2810 2914/506/2807 2915/505/2809
f 2917/507/2810 2915/505/2809 2918/508/2811
f 2918/508/2811 2915/505/2809 2919/509/2812
f 2918/508/2811 2919/509/2812 2920/510/2813
f 2920/510/2813 2919/509/2812 2921/511/2814
f 2920/510/2813 2921/511/2814 2922/512/2815
f 2922/512/2815 2921/511/2814 2923/513/2816
f 2922/512/2815 2923/513/2816 2924/514/2817
f 2924/514/2817 2923/513/2816 2925/515/2818
f 2925/515/2818 2926/516/2819 2924/514/2817
f 2927/517/2820 2926/516/2819 2925/515/2818
f 2926/516/2819 2927/517/2820 2928/518/2821
f 2928/518/2821 2927/517/2820 2929/519/2822
f 2928/518/2821 2929/519/2822 2930/520/2823
f 2930/520/2823 2929/519/2822 2931/521/2824
f 2930/520/2823 2931/521/2824 2932/522/2825
f 2932/522/2825 2931/521/2824 2933/523/2826
f 2933/523/2826 2934/524/2827 2932/522/2825
f 2932/522/2825 2934/524/2827 2935/525/2828
f 2936/526/2829 2935/525/2828 2934/524/2827
f 2937/527/2830 2935/525/2828 2936/526/2829
f 2908/502/2801 2938/528/2831 2910/501/2802
s 0
f 2939/501/2832 2941/528/2832 2940/529/2832
s 1
f 2936/526/2829 2942/530/2833 2937/527/2830
f 2937/527/2830 2942/530/2833 2943/531/2834
f 2943/531/2834 2942/530/2833 2944/532/2835
f 2945/532/2836 2947/530/2837 2946/533/2838
f 2948/528/2839 2950/534/2840 2949/529/2841
f 2951/535/2842 2950/534/2840 2948/528/2839
f 2950/534/2840 2951/535/2842 2952/536/2843
f 2945/532/2836 2946/533/2838 2953/536/2844
f 2952/536/2843 2954/533/2845 2950/534/2840
f 2955/1569/2846 2957/1570/2847 2956/1571/2848
f 2956/1571/2848 2957/1570/2847 2958/1572/2849
f 2957/1570/2847 2959/1573/2850 2958/1572/2849
f 2958/1572/2849 2959/1573/2850 2960/1574/2851
f 2961/1575/2852 2963/1576/2853 2962/1577/2124
f 2964/1578/2854 2966/1579/2855 2965/1580/2856
f 2967/1579/2857 2969/1581/2858 2968/1580/2859
f 2970/1576/2860 2969/1581/2858 2967/1579/2857
f 2962/1577/2124 2963/1576/2853 2971/1579/2861
f 2972/1579/2862 2960/1574/2863 2973/1577/2105
f 2958/1572/2849 2960/1574/2851 2966/1579/2855
f 2974/1582/2864 2966/1579/2855 2964/1578/2854
f 2974/1582/2864 2958/1572/2849 2966/1579/2855
f 2956/1571/2848 2958/1572/2849 2974/1582/2864
f 2956/1571/2848 2975/1570/2865 2955/1569/2846
f 2976/1572/2866 2975/1570/2865 2956/1571/2848
f 2976/1572/2866 2977/1573/2867 2975/1570/2865
f 2978/1574/2868 2977/1573/2867 2976/1572/2866
f 2979/1580/2869 2980/1579/2870 2964/1578/2854
f 2964/1578/2854 2980/1579/2870 2974/1582/2864
f 2974/1582/2864 2976/1572/2866 2956/1571/2848
f 2980/1579/2870 2976/1572/2866 2974/1582/2864
f 2980/1579/2870 2978/1574/2868 2976/1572/2866
f 2981/1577/2871 2978/1574/2872 2982/1579/2873
f 2983/1577/2874 2985/1576/2875 2984/1575/2876
f 2986/1579/2877 2985/1576/2875 2983/1577/2874
f 2987/1580/2878 2989/1581/2879 2988/1579/2880
f 2988/1579/2880 2989/1581/2879 2990/1576/2881
f 2991/1583/2882 2993/1584/2883 2992/1585/2884
f 2992/1585/2884 2993/1584/2883 2994/1586/2885
f 2995/1587/2886 2997/1588/2887 2996/1589/2888
f 2996/1589/2888 2997/1588/2887 2998/1532/2889
f 2999/1589/2890 2998/1532/2889 3000/1583/2891
f 3000/1583/2891 2998/1532/2889 3001/1590/2892
f 3002/1591/2893 3004/1592/2894 3003/1593/2895
f 2994/1586/2885 3006/1594/2896 3005/1595/2897
f 2993/1584/2883 3006/1594/2896 2994/1586/2885
f 3003/1593/2895 3007/1596/2898 3002/1591/2893
f 3002/1591/2893 3007/1596/2898 3008/1597/2899
f 3009/1598/2900 3008/1597/2899 3007/1596/2898
f 3009/1598/2900 3011/1599/2901 3010/1600/2902
f 3010/1600/2902 3008/1597/2899 3009/1598/2900
f 3010/1600/2902 3011/1599/2901 3012/1601/2903
f 3011/1599/2901 3013/1602/2904 3012/1601/2903
f 3014/1601/2905 3016/1602/2906 3015/1603/2907
f 3016/1602/2906 3017/1604/2908 3015/1603/2907
f 3015/1603/2907 3017/1604/2908 3018/1605/2909
f 3008/1597/2899 3010/1600/2902 3019/1606/2910
f 3019/1606/2910 3010/1600/2902 3012/1601/2903
f 3020/1590/2911 3021/1607/2912 2991/1583/2882
f 2991/1583/2882 3021/1607/2912 2993/1584/2883
f 2993/1584/2883 3022/1608/2913 3006/1594/2896
f 3021/1607/2912 3022/1608/2913 2993/1584/2883
f 3021/1607/2912 3023/1609/2914 3022/1608/2913
f 3020/1590/2911 3024/1610/2915 3021/1607/2912
f 3024/1610/2915 3023/1609/2914 3021/1607/2912
f 3025/1611/2916 3027/1612/2917 3026/1605/2918
f 3028/1613/2919 3024/1610/2915 3029/1614/2920
f 3029/1614/2920 3024/1610/2915 3020/1590/2911
f 3024/1610/2915 3028/1613/2919 3023/1609/2914
f 3023/1609/2914 3028/1613/2919 3027/1612/2917
f 3026/1605/2918 3027/1612/2917 3028/1613/2919
f 3030/1605/2921 3032/1613/2922 3031/1603/2923
f 3031/1603/2923 3032/1613/2922 3033/1601/2924
f 3012/1601/2903 3034/1613/2925 3019/1606/2910
f 3019/1606/2910 3034/1613/2925 3035/1614/2926
f 3001/1590/2892 3019/1606/2910 3035/1614/2926
f 2998/1532/2889 3019/1606/2910 3001/1590/2892
f 2998/1532/2889 3008/1597/2899 3019/1606/2910
f 2997/1588/2887 3008/1597/2899 2998/1532/2889
f 3008/1597/2899 2997/1588/2887 3002/1591/2893
f 3036/1615/2927 3004/1592/2894 3002/1591/2893
f 2997/1588/2887 3036/1615/2927 3002/1591/2893
f 3037/1587/2928 3036/1615/2927 2997/1588/2887
f 3036/1615/2927 3038/1616/2929 3004/1592/2894
s 0
f 3039/1617/2930 3041/1618/2930 3040/1616/2930
s 1
f 3042/1617/2931 3038/1616/2929 3036/1615/2927
f 3043/1619/2932 3044/1618/2933 3042/1617/2931
f 3045/1618/2452 3047/1619/2934 3046/1620/1091
f 2332/1143/2246 2339/1150/2253 2335/1146/2249
f 3046/1620/2935 2339/1150/2253 2332/1143/2246
f 3046/1620/2935 3048/1619/2936 2339/1150/2253
f 3048/1619/2936 2341/1152/2255 2339/1150/2253
f 3043/1619/2932 3042/1617/2931 3049/1152/2937
f 3037/1587/2928 3042/1617/2931 3036/1615/2927
f 2996/1589/2888 3050/1621/2938 2995/1587/2886
f 2995/1587/2886 3050/1621/2938 3051/1622/2939
f 3052/1622/2940 3042/1617/2931 3037/1587/2928
f 3049/1152/2937 3042/1617/2931 3052/1622/2940
f 3051/1622/2939 3054/1153/2941 3053/1152/2942
f 3050/1621/2938 3054/1153/2941 3051/1622/2939
f 3055/1621/2943 3057/1155/2944 3056/1153/2945
f 3058/1585/2946 2999/1589/2890 3000/1583/2891
f 3055/1621/2943 2999/1589/2890 3058/1585/2946
f 3058/1585/2946 3057/1155/2944 3055/1621/2943
f 2994/1586/2885 3059/1155/2947 2992/1585/2884
f 3060/1623/2948 2994/1586/2885 3005/1595/2897
f 3061/1624/2949 3059/1155/2947 2994/1586/2885
f 3061/1624/2949 2994/1586/2885 3060/1623/2948
f 3062/1623/2950 3064/1625/2438 3063/1624/2951
f 3065/1626/2437 3066/1627/2952 3064/1625/2438
f 3063/1624/2951 3064/1625/2438 3066/1627/2952
f 3063/1624/2951 3066/1627/2952 2344/1155/2258
f 3067/1628/2953 3066/1627/2952 3065/1626/2437
f 3066/1627/2952 3067/1628/2953 3068/1629/2954
f 2344/1155/2258 3066/1627/2952 3068/1629/2954
f 3068/1629/2954 2348/1159/2262 2344/1155/2258
f 3069/1630/2955 2350/1160/2263 2348/1159/2262
f 2348/1159/2262 3068/1629/2954 3069/1630/2955
f 3068/1629/2954 3067/1628/2953 3070/1631/2956
f 3069/1630/2955 3068/1629/2954 3070/1631/2956
f 3071/1632/2957 2347/1157/2260 2345/1156/2259
f 3072/1633/2958 3073/1627/2959 3065/1626/2437
f 3065/1626/2437 3073/1627/2959 3067/1628/2953
f 3071/1632/2957 2345/1156/2259 3074/1634/2960
f 3074/1634/2960 2345/1156/2259 2351/1162/2265
f 3074/1634/2960 2351/1162/2265 3075/1635/2961
f 3075/1635/2961 2351/1162/2265 2350/1160/2263
f 3075/1635/2961 2350/1160/2263 3076/1636/2962
f 3076/1636/2962 2350/1160/2263 3069/1630/2955
f 3077/1637/2963 3067/1628/2953 3073/1627/2959
f 3070/1631/2956 3067/1628/2953 3077/1637/2963
f 3070/1631/2956 3077/1637/2963 3069/1630/2955
f 3069/1630/2955 3077/1637/2963 3076/1636/2962
f 3078/1638/2964 3080/1639/2965 3079/1640/2966
f 3081/1641/2967 3078/1638/2964 3079/1640/2966
f 3082/1642/2968 3084/1643/2969 3083/1644/2970
f 3083/1644/2970 3084/1643/2969 3085/1645/2971
f 3085/1645/2971 3086/1646/2972 3083/1644/2970
f 3081/1641/2967 3086/1646/2972 3085/1645/2971
f 3087/1645/2973 3078/1638/2964 3081/1641/2967
f 3078/1638/2964 3087/1645/2973 3088/1647/2974
f 3089/1648/2975 3078/1638/2964 3088/1647/2974
f 3090/1649/2976 3078/1638/2964 3089/1648/2975
f 3090/1649/2976 3080/1639/2965 3078/1638/2964
f 3090/1649/2976 3091/1650/2977 3080/1639/2965
f 3080/1639/2965 3091/1650/2977 3092/1651/2978
f 3093/1652/2979 3095/1653/2980 3094/1654/2981
f 3096/1655/2982 3095/1653/2980 3093/1652/2979
f 3096/1655/2982 3097/1656/2983 3095/1653/2980
f 3098/1657/2984 3097/1656/2983 3096/1655/2982
f 3097/1656/2983 3098/1657/2984 3099/1658/2985
f 3099/1658/2985 3098/1657/2984 3100/1659/2986
f 3100/1659/2986 3101/1660/2987 3099/1658/2985
f 3102/1661/2988 3103/1662/2989 3091/1650/2977
f 3104/1663/2990 3103/1662/2989 3102/1661/2988
f 3105/1664/2991 3104/1663/2990 3102/1661/2988
f 3106/1665/2992 3104/1663/2990 3105/1664/2991
f 3106/1665/2992 3105/1664/2991 3107/1666/2993
f 3107/1666/2993 3105/1664/2991 3108/1667/2994
f 3109/1668/2995 3107/1666/2993 3108/1667/2994
f 3110/1669/2996 3107/1666/2993 3109/1668/2995
f 3111/1670/2997 3110/1669/2996 3109/1668/2995
f 3100/1659/2986 3110/1669/2996 3111/1670/2997
f 3111/1670/2997 3101/1660/2987 3100/1659/2986
f 3111/1670/2997 3112/1671/2998 3101/1660/2987
f 3113/1672/2999 3112/1671/2998 3111/1670/2997
f 3113/1672/2999 3114/1673/3000 3112/1671/2998
f 3115/1674/3001 3114/1673/3000 3113/1672/2999
f 3115/1674/3001 2731/1421/2631 3114/1673/3000
f 3114/1673/3000 2731/1421/2631 2732/1423/2633
f 3116/1675/3002 3117/1676/3003 2735/1425/2635
f 2735/1425/2635 3117/1676/3003 2734/1424/2634
f 3116/1675/3002 3118/1677/3004 3117/1676/3003
f 3117/1676/3003 3118/1677/3004 3119/1678/3005
f 3114/1673/3000 2732/1423/2633 3120/1679/3006
f 3120/1679/3006 2732/1423/2633 3121/1680/3007
f 3119/1678/3005 3122/1681/3008 3117/1676/3003
f 3117/1676/3003 3122/1681/3008 3121/1680/3007
f 2732/1423/2633 2734/1424/2634 3121/1680/3007
f 3121/1680/3007 2734/1424/2634 3117/1676/3003
f 3123/341/3009 3125/339/3010 3124/342/3011
f 3126/343/3012 3128/344/3013 3127/341/3014
f 3127/341/3014 3128/344/3013 3129/339/3015
f 3130/345/3016 3132/346/3017 3131/343/3018
f 3131/343/3018 3132/346/3017 3133/344/3019
f 3124/342/3011 3125/339/3010 3134/340/3020
f 3135/342/3021 3137/340/3022 3136/348/3023
f 3136/348/3023 3137/340/3022 3138/347/3024
f 3132/346/3017 3139/353/3025 3133/344/3019
f 3140/351/3026 3142/352/3027 3141/353/3028
s 0
f 3143/344/3029 3145/353/3029 3144/352/3029
s 1
f 3128/344/3013 3142/352/3027 3129/339/3015
f 3129/339/3015 3142/352/3027 3140/351/3026
f 3146/351/3030 3148/349/3031 3147/350/3032
f 3147/350/3032 3149/339/3033 3146/351/3030
f 3150/340/3034 3149/339/3033 3147/350/3032
f 3137/340/3022 3151/350/3035 3138/347/3024
f 3138/347/3024 3151/350/3035 3152/349/3036
f 3153/612/3037 3155/610/3038 3154/611/3039
f 3156/611/3040 3158/610/3041 3157/609/3042
f 3159/614/3043 3160/613/3044 3157/609/3042
s 0
f 3161/609/3045 3163/613/3045 3162/611/3045
s 1
f 3159/614/3043 3165/615/3046 3164/613/3047
f 3164/613/3047 3165/615/3046 3166/616/3048
f 3165/615/3046 3167/617/3049 3166/616/3048
f 3166/616/3048 3167/617/3049 3168/618/3050
f 3153/612/3037 3154/611/3039 3169/619/3051
f 3169/619/3051 3154/611/3039 3170/620/3052
f 3171/613/3053 3173/621/3054 3172/611/3055
f 3172/611/3055 3173/621/3054 3174/620/3056
f 3164/613/3047 3166/616/3048 3173/621/3054
f 3173/621/3054 3166/616/3048 3175/622/3057
f 3166/616/3048 3168/618/3050 3175/622/3057
f 3175/622/3057 3168/618/3050 3176/623/3058
f 3173/621/3054 3177/625/3059 3174/620/3056
f 3174/620/3056 3177/625/3059 3178/624/3060
f 3173/621/3054 3175/622/3057 3177/625/3059
f 3177/625/3059 3175/622/3057 3179/626/3061
f 3175/622/3057 3176/623/3058 3180/626/3062
f 3180/626/3062 3176/623/3058 3181/627/3063
f 3182/629/3064 3183/628/3065 3181/627/3063
f 3181/627/3063 3183/628/3065 3180/626/3062
f 3184/628/3066 3185/630/3067 3179/626/3061
f 3179/626/3061 3185/630/3067 3177/625/3059
f 3185/630/3067 3186/631/3068 3177/625/3059
f 3177/625/3059 3186/631/3068 3178/624/3060
f 3187/631/3069 3189/632/3070 3188/624/3071
f 3190/635/3072 3192/634/3073 3191/633/3074
f 3193/637/3075 3194/636/3076 3192/634/3073
f 3195/633/3077 3197/634/3078 3196/636/3079
f 3196/636/3079 3198/639/3080 3195/633/3077
f 3195/633/3077 3198/639/3080 3199/638/3081
f 3200/642/3082 3202/641/3083 3201/640/3084
f 3203/643/3085 3202/641/3083 3200/642/3082
f 3203/643/3085 3200/642/3082 3204/644/3086
f 3204/644/3086 3200/642/3082 3205/645/3087
f 3199/638/3081 3204/644/3086 3205/645/3087
f 3198/639/3080 3204/644/3086 3199/638/3081
f 3206/646/3088 3208/637/3089 3207/632/3090
f 3209/647/3091 3194/636/3076 3193/637/3075
f 3210/647/3092 3212/637/3093 3211/646/3094
f 3209/647/3091 3213/639/3095 3194/636/3076
f 3214/648/3096 3215/644/3097 3213/639/3095
f 3214/648/3096 3213/639/3095 3209/647/3091
f 3216/649/3098 3210/647/3092 3211/646/3094
f 3217/648/3099 3210/647/3092 3216/649/3098
f 3216/649/3098 3218/650/3100 3217/648/3099
f 3219/651/3101 3215/644/3097 3214/648/3096
f 3217/648/3099 3218/650/3100 3220/651/3102
f 3219/651/3101 3221/643/3103 3215/644/3097
f 3222/652/3104 3220/651/3102 3218/650/3100
f 3222/652/3104 3224/654/3105 3223/653/3106
f 3223/653/3106 3220/651/3102 3222/652/3104
f 3225/653/3107 3221/643/3103 3219/651/3101
f 3226/656/3108 3228/654/3109 3227/655/3110
f 3223/653/3106 3224/654/3105 3229/657/3111
f 3230/657/3112 3228/654/3109 3226/656/3108
f 3231/656/3113 3233/640/3114 3232/657/3115
f 3232/657/3115 3233/640/3114 3234/641/3116
f 3235/657/3117 3236/641/3118 3225/653/3107
f 3225/653/3107 3236/641/3118 3221/643/3103
f 3237/341/3119 3239/339/3120 3238/342/3121
f 3240/343/3122 3242/344/3123 3241/341/3124
f 3241/341/3124 3242/344/3123 3243/339/3125
f 3244/345/3126 3246/346/3127 3245/343/3128
f 3245/343/3128 3246/346/3127 3247/344/3129
f 3238/342/3121 3239/339/3120 3248/340/3130
f 3249/342/3131 3251/340/3132 3250/348/3133
f 3250/348/3133 3251/340/3132 3252/347/3134
f 3252/347/3134 3251/340/3132 3253/349/3135
f 3248/340/3130 3239/339/3120 3254/350/3136
f 3253/349/3135 3251/340/3132 3255/350/3137
f 3256/351/3138 3257/349/3139 3254/350/3136
f 3254/350/3136 3239/339/3120 3256/351/3138
f 3243/339/3125 3242/344/3123 3258/351/3140
f 3258/351/3140 3242/344/3123 3259/352/3141
f 3247/344/3129 3246/346/3127 3260/352/3142
f 3260/352/3142 3246/346/3127 3261/353/3143
s 0
f 3262/351/3144 3264/352/3144 3263/353/3144
s 1
f 3265/341/3145 3267/339/3146 3266/342/3147
f 3268/343/3148 3270/344/3149 3269/341/3150
f 3269/341/3150 3270/344/3149 3271/339/3151
f 3272/345/3152 3274/346/3153 3273/343/3154
f 3273/343/3154 3274/346/3153 3275/344/3155
f 3266/342/3147 3267/339/3146 3276/340/3156
f 3277/342/3157 3279/340/3158 3278/348/3159
f 3278/348/3159 3279/340/3158 3280/347/3160
f 3280/347/3160 3279/340/3158 3281/349/3161
f 3276/340/3156 3267/339/3146 3282/350/3162
f 3281/349/3161 3279/340/3158 3283/350/3163
s 0
f 3284/351/3164 3286/349/3164 3285/350/3164
s 1
f 3282/350/3162 3267/339/3146 3287/351/3165
f 3271/339/3151 3270/344/3149 3288/351/3166
f 3288/351/3166 3270/344/3149 3289/352/3167
f 3275/344/3155 3274/346/3153 3290/352/3168
f 3290/352/3168 3274/346/3153 3291/353/3169
f 3292/351/3170 3294/352/3170 3293/353/3170
f 3295/341/3171 3297/339/3172 3296/342/3173
f 3298/343/3174 3300/344/3175 3299/341/3176
f 3299/341/3176 3300/344/3175 3301/339/3177
f 3302/345/3178 3304/346/3179 3303/343/3180
f 3303/343/3180 3304/346/3179 3305/344/3181
f 3296/342/3173 3297/339/3172 3306/340/3182
f 3307/342/3183 3309/340/3184 3308/348/3185
f 3308/348/3185 3309/340/3184 3310/347/3186
f 3310/347/3186 3309/340/3184 3311/349/3187
f 3306/340/3182 3297/339/3172 3312/350/3188
f 3311/349/3187 3309/340/3184 3313/350/3189
s 0
f 3314/351/3190 3316/349/3190 3315/350/3190
s 1
f 3312/350/3188 3297/339/3172 3317/351/3191
f 3301/339/3177 3300/344/3175 3318/351/3192
f 3318/351/3192 3300/344/3175 3319/352/3193
f 3305/344/3181 3304/346/3179 3320/352/3194
f 3320/352/3194 3304/346/3179 3321/353/3195
s 0
f 3322/351/3196 3324/352/3196 3323/353/3196
s 1
f 3325/660/3197 3327/659/3198 3326/658/3199
f 3326/658/3199 3327/659/3198 3328/661/3200
f 3329/664/3201 3331/663/3202 3330/662/3203
f 3330/662/3203 3331/663/3202 3332/665/3204
f 3333/663/3205 3335/666/3206 3334/665/3207
f 3334/665/3207 3335/666/3206 3336/667/3208
f 3335/666/3206 3338/668/3209 3337/667/3210
f 3337/667/3210 3338/668/3209 3339/669/3211
f 3340/670/3212 3339/669/3211 3338/668/3209
f 3340/670/3212 3342/672/3213 3341/671/3214
f 3341/671/3214 3339/669/3211 3340/670/3212
f 3330/662/3203 3332/665/3204 3343/673/3215
f 3344/673/3216 3334/665/3207 3345/674/3217
f 3336/667/3208 3345/674/3217 3334/665/3207
f 3339/669/3211 3346/674/3066 3337/667/3210
f 3339/669/3211 3341/671/3214 3346/674/3066
f 3346/674/3066 3341/671/3214 3347/675/3218
f 3341/671/3214 3348/677/3219 3347/675/3218
f 3347/675/3218 3348/677/3219 3349/676/3220
f 3341/671/3214 3342/672/3213 3348/677/3219
f 3350/679/3221 3351/678/3222 3328/661/3200
f 3328/661/3200 3351/678/3222 3326/658/3199
f 3326/658/3199 3351/678/3222 3352/680/3223
f 3353/682/3224 3354/681/3225 3351/678/3222
f 3351/678/3222 3354/681/3225 3352/680/3223
f 3349/676/3220 3356/684/3226 3355/683/3227
f 3348/677/3219 3356/684/3226 3349/676/3220
f 3357/685/3228 3359/681/3229 3358/682/3230
f 3360/686/3231 3362/681/3232 3361/685/3233
f 3363/687/3234 3354/681/3225 3364/686/3235
f 3365/688/3236 3354/681/3225 3363/687/3234
f 3366/687/3237 3368/689/3238 3367/688/3239
f 3367/688/3239 3368/689/3238 3356/684/3226
f 3356/684/3226 3348/677/3219 3367/688/3239
f 3365/688/3236 3348/677/3219 3342/672/3213
f 3365/688/3236 3342/672/3213 3354/681/3225
f 3354/681/3225 3342/672/3213 3352/680/3223
f 3342/672/3213 3326/658/3199 3352/680/3223
f 3340/670/3212 3326/658/3199 3342/672/3213
f 3326/658/3199 3340/670/3212 3325/660/3197
f 3325/660/3197 3340/670/3212 3338/668/3209
f 3338/668/3209 3335/666/3206 3325/660/3197
f 3325/660/3197 3335/666/3206 3369/690/3240
f 3369/690/3240 3335/666/3206 3370/691/3241
f 3370/691/3241 3335/666/3206 3333/663/3205
f 3329/664/3201 3371/692/3242 3331/663/3202
f 3331/663/3202 3371/692/3242 3370/691/3241
f 3371/692/3242 3372/693/3243 3370/691/3241
f 3370/691/3241 3372/693/3243 3373/694/3244
f 3374/697/3245 3376/696/3246 3375/695/3247
f 3377/694/3248 3378/698/3249 3374/697/3245
f 3374/697/3245 3378/698/3249 3376/696/3246
f 3375/695/3247 3376/696/3246 3379/699/3250
f 3380/699/3251 3382/700/3252 3381/695/3253
f 3383/701/3254 3382/700/3252 3380/699/3251
f 3380/699/3251 3384/702/3255 3383/701/3254
f 3372/693/3243 3385/698/3256 3373/694/3244
f 3386/703/3257 3385/698/3256 3372/693/3243
f 3387/704/3258 3385/698/3256 3386/703/3257
f 3388/705/3259 3384/702/3255 3380/699/3251
f 3389/705/3260 3379/699/3250 3390/706/3261
f 3390/706/3261 3379/699/3250 3376/696/3246
f 3391/707/3262 3385/698/3256 3387/704/3258
f 3392/707/3263 3376/696/3246 3378/698/3249
f 3390/706/3261 3376/696/3246 3392/707/3263
f 3387/704/3258 3393/708/3264 3391/707/3262
f 3392/707/3263 3394/709/3265 3390/706/3261
f 3391/707/3262 3393/708/3264 3395/709/3266
f 3396/710/3267 3398/709/3268 3397/708/3269
f 3390/706/3261 3394/709/3265 3399/711/3270
f 3400/711/3271 3398/709/3268 3396/710/3267
f 3388/705/3259 3401/712/3272 3384/702/3255
f 3402/713/3273 3401/712/3272 3388/705/3259
f 3390/706/3261 3403/713/3274 3389/705/3260
f 3399/711/3270 3403/713/3274 3390/706/3261
f 3404/712/3275 3406/713/3276 3405/710/3277
f 3405/710/3277 3406/713/3276 3407/711/3278
f 3408/716/3279 3410/715/3280 3409/714/3281
f 3409/714/3281 3410/715/3280 3411/717/3282
f 3412/718/3283 3414/714/3284 3413/717/3285
f 3415/720/3286 3416/719/3287 3410/715/3280
f 3410/715/3280 3416/719/3287 3411/717/3282
f 3417/719/3288 3412/718/3283 3413/717/3285
f 3418/722/3289 3420/721/3290 3419/718/3291
f 3421/722/3292 3412/718/3283 3417/719/3288
f 3422/724/3293 3423/723/3294 3415/720/3286
f 3415/720/3286 3423/723/3294 3416/719/3287
f 3417/719/3288 3424/723/3295 3421/722/3292
f 3425/726/3296 3426/725/3297 3418/722/3289
f 3418/722/3289 3426/725/3297 3420/721/3290
f 3421/722/3292 3424/723/3295 3427/726/3298
f 3428/724/3299 3430/727/3300 3429/723/3301
f 3429/723/3301 3430/727/3300 3431/726/3302
f 3432/726/3303 3434/727/3304 3433/725/3305
f 3433/725/3305 3434/727/3304 3435/728/3306
f 3419/718/3291 3420/721/3290 3436/729/3307
f 3437/731/3308 3439/730/3309 3438/721/3310
f 3438/721/3310 3439/730/3309 3440/729/3311
f 3441/725/3312 3437/731/3308 3438/721/3310
f 3442/728/3313 3437/731/3308 3441/725/3312
f 3443/728/3314 3445/732/3315 3444/731/3316
f 3444/731/3316 3445/732/3315 3446/733/3317
f 3444/731/3316 3446/733/3317 3447/730/3318
f 3447/730/3318 3446/733/3317 3448/734/3319
f 3366/687/3237 3448/734/3319 3368/689/3238
f 3447/730/3318 3448/734/3319 3366/687/3237
f 3439/730/3309 3363/687/3234 3440/729/3311
f 3440/729/3311 3363/687/3234 3364/686/3235
f 3360/686/3231 3419/718/3291 3436/729/3307
f 3361/685/3233 3419/718/3291 3360/686/3231
f 3357/685/3228 3414/714/3284 3412/718/3283
f 3449/736/3320 3350/679/3221 3450/735/3321
f 3451/737/3322 3351/678/3222 3350/679/3221
f 3451/737/3322 3350/679/3221 3449/736/3320
f 3351/678/3222 3452/738/3323 3353/682/3224
f 3358/682/3230 3453/738/3324 3357/685/3228
f 3357/685/3228 3453/738/3324 3414/714/3284
f 3454/738/3325 3408/716/3279 3409/714/3281
f 3455/739/3326 3408/716/3279 3454/738/3325
f 3456/738/3327 3458/740/3328 3457/739/3329
f 3459/743/3330 3461/740/3331 3460/742/3332
f 3460/742/3332 3461/740/3331 3462/741/3333
f 3463/741/3334 3458/740/3328 3456/738/3327
f 3464/741/3335 3452/738/3323 3351/678/3222
f 3351/678/3222 3466/742/3336 3465/741/3337
f 3451/737/3322 3466/742/3336 3351/678/3222
f 3449/736/3320 3467/744/3338 3451/737/3322
f 3451/737/3322 3467/744/3338 3466/742/3336
f 3460/742/3332 3468/745/3339 3459/743/3330
f 3469/744/3340 3468/745/3339 3460/742/3332
f 3469/744/3340 3470/746/3341 3468/745/3339
f 3449/736/3320 3471/747/3342 3467/744/3338
f 3472/747/3343 3470/746/3341 3469/744/3340
f 3473/748/3344 3471/747/3342 3449/736/3320
f 3450/735/3321 3473/748/3344 3449/736/3320
f 3473/748/3344 3474/749/3345 3471/747/3342
f 3475/749/3346 3470/746/3341 3472/747/3343
f 3476/750/3347 3470/746/3341 3475/749/3346
f 3477/749/3348 3479/751/3349 3478/750/3350
f 3480/751/3351 3482/753/3352 3481/752/3353
f 3483/753/3354 3479/751/3349 3477/749/3348
f 3484/753/3355 3474/749/3345 3473/748/3344
f 3481/752/3353 3482/753/3352 3485/754/3356
f 3486/752/3357 3488/754/3358 3487/755/3359
f 3487/755/3359 3490/757/3360 3489/756/3361
f 3487/755/3359 3488/754/3358 3490/757/3360
f 3473/748/3344 3491/754/3362 3484/753/3355
f 3492/757/3363 3491/754/3362 3473/748/3344
f 3492/757/3363 3473/748/3344 3450/735/3321
f 3489/756/3361 3490/757/3360 3493/735/3364
f 3489/756/3361 3493/735/3364 3494/758/3365
f 3494/758/3365 3493/735/3364 3495/679/3366
f 3370/691/3241 3373/694/3244 3369/690/3240
f 3369/690/3240 3373/694/3244 3496/697/3367
f 3369/690/3240 3496/697/3367 3325/660/3197
f 3325/660/3197 3496/697/3367 3497/695/3368
f 3497/695/3368 3498/759/3369 3325/660/3197
f 3325/660/3197 3498/759/3369 3327/659/3198
f 3327/659/3198 3498/759/3369 3499/760/3370
f 3499/760/3370 3328/661/3200 3327/659/3198
f 3498/759/3369 3500/762/3371 3499/760/3370
f 3499/760/3370 3500/762/3371 3501/761/3372
f 3501/761/3372 3502/764/3373 3499/760/3370
f 3499/760/3370 3502/764/3373 3503/763/3374
f 3503/763/3374 3328/661/3200 3499/760/3370
f 3328/661/3200 3503/763/3374 3350/679/3221
f 3504/758/3375 3506/679/3376 3505/765/3377
f 3505/765/3377 3506/679/3376 3507/763/3378
f 3508/764/3379 3510/765/3380 3509/763/3381
f 3511/766/3382 3510/765/3380 3508/764/3379
f 3501/761/3372 3512/767/3383 3502/764/3373
f 3513/767/3384 3511/766/3382 3508/764/3379
f 3514/768/3385 3511/766/3382 3513/767/3384
f 3515/769/3386 3517/695/3387 3516/700/3388
f 3518/759/3389 3517/695/3387 3515/769/3386
f 3519/769/3390 3521/762/3391 3520/759/3392
f 3522/770/3393 3521/762/3391 3519/769/3390
f 3523/772/3394 3524/771/3395 3522/770/3393
f 3522/770/3393 3524/771/3395 3521/762/3391
f 3525/771/3396 3501/761/3372 3500/762/3371
f 3526/773/3397 3512/767/3383 3501/761/3372
f 3526/773/3397 3501/761/3372 3525/771/3396
f 3526/773/3397 3527/774/3398 3512/767/3383
f 3528/774/3399 3514/768/3385 3513/767/3384
f 3529/775/3400 3514/768/3385 3528/774/3399
f 3530/774/3401 3532/776/3402 3531/775/3403
f 3533/777/3404 3527/774/3398 3526/773/3397
f 3534/777/3405 3532/776/3402 3530/774/3401
f 3535/779/3406 3536/778/3407 3523/772/3394
f 3523/772/3394 3536/778/3407 3524/771/3395
f 3525/771/3396 3537/778/3408 3526/773/3397
f 3526/773/3397 3537/778/3408 3533/777/3404
f 3538/779/3409 3540/776/3410 3539/778/3411
f 3539/778/3411 3540/776/3410 3541/777/3412
f 3542/1682/899 3544/1683/3413 3543/1684/897
f 3545/1685/3414 3547/1683/3415 3546/1682/3416
f 3548/1686/3417 3549/1685/3418 3542/1682/3419
f 3550/1687/3420 3552/1685/3421 3551/1686/3422
s 0
f 3553/1688/3423 3555/1687/3423 3554/1686/3423
s 1
f 3556/1689/3424 3558/1687/3425 3557/1688/3426
f 3559/1690/3427 3556/1689/3424 3557/1688/3426
f 3560/1691/3428 3556/1689/3424 3559/1690/3427
f 3561/1692/3429 3560/1691/3428 3559/1690/3427
f 3562/1693/3430 3564/1691/3431 3563/1692/3432
f 3565/1694/3433 3566/1695/3434 3562/1693/3430
f 3563/1692/3432 3565/1694/3433 3562/1693/3430
f 3567/1696/3435 3565/1694/3433 3563/1692/3432
f 3568/1684/2739 3570/1683/3436 3569/1682/2728
f 3571/1682/3437 3573/1683/3438 3572/1685/3439
f 3569/1682/3440 3575/1685/3441 3574/1686/3442
f 3576/1686/3443 3578/1685/3444 3577/1687/3445
s 0
f 3579/1686/3446 3581/1687/3446 3580/1688/3446
s 1
f 3582/1688/3447 3584/1687/3448 3583/1689/3449
f 3582/1688/3447 3583/1689/3449 3585/1690/3450
f 3585/1690/3450 3583/1689/3449 3586/1691/3451
f 3585/1690/3450 3586/1691/3451 3587/1692/3452
f 3588/1692/3453 3565/1694/3433 3567/1696/3435
f 3588/1692/3453 3590/1691/3454 3589/1693/3455
f 3589/1693/3455 3565/1694/3433 3588/1692/3453
f 3589/1693/3455 3566/1695/3434 3565/1694/3433
f 3591/1697/3456 3584/1687/3448 3592/1698/3457
f 3593/1698/3458 3577/1687/3445 3578/1685/3444
f 3591/1697/3456 3583/1689/3449 3584/1687/3448
f 3591/1697/3456 3586/1691/3451 3583/1689/3449
f 3594/1699/3459 3566/1695/3434 3589/1693/3455
f 3595/1699/3460 3589/1693/3455 3590/1691/3454
f 3596/1699/3461 3598/1691/3462 3597/1697/3463
f 3599/1700/3464 3601/1701/3465 3600/1702/3466
f 3600/1702/3466 3572/1685/3439 3573/1683/3438
f 3602/1698/3467 3572/1685/3439 3600/1702/3466
f 3600/1702/3466 3601/1701/3465 3602/1698/3467
f 3601/1701/3465 3603/1703/3468 3602/1698/3467
f 3602/1698/3467 3603/1703/3468 3597/1697/3463
f 3603/1703/3468 3604/1704/3469 3597/1697/3463
f 3597/1697/3463 3604/1704/3469 3596/1699/3461
f 3604/1704/3469 3605/1705/3470 3596/1699/3461
f 3596/1699/3461 3605/1705/3470 3606/1695/3471
f 3562/1693/3430 3566/1695/3434 3607/1699/3472
f 3606/1695/3471 3605/1705/3470 3608/1699/3473
f 3552/1685/3421 3550/1687/3420 3609/1698/3474
f 3610/1698/3475 3558/1687/3425 3611/1697/3476
f 3558/1687/3425 3556/1689/3424 3611/1697/3476
f 3556/1689/3424 3560/1691/3428 3611/1697/3476
f 3564/1691/3431 3562/1693/3430 3612/1699/3477
f 3613/1697/3478 3614/1691/3479 3608/1699/3473
f 3608/1699/3473 3605/1705/3470 3615/1704/3480
f 3608/1699/3473 3615/1704/3480 3613/1697/3478
f 3613/1697/3478 3617/1703/3481 3616/1698/3482
f 3613/1697/3478 3615/1704/3480 3617/1703/3481
f 3547/1683/3415 3545/1685/3414 3618/1702/3483
f 3618/1702/3483 3545/1685/3414 3616/1698/3482
f 3616/1698/3482 3617/1703/3481 3619/1701/3484
f 3616/1698/3482 3619/1701/3484 3618/1702/3483
f 3618/1702/3483 3619/1701/3484 3620/1700/3485
f 3621/1706/3486 3623/1707/3487 3622/1708/3488
f 3624/1706/3489 3626/1708/3490 3625/1709/3491
f 3605/1705/3470 3627/1709/3492 3615/1704/3480
f 3625/1709/3491 3626/1708/3490 3628/1710/3493
f 3615/1704/3480 3627/1709/3492 3629/1710/3494
f 3615/1704/3480 3629/1710/3494 3617/1703/3481
f 3626/1708/3490 3630/1711/3495 3628/1710/3493
f 3628/1710/3493 3630/1711/3495 3631/1712/3496
f 3617/1703/3481 3629/1710/3494 3631/1712/3496
f 3631/1712/3496 3632/1701/3497 3617/1703/3481
f 3630/1711/3495 3632/1701/3497 3631/1712/3496
f 3632/1701/3497 3634/1713/3498 3633/1700/3499
f 3630/1711/3495 3634/1713/3498 3632/1701/3497
f 3635/1711/3500 3637/1714/3501 3636/1713/3502
f 3622/1708/3488 3637/1714/3501 3635/1711/3500
f 3622/1708/3488 3623/1707/3487 3637/1714/3501
f 3623/1707/3487 3638/1715/3503 3637/1714/3501
f 3637/1714/3501 3638/1715/3503 3639/1716/3504
f 876/433/870 3641/1716/3505 3640/1715/3506
f 876/433/870 877/432/869 3642/1717/3507
f 3642/1717/3507 3641/1716/3505 876/433/870
f 3643/1717/3508 3645/1714/3509 3644/1716/3510
f 877/432/869 3646/1718/3511 3642/1717/3507
f 3642/1717/3507 3646/1718/3511 3647/1719/3512
f 3648/1719/3513 3645/1714/3509 3643/1717/3508
f 3648/1719/3513 3649/1720/3514 3645/1714/3509
f 3650/1721/3515 3649/1720/3514 3648/1719/3513
f 3651/1721/3516 3647/1719/3512 3652/1722/3517
f 3652/1722/3517 3647/1719/3512 3646/1718/3511
f 3646/1718/3511 872/429/865 3652/1722/3517
f 871/428/864 872/429/865 3646/1718/3511
f 877/432/869 871/428/864 3646/1718/3511
f 867/425/860 871/428/864 877/432/869
f 865/423/858 867/425/860 877/432/869
f 863/421/856 865/423/858 877/432/869
f 860/418/853 863/421/856 877/432/869
f 3653/431/3518 860/418/853 877/432/869
f 859/416/851 860/418/853 3653/431/3518
f 858/417/852 859/416/851 3654/415/3519
f 3654/415/3519 3656/418/3520 3655/419/3521
f 3654/415/3519 859/416/851 3656/418/3520
f 3655/419/3521 3656/418/3520 3657/420/3522
f 3657/420/3522 3656/418/3520 3658/421/3523
f 3657/420/3522 3658/421/3523 3659/422/3524
f 3659/422/3524 3661/423/3525 3660/424/3526
f 3659/422/3524 3658/421/3523 3661/423/3525
f 3660/424/3526 3661/423/3525 3662/425/3527
f 3663/426/3528 3660/424/3526 3662/425/3527
f 3664/426/3529 3662/425/3527 3665/427/3530
f 3665/427/3530 3662/425/3527 3666/428/3531
f 3665/427/3530 3666/428/3531 3667/430/3532
f 3668/430/3533 3666/428/3531 3669/429/3534
f 3670/431/3535 3656/418/3520 859/416/851
f 876/433/870 3671/432/3536 875/431/868
f 3671/432/3536 3656/418/3520 3670/431/3535
f 3671/432/3536 3658/421/3523 3656/418/3520
f 3671/432/3536 3661/423/3525 3658/421/3523
f 3671/432/3536 3662/425/3527 3661/423/3525
f 3671/432/3536 3666/428/3531 3662/425/3527
f 3672/1717/3537 3671/432/3536 876/433/870
f 3672/1717/3537 3673/1718/3538 3671/432/3536
f 3673/1718/3538 3666/428/3531 3671/432/3536
f 3673/1718/3538 3669/429/3534 3666/428/3531
f 3674/1722/3539 3669/429/3534 3673/1718/3538
f 3675/1719/3540 3673/1718/3538 3672/1717/3537
f 3673/1718/3538 3675/1719/3540 3674/1722/3539
f 3674/1722/3539 3675/1719/3540 3676/1721/3541
f 3677/1719/3542 3679/1720/3543 3678/1721/3544
f 3680/1714/3545 3679/1720/3543 3677/1719/3542
f 3681/1717/3546 3680/1714/3545 3677/1719/3542
f 3682/1716/3547 3680/1714/3545 3681/1717/3546
f 876/433/870 3683/1716/3548 3672/1717/3537
f 3640/1715/3506 3683/1716/3548 876/433/870
f 3684/1716/3549 3638/1715/3503 3685/1714/3550
f 3685/1714/3550 3638/1715/3503 3623/1707/3487
f 3685/1714/3550 3623/1707/3487 3686/1708/3551
f 3686/1708/3551 3623/1707/3487 3621/1706/3486
f 3625/1709/3491 3687/1708/3552 3624/1706/3489
f 3604/1704/3469 3627/1709/3492 3605/1705/3470
f 3688/1710/3553 3687/1708/3552 3625/1709/3491
f 3689/1710/3554 3627/1709/3492 3604/1704/3469
f 3688/1710/3553 3690/1711/3555 3687/1708/3552
f 3691/1711/3556 3685/1714/3550 3686/1708/3551
f 3692/1713/3557 3685/1714/3550 3691/1711/3556
f 3693/1700/3558 3695/1713/3559 3694/1701/3560
f 3694/1701/3560 3695/1713/3559 3690/1711/3555
f 3696/1712/3561 3690/1711/3555 3688/1710/3553
f 3696/1712/3561 3694/1701/3560 3690/1711/3555
f 3603/1703/3468 3694/1701/3560 3696/1712/3561
f 3696/1712/3561 3689/1710/3554 3603/1703/3468
f 3603/1703/3468 3689/1710/3554 3604/1704/3469
f 3697/1723/3562 3699/1724/3563 3698/1725/3564
f 3698/1725/3564 3699/1724/3563 3700/1726/3565
f 3700/1726/3565 3701/1727/3566 3698/1725/3564
f 3698/1725/3564 3701/1727/3566 3702/1728/3567
f 3702/1728/3567 3701/1727/3566 3703/1729/3568
f 3703/1729/3568 3701/1727/3566 3704/1730/3569
f 3703/1729/3568 3704/1730/3569 3705/1731/3570
f 3705/1731/3570 3704/1730/3569 3706/1732/3571
f 3705/1731/3570 3706/1732/3571 3707/1733/3572
f 3707/1733/3572 3706/1732/3571 3708/1734/3573
f 3707/1733/3572 3708/1734/3573 3709/1735/3574
f 3709/1735/3574 3708/1734/3573 3710/1736/3575
f 3709/1735/3574 3710/1736/3575 3711/1737/3576
f 3711/1737/3576 3710/1736/3575 3712/1738/3577
f 3711/1737/3576 3712/1738/3577 3713/1739/3578
f 3714/1740/3579 3716/1741/3580 3715/1742/3581
f 3715/1742/3581 3716/1741/3580 3717/1743/3582
f 3718/1741/3583 3720/1744/3584 3719/1743/3585
f 3719/1743/3585 3720/1744/3584 3721/1745/3586
f 3722/1746/3587 3723/1747/3588 3720/1744/3584
f 3720/1744/3584 3723/1747/3588 3721/1745/3586
f 3713/1739/3578 3724/1748/3589 3722/1746/3587
f 3722/1746/3587 3724/1748/3589 3723/1747/3588
f 3713/1739/3578 3712/1738/3577 3724/1748/3589
f 3725/1749/3590 3727/1750/3591 3726/1751/3592
f 3715/1742/3581 3728/1750/3593 3714/1740/3579
f 3726/1751/3592 3727/1750/3591 3729/1752/3594
f 3730/1752/3595 3728/1750/3593 3715/1742/3581
f 3731/1743/3596 3730/1752/3595 3715/1742/3581
f 3726/1751/3592 3729/1752/3594 3732/1753/3597
f 3732/1753/3597 3729/1752/3594 3733/1754/3598
f 3734/1754/3599 3730/1752/3595 3731/1743/3596
f 3735/1745/3600 3734/1754/3599 3731/1743/3596
f 3736/1755/3601 3734/1754/3599 3735/1745/3600
f 3737/1747/3602 3736/1755/3601 3735/1745/3600
f 3738/1756/3603 3736/1755/3601 3737/1747/3602
f 3739/1748/3604 3738/1756/3603 3737/1747/3602
f 3740/1757/3605 3738/1756/3603 3739/1748/3604
f 3741/1738/3606 3740/1757/3605 3739/1748/3604
f 3742/1758/3607 3740/1757/3605 3741/1738/3606
f 3743/1736/3608 3742/1758/3607 3741/1738/3606
f 3744/1759/3609 3742/1758/3607 3743/1736/3608
f 3745/1734/3610 3744/1759/3609 3743/1736/3608
f 3746/1760/3611 3744/1759/3609 3745/1734/3610
f 3747/1732/3612 3746/1760/3611 3745/1734/3610
f 3748/1761/3613 3746/1760/3611 3747/1732/3612
f 3749/1730/3614 3748/1761/3613 3747/1732/3612
f 3750/1762/3615 3748/1761/3613 3749/1730/3614
f 3751/1727/3616 3750/1762/3615 3749/1730/3614
f 3752/1763/3617 3754/1764/3618 3753/1765/3619
f 3754/1764/3618 3755/1766/3620 3753/1765/3619
f 3753/1765/3619 3755/1766/3620 3756/1767/3621
f 3757/1768/3622 3756/1767/3621 3758/1769/3623
f 3758/1769/3623 3756/1767/3621 3755/1766/3620
f 3759/1770/3624 3761/1771/3625 3760/1724/3626
f 3760/1724/3626 3761/1771/3625 3762/1726/3627
f 3757/1768/3622 3764/1772/3628 3763/1773/3629
f 3758/1769/3623 3764/1772/3628 3757/1768/3622
f 3765/1769/3630 3767/1770/3631 3766/1772/3632
f 3768/1771/3633 3767/1770/3631 3765/1769/3630
f 3762/1726/3627 3761/1771/3625 3751/1727/3616
f 3769/1774/3634 3750/1762/3615 3751/1727/3616
f 3751/1727/3616 3761/1771/3625 3769/1774/3634
f 3768/1771/3633 3765/1769/3630 3770/1774/3635
f 3770/1774/3635 3765/1769/3630 3771/1766/3636
f 3772/1764/3637 3770/1774/3635 3771/1766/3636
f 3773/1762/3638 3770/1774/3635 3772/1764/3637
f 3772/1764/3637 3774/1761/3639 3773/1762/3638
f 3775/1775/3640 3754/1764/3618 3752/1763/3617
f 3776/1775/3641 3774/1761/3639 3772/1764/3637
f 3777/1776/3642 3775/1775/3640 3752/1763/3617
f 3778/1777/3643 3779/1778/3644 3777/1776/3642
f 3779/1778/3644 3775/1775/3640 3777/1776/3642
f 3780/1778/3645 3774/1761/3639 3776/1775/3641
f 3781/1760/3646 3774/1761/3639 3780/1778/3645
f 3782/1779/3647 3779/1778/3644 3778/1777/3643
f 3783/1779/3648 3781/1760/3646 3780/1778/3645
f 3784/1759/3649 3781/1760/3646 3783/1779/3648
f 3785/1780/3650 3782/1779/3647 3778/1777/3643
f 3786/1781/3651 3787/1782/3652 3785/1780/3650
f 3787/1782/3652 3782/1779/3647 3785/1780/3650
f 3788/1782/3653 3784/1759/3649 3783/1779/3648
f 3789/1758/3654 3784/1759/3649 3788/1782/3653
f 3790/1783/3655 3787/1782/3652 3786/1781/3651
f 3791/1783/3656 3789/1758/3654 3788/1782/3653
f 3792/1757/3657 3789/1758/3654 3791/1783/3656
f 3793/1784/3658 3790/1783/3655 3786/1781/3651
f 3794/1785/3659 3795/1786/3660 3793/1784/3658
f 3795/1786/3660 3790/1783/3655 3793/1784/3658
f 3796/1786/3661 3792/1757/3657 3791/1783/3656
f 3797/1756/3662 3792/1757/3657 3796/1786/3661
f 3798/1787/3663 3795/1786/3660 3794/1785/3659
f 3799/1787/3664 3797/1756/3662 3796/1786/3661
f 3800/1755/3665 3797/1756/3662 3799/1787/3664
f 3801/1788/3666 3798/1787/3663 3794/1785/3659
f 3800/1755/3665 3799/1787/3664 3733/1754/3598
f 3733/1754/3598 3799/1787/3664 3732/1753/3597
f 3802/1753/3667 3798/1787/3663 3801/1788/3666
f 3802/1753/3667 3801/1788/3666 3803/1751/3668
f 3803/1751/3668 3801/1788/3666 3804/1749/3669
f 3805/1749/3670 3807/1788/3671 3806/1789/3672
f 3808/1789/3673 3810/1790/3674 3809/1749/3675
f 3811/1791/3676 3810/1790/3674 3808/1789/3673
f 3812/1792/3677 3814/1790/3678 3813/1791/3679
f 3815/1793/3680 3814/1790/3678 3812/1792/3677
f 3812/1792/3677 3816/1794/3681 3815/1793/3680
f 3817/1795/3682 3816/1794/3681 3812/1792/3677
f 3818/1795/3683 3820/1796/3684 3819/1794/3685
f 3821/1797/3686 3820/1796/3684 3818/1795/3683
f 3821/1797/3686 3822/1798/3687 3820/1796/3684
f 3820/1796/3684 3822/1798/3687 3823/1799/3587
f 3822/1798/3687 3824/1800/3688 3823/1799/3587
f 3823/1799/3587 3824/1800/3688 3825/1801/3578
f 3824/1800/3688 3826/1802/3689 3825/1801/3578
f 3825/1801/3578 3826/1802/3689 3827/1803/3576
f 3826/1802/3689 3828/1804/3690 3827/1803/3576
f 3827/1803/3576 3828/1804/3690 3829/1805/3574
f 3828/1804/3690 3830/1806/3691 3829/1805/3574
f 3829/1805/3574 3830/1806/3691 3831/1807/3572
f 3830/1806/3691 3832/1808/3692 3831/1807/3572
f 3831/1807/3572 3832/1808/3692 3833/1809/3570
f 3832/1808/3692 3834/1810/3693 3833/1809/3570
f 3833/1809/3570 3834/1810/3693 3835/1811/3568
f 3836/1812/3564 3838/1813/3694 3837/1814/3562
f 3839/1815/3695 3838/1813/3694 3836/1812/3564
f 3836/1812/3564 3840/1816/3696 3839/1815/3695
f 3841/1817/3567 3840/1816/3696 3836/1812/3564
f 3835/1811/3568 3840/1816/3696 3841/1817/3567
f 3834/1810/3693 3840/1816/3696 3835/1811/3568
f 3842/1810/3697 3844/1818/3698 3843/1816/3699
f 3842/1810/3697 3845/1819/3700 3844/1818/3698
f 3846/1808/3701 3845/1819/3700 3842/1810/3697
f 3846/1808/3701 3847/1820/3702 3845/1819/3700
f 3848/1806/3703 3847/1820/3702 3846/1808/3701
f 3848/1806/3703 3849/1821/3704 3847/1820/3702
f 3850/1804/3705 3849/1821/3704 3848/1806/3703
f 3850/1804/3705 3851/1822/3706 3849/1821/3704
f 3852/1802/3707 3851/1822/3706 3850/1804/3705
f 3852/1802/3707 3853/1823/3708 3851/1822/3706
f 3854/1800/3709 3853/1823/3708 3852/1802/3707
f 3854/1800/3709 3855/1824/3710 3853/1823/3708
f 3856/1798/3711 3855/1824/3710 3854/1800/3709
f 3857/1797/3712 3858/1825/3713 3856/1798/3711
f 3856/1798/3711 3858/1825/3713 3855/1824/3710
f 3859/1795/3714 3860/1826/3715 3857/1797/3712
f 3857/1797/3712 3860/1826/3715 3858/1825/3713
f 3812/1792/3677 3813/1791/3679 3859/1795/3714
f 3859/1795/3714 3813/1791/3679 3860/1826/3715
f 3806/1789/3672 3807/1788/3671 3861/1827/3716
f 3862/1827/3717 3811/1791/3676 3808/1789/3673
f 3863/1826/3718 3811/1791/3676 3862/1827/3717
f 3864/1784/3719 3866/1828/3720 3865/1785/3721
f 3865/1785/3721 3866/1828/3720 3867/1829/3722
f 3865/1785/3721 3867/1829/3722 3807/1788/3671
f 3807/1788/3671 3867/1829/3722 3861/1827/3716
f 3862/1827/3717 3868/1829/3723 3863/1826/3718
f 3863/1826/3718 3868/1829/3723 3869/1825/3724
f 3868/1829/3723 3870/1824/3725 3869/1825/3724
f 3871/1828/3726 3870/1824/3725 3868/1829/3723
f 3872/1780/3727 3874/1830/3728 3873/1781/3729
f 3873/1781/3729 3874/1830/3728 3875/1831/3730
f 3873/1781/3729 3875/1831/3730 3864/1784/3719
f 3864/1784/3719 3875/1831/3730 3866/1828/3720
f 3871/1828/3726 3876/1823/3731 3870/1824/3725
f 3877/1831/3732 3876/1823/3731 3871/1828/3726
f 3877/1831/3732 3878/1822/3733 3876/1823/3731
f 3879/1830/3734 3878/1822/3733 3877/1831/3732
f 3880/1776/3735 3882/1832/3736 3881/1777/3737
f 3881/1777/3737 3882/1832/3736 3883/1833/3738
f 3881/1777/3737 3883/1833/3738 3872/1780/3727
f 3872/1780/3727 3883/1833/3738 3874/1830/3728
f 3879/1830/3734 3884/1821/3739 3878/1822/3733
f 3885/1833/3740 3884/1821/3739 3879/1830/3734
f 3885/1833/3740 3886/1820/3741 3884/1821/3739
f 3887/1832/3742 3886/1820/3741 3885/1833/3740
f 3888/1765/3743 3890/1834/3744 3889/1763/3745
f 3889/1763/3745 3890/1834/3744 3891/1835/3746
f 3889/1763/3745 3891/1835/3746 3880/1776/3735
f 3880/1776/3735 3891/1835/3746 3882/1832/3736
f 3887/1832/3742 3892/1819/3747 3886/1820/3741
f 3893/1835/3748 3892/1819/3747 3887/1832/3742
f 3894/1834/3749 3892/1819/3747 3893/1835/3748
f 3895/1818/3750 3892/1819/3747 3894/1834/3749
f 3896/1767/3751 3897/1836/3752 3888/1765/3743
f 3888/1765/3743 3897/1836/3752 3890/1834/3744
f 3897/1836/3752 3896/1767/3751 3898/1837/3753
f 3898/1837/3753 3896/1767/3751 3899/1768/3754
f 3900/1815/3755 3902/1838/3756 3901/1813/3757
f 3901/1813/3757 3902/1838/3756 3903/1839/3758
f 3904/1773/3759 3905/1840/3760 3899/1768/3754
f 3899/1768/3754 3905/1840/3760 3898/1837/3753
f 3906/1840/3761 3908/1839/3762 3907/1837/3763
f 3907/1837/3763 3908/1839/3762 3909/1838/3764
f 3843/1816/3699 3844/1818/3698 3910/1841/3765
f 3894/1834/3749 3911/1841/3766 3895/1818/3750
f 3912/1836/3767 3911/1841/3766 3894/1834/3749
f 3843/1816/3699 3902/1838/3756 3900/1815/3755
f 3910/1841/3765 3902/1838/3756 3843/1816/3699
f 3912/1836/3767 3907/1837/3763 3911/1841/3766
f 3911/1841/3766 3907/1837/3763 3909/1838/3764
f 3913/1842/3768 3915/1843/3769 3914/1844/3770
f 3913/1842/3768 3914/1844/3770 3916/1845/3771
f 3916/1845/3771 3914/1844/3770 3917/1846/3772
f 3918/1847/3773 3920/1846/3774 3919/1848/1792
f 3921/1847/3775 3923/1845/3776 3922/1846/3777
f 3924/1849/3778 3923/1845/3776 3921/1847/3775
f 3925/1850/3779 3927/1851/3780 3926/1852/3781
f 3927/1851/3780 3928/1853/3782 3926/1852/3781
f 3929/1854/3783 3928/1853/3782 3927/1851/3780
f 3924/1849/3778 3929/1854/3783 3923/1845/3776
f 3923/1845/3776 3929/1854/3783 3927/1851/3780
f 3927/1851/3780 3913/1842/3768 3916/1845/3771
f 3930/1855/3784 3915/1843/3769 3913/1842/3768
f 3931/1856/3785 3930/1855/3784 3913/1842/3768
f 3931/1856/3785 3913/1842/3768 3927/1851/3780
f 3931/1856/3785 3927/1851/3780 3925/1850/3779
f 3932/1844/3786 3915/1843/3769 3933/1842/3787
f 3933/1842/3787 3915/1843/3769 3930/1855/3784
f 3934/1846/3788 3932/1844/3786 3935/1845/3789
f 3935/1845/3789 3932/1844/3786 3933/1842/3787
f 3933/1842/3787 3930/1855/3784 3931/1856/3785
f 3936/1852/3790 3938/1851/3791 3937/1850/3792
f 3937/1850/3792 3938/1851/3791 3931/1856/3785
f 3938/1851/3791 3933/1842/3787 3931/1856/3785
f 3935/1845/3789 3933/1842/3787 3938/1851/3791
f 3936/1852/3790 3939/1853/3793 3938/1851/3791
f 3938/1851/3791 3939/1853/3793 3940/1854/3794
f 3938/1851/3791 3940/1854/3794 3941/1845/3795
f 3941/1845/3795 3940/1854/3794 3942/1849/3796
f 3943/1847/3797 3941/1845/3795 3942/1849/3796
f 3944/1846/3798 3941/1845/3795 3943/1847/3797
f 3945/1848/3799 3947/1846/3800 3946/1847/3801
f 3948/1857/3802 3950/1858/3803 3949/1859/3804
f 3949/1859/3804 3950/1858/3803 3951/1860/3805
f 3952/1861/3806 3948/1857/3802 3949/1859/3804
f 3951/1860/3805 3953/1858/3807 3949/1859/3804
f 3949/1859/3804 3953/1858/3807 3954/1857/3808
f 3949/1859/3804 3954/1857/3808 3952/1861/3806
f 3952/1861/3806 3954/1857/3808 3955/1862/3809
f 3954/1857/3808 3953/1858/3807 3956/1863/3810
f 3956/1863/3810 3955/1862/3809 3954/1857/3808
f 3957/1864/3811 3955/1862/3809 3956/1863/3810
f 3958/1865/3812 3960/1866/3813 3959/1867/3814
f 3959/1867/3814 3960/1866/3813 3961/1868/3815
f 3962/1869/3816 3961/1868/3815 3960/1866/3813
f 3963/1870/3817 3961/1868/3815 3962/1869/3816
f 3955/1862/3809 3957/1864/3811 3963/1870/3817
f 3963/1870/3817 3957/1864/3811 3961/1868/3815
f 3956/1863/3810 3964/1871/3818 3957/1864/3811
f 3957/1864/3811 3964/1871/3818 3965/1872/3819
f 3957/1864/3811 3965/1872/3819 3961/1868/3815
f 3961/1868/3815 3965/1872/3819 3959/1867/3814
f 3966/1873/3820 3947/1846/3800 3945/1848/3799
f 3967/1874/3821 3966/1873/3820 3945/1848/3799
f 3968/1875/3822 3958/1865/3812 3969/1876/3823
f 3969/1876/3823 3958/1865/3812 3959/1867/3814
f 3969/1876/3823 3959/1867/3814 3970/1877/3824
f 3970/1877/3824 3959/1867/3814 3965/1872/3819
f 3965/1872/3819 3971/1878/3825 3970/1877/3824
f 3964/1871/3818 3971/1878/3825 3965/1872/3819
f 3971/1878/3825 3964/1871/3818 3972/1879/3826
f 3972/1879/3826 3964/1871/3818 3973/1880/3827
f 3964/1871/3818 3956/1863/3810 3973/1880/3827
f 3973/1880/3827 3956/1863/3810 3974/1874/3828
f 3975/1863/3829 3966/1873/3820 3967/1874/3821
f 3956/1863/3810 3953/1858/3807 3976/1873/3830
f 3976/1873/3830 3953/1858/3807 3934/1846/3788
f 3934/1846/3788 3953/1858/3807 3932/1844/3786
f 3951/1860/3805 3932/1844/3786 3953/1858/3807
f 3915/1843/3769 3932/1844/3786 3951/1860/3805
f 3951/1860/3805 3914/1844/3770 3915/1843/3769
f 3950/1858/3803 3914/1844/3770 3951/1860/3805
f 3914/1844/3770 3950/1858/3803 3917/1846/3772
f 3919/1848/1792 3920/1846/3774 3977/1873/3831
f 3917/1846/3772 3950/1858/3803 3978/1873/3832
f 3978/1873/3832 3950/1858/3803 3979/1863/3833
f 3979/1863/3833 3950/1858/3803 3948/1857/3802
f 3919/1848/1792 3977/1873/3831 3980/1874/3834
f 3980/1874/3834 3977/1873/3831 3981/1863/3835
f 3982/1876/3836 3984/1865/3837 3983/1875/3838
f 3985/1867/3839 3986/1866/3840 3984/1865/3837
f 3985/1867/3839 3984/1865/3837 3982/1876/3836
f 3987/1877/3841 3985/1867/3839 3982/1876/3836
f 3988/1880/3842 3990/1871/3843 3989/1879/1785
f 3989/1879/1785 3990/1871/3843 3991/1878/3844
f 3992/1874/1789 3979/1863/3833 3988/1880/3842
f 3988/1880/3842 3979/1863/3833 3990/1871/3843
f 3993/1872/3845 3990/1871/3843 3994/1864/3846
f 3994/1864/3846 3990/1871/3843 3979/1863/3833
f 3993/1872/3845 3991/1878/3844 3990/1871/3843
f 3987/1877/3841 3991/1878/3844 3993/1872/3845
f 3993/1872/3845 3985/1867/3839 3987/1877/3841
f 3995/1868/3847 3986/1866/3840 3985/1867/3839
f 3985/1867/3839 3993/1872/3845 3995/1868/3847
f 3995/1868/3847 3993/1872/3845 3994/1864/3846
f 3996/1862/3848 3948/1857/3802 3952/1861/3806
f 3948/1857/3802 3996/1862/3848 3979/1863/3833
f 3979/1863/3833 3996/1862/3848 3994/1864/3846
f 3986/1866/3840 3995/1868/3847 3997/1869/3849
f 3997/1869/3849 3995/1868/3847 3998/1870/3850
f 3995/1868/3847 3994/1864/3846 3998/1870/3850
f 3998/1870/3850 3994/1864/3846 3996/1862/3848
f 3999/1881/3851 4001/1882/3852 4000/1883/3853
f 4000/1883/3853 4001/1882/3852 4002/1884/3854
f 4003/1885/3855 4005/1886/3856 4004/1887/3857
f 4004/1887/3857 4005/1886/3856 4006/1888/3858
f 4005/1886/3856 4007/1889/3859 4006/1888/3858
f 4008/1890/3860 4000/1883/3853 4002/1884/3854
f 4007/1889/3859 4000/1883/3853 4008/1890/3860
f 4006/1888/3858 4007/1889/3859 4008/1890/3860
f 3952/1861/3806 4009/1891/3861 3996/1862/3848
f 3996/1862/3848 4009/1891/3861 4010/1870/3862
f 4009/1891/3861 4011/1869/3863 4010/1870/3862
f 4012/1892/3864 4011/1869/3863 4009/1891/3861
f 4013/1893/3865 4015/1894/3866 4014/1895/3867
f 4014/1895/3867 4015/1894/3866 4016/1896/3868
f 4015/1894/3866 4003/1885/3855 4016/1896/3868
f 4016/1896/3868 4003/1885/3855 4004/1887/3857
f 4013/1893/3865 4011/1869/3863 4012/1892/3864
f 4014/1895/3867 4011/1869/3863 4013/1893/3865
f 3986/1866/3840 3997/1869/3849 4017/1897/3869
f 4017/1897/3869 3997/1869/3849 4018/1895/3870
f 4008/1890/3860 4019/1898/3871 4006/1888/3858
f 4006/1888/3858 4019/1898/3871 4020/1899/3872
f 4006/1888/3858 4020/1899/3872 4004/1887/3857
f 4004/1887/3857 4020/1899/3872 4021/1900/3873
f 4021/1900/3873 4022/1901/3874 4004/1887/3857
f 4004/1887/3857 4022/1901/3874 4016/1896/3868
f 4018/1895/3870 4016/1896/3868 4017/1897/3869
f 4017/1897/3869 4016/1896/3868 4022/1901/3874
f 4023/1902/3875 3986/1866/3840 4017/1897/3869
f 4017/1897/3869 4022/1901/3874 4023/1902/3875
f 4023/1902/3875 4022/1901/3874 4021/1900/3873
f 4020/1899/3872 4024/1562/3876 4021/1900/3873
f 4021/1900/3873 4024/1562/3876 4023/1902/3875
f 4025/1903/3877 3986/1866/3840 4023/1902/3875
f 4024/1562/3876 4025/1903/3877 4023/1902/3875
f 4025/1903/3877 3984/1865/3837 3986/1866/3840
f 3983/1875/3838 3984/1865/3837 4026/1904/3878
f 4027/1905/3879 3984/1865/3837 4025/1903/3877
f 4026/1904/3878 3984/1865/3837 4027/1905/3879
f 4027/1905/3879 4028/1906/3880 4026/1904/3878
f 4029/1906/3881 4031/1907/2076 4030/1908/3882
f 4032/1909/3883 4034/1910/3884 4033/1907/3885
f 4035/1909/3886 4031/1907/2076 4029/1906/3881
f 4036/1909/3887 4028/1906/3880 4027/1905/3879
f 4025/1903/3877 4036/1909/3887 4027/1905/3879
f 4037/1560/3888 4025/1903/3877 4024/1562/3876
f 4037/1560/3888 4036/1909/3887 4025/1903/3877
f 4038/1560/3889 4034/1910/3884 4032/1909/3883
f 4039/1563/3890 4040/1561/3891 4024/1562/3876
f 4024/1562/3876 4041/1561/3892 4037/1560/3888
f 4020/1899/3872 4039/1563/3890 4024/1562/3876
f 4019/1898/3871 4039/1563/3890 4020/1899/3872
f 4042/1560/3893 4043/1561/3894 4034/1910/3895
f 4034/1910/3895 4043/1561/3894 4044/1911/2082
f 4039/1563/3890 4045/1912/3896 4040/1561/3891
f 4046/1912/3897 4048/1911/3898 4047/1561/3899
f 4049/1913/3900 4048/1911/3898 4046/1912/3897
f 4050/1914/1881 4052/1913/1880 4051/1915/3901
f 4051/1915/3901 4052/1913/1880 4053/1912/3902
f 4051/1915/3901 4053/1912/3902 4054/1916/3903
f 4055/1917/3904 4056/1912/3905 4039/1563/3890
f 4054/1916/3903 4053/1912/3902 4057/1917/3906
f 4057/1917/3906 4058/1918/3907 4054/1916/3903
f 4054/1916/3903 4058/1918/3907 4059/1919/3908
f 4039/1563/3890 4058/1918/3907 4055/1917/3904
f 4019/1898/3871 4058/1918/3907 4039/1563/3890
f 4019/1898/3871 4008/1890/3860 4058/1918/3907
f 4058/1918/3907 4008/1890/3860 4002/1884/3854
f 4002/1884/3854 4059/1919/3908 4058/1918/3907
f 4060/1920/2362 4059/1919/3908 4002/1884/3854
f 4001/1882/3852 4061/1920/3909 4002/1884/3854
f 4062/1921/3910 4060/1920/2362 4063/1882/3911
f 4064/1921/3912 4066/1882/3913 4065/1922/3914
f 4067/1881/3915 4069/1923/3916 4068/1882/3917
f 4068/1882/3917 4069/1923/3916 4070/1924/3918
f 4065/1922/3914 4066/1882/3913 4071/1924/3919
f 4072/1924/3920 4074/1925/3921 4073/1922/2368
f 4075/1926/3922 4074/1925/3921 4072/1924/3920
f 4076/1923/3923 4078/1926/3924 4077/1924/3925
f 4079/1927/3926 4078/1926/3924 4076/1923/3923
f 4000/1883/3853 4081/1882/3927 4080/1881/3928
f 4082/1882/3929 4084/1923/3930 4083/1881/3931
f 4076/1923/3923 4085/1926/3932 4079/1927/3926
f 4086/1924/3933 4084/1923/3930 4082/1882/3929
f 4087/1924/3934 4085/1926/3932 4076/1923/3923
f 4088/1924/3935 4090/1925/3936 4089/1926/3937
f 4091/1922/3938 4090/1925/3936 4088/1924/3935
f 4092/1924/3939 4094/1882/3940 4093/1922/3941
f 4093/1922/3941 4094/1882/3940 4095/1921/3942
f 4096/1882/3943 4098/1920/3944 4097/1921/3945
f 4099/1884/3946 4100/1919/3947 4098/1920/3944
f 4099/1884/3946 4101/1920/3948 4081/1882/3927
f 4099/1884/3946 4081/1882/3927 4000/1883/3853
f 4102/1888/3949 4005/1886/3856 4103/1887/3950
f 4103/1887/3950 4005/1886/3856 4003/1885/3855
f 4102/1888/3949 4007/1889/3859 4005/1886/3856
f 4099/1884/3946 4000/1883/3853 4104/1890/3951
f 4104/1890/3951 4000/1883/3853 4007/1889/3859
f 4104/1890/3951 4007/1889/3859 4102/1888/3949
f 3955/1862/3809 4009/1891/3861 3952/1861/3806
f 4105/1870/3952 4009/1891/3861 3955/1862/3809
f 4105/1870/3952 4106/1869/3953 4009/1891/3861
f 4009/1891/3861 4106/1869/3953 4012/1892/3864
f 4107/1896/3954 4015/1894/3866 4108/1895/3955
f 4108/1895/3955 4015/1894/3866 4013/1893/3865
f 4107/1896/3954 4003/1885/3855 4015/1894/3866
f 4103/1887/3950 4003/1885/3855 4107/1896/3954
f 4012/1892/3864 4106/1869/3953 4013/1893/3865
f 4013/1893/3865 4106/1869/3953 4108/1895/3955
f 4109/1895/3956 3962/1869/3816 4110/1897/3957
f 4110/1897/3957 3962/1869/3816 3960/1866/3813
f 4102/1888/3949 4111/1898/3958 4104/1890/3951
f 4112/1899/3959 4111/1898/3958 4102/1888/3949
f 4103/1887/3950 4112/1899/3959 4102/1888/3949
f 4113/1900/3960 4112/1899/3959 4103/1887/3950
f 4107/1896/3954 4114/1901/3961 4103/1887/3950
f 4103/1887/3950 4114/1901/3961 4113/1900/3960
f 4110/1897/3957 4107/1896/3954 4109/1895/3956
f 4114/1901/3961 4107/1896/3954 4110/1897/3957
f 4110/1897/3957 3960/1866/3813 4115/1902/3962
f 4115/1902/3962 4114/1901/3961 4110/1897/3957
f 4113/1900/3960 4114/1901/3961 4115/1902/3962
f 4115/1902/3962 2899/1562/2793 4113/1900/3960
f 4113/1900/3960 2899/1562/2793 4112/1899/3959
f 4115/1902/3962 3960/1866/3813 4116/1903/3963
f 4115/1902/3962 4116/1903/3963 2899/1562/2793
f 3960/1866/3813 3958/1865/3812 4116/1903/3963
f 4117/1907/3964 4119/1910/3965 4118/1909/3966
f 4118/1909/3966 4119/1910/3965 4120/1560/3967
f 4121/1904/3968 3958/1865/3812 3968/1875/3822
f 4116/1903/3963 3958/1865/3812 4122/1905/3969
f 4122/1905/3969 3958/1865/3812 4121/1904/3968
f 4121/1904/3968 4123/1906/3970 4122/1905/3969
f 4124/1908/3971 4126/1907/3972 4125/1906/3973
f 4125/1906/3973 4126/1907/3972 4127/1909/3974
f 4122/1905/3969 4123/1906/3970 4128/1909/3975
f 4122/1905/3969 4128/1909/3975 4116/1903/3963
f 4116/1903/3963 4128/1909/3975 2898/1560/2791
f 2899/1562/2793 4116/1903/3963 2898/1560/2791
f 2899/1562/2793 2901/1563/2795 4112/1899/3959
f 4112/1899/3959 2901/1563/2795 4111/1898/3958
f 4129/1918/3976 4100/1919/3947 4099/1884/3946
f 4100/1919/3947 4129/1918/3976 4130/1916/3977
f 4099/1884/3946 4104/1890/3951 4129/1918/3976
f 4129/1918/3976 4104/1890/3951 4111/1898/3958
f 2901/1563/2795 4129/1918/3976 4111/1898/3958
f 2902/1561/2794 4131/1912/3978 2901/1563/2795
f 2901/1563/2795 4133/1912/3979 4132/1917/3980
f 4132/1917/3980 4129/1918/3976 2901/1563/2795
f 4130/1916/3977 4129/1918/3976 4134/1917/3981
f 4134/1917/3981 4135/1912/3982 4130/1916/3977
f 4130/1916/3977 4135/1912/3982 4136/1915/3983
f 4136/1915/3983 4138/1913/3984 4137/1914/3985
f 4135/1912/3982 4138/1913/3984 4136/1915/3983
f 4139/1912/3986 4141/1911/3987 4140/1913/3988
f 4142/1561/3989 4141/1911/3987 4139/1912/3986
f 4143/1911/3990 4144/1561/3991 4119/1910/3965
f 4119/1910/3965 4144/1561/3991 4145/1560/3992
f 4146/913/3993 4148/912/3994 4147/911/3995
f 4149/914/3996 4148/912/3994 4146/913/3993
f 4150/916/3997 4152/915/3998 4151/914/3999
f 4151/914/3999 4152/915/3998 4153/912/4000
f 4154/920/4001 4156/918/4002 4155/919/4003
f 4155/919/4003 4156/918/4002 4157/917/4004
f 4158/920/4005 4160/921/4006 4159/918/4007
f 4159/918/4007 4160/921/4006 4161/922/4008
f 4162/921/4009 4164/923/4010 4163/922/4011
f 4156/918/4002 4165/925/4012 4157/917/4004
f 4157/917/4004 4165/925/4012 4166/924/4013
f 4159/918/4007 4161/922/4008 4167/925/4014
f 4164/923/4010 4168/926/4015 4163/922/4011
f 4167/925/4014 4161/922/4008 4169/927/4016
f 4163/922/4011 4168/926/4015 4170/927/4017
f 4165/925/4012 4171/929/4018 4166/924/4013
f 4166/924/4013 4171/929/4018 4172/928/4019
f 4167/925/4014 4169/927/4016 4173/929/4020
f 4171/929/4018 4174/930/4021 4172/928/4019
f 4173/929/4020 4169/927/4016 4175/931/4022
f 4175/931/4022 4176/933/4023 4173/929/4020
f 4173/929/4020 4176/933/4023 4177/932/4024
f 4178/932/4025 4174/930/4021 4171/929/4018
f 4178/932/4025 4152/915/3998 4174/930/4021
f 4153/912/4000 4152/915/3998 4178/932/4025
f 4177/932/4024 4147/911/3995 4148/912/3994
f 4176/933/4023 4147/911/3995 4177/932/4024
f 4179/933/4026 4180/934/4027 4147/911/3995
f 4180/934/4027 4179/933/4026 4181/935/4028
f 4181/935/4028 4179/933/4026 4182/931/4029
f 4170/927/4017 4181/935/4028 4182/931/4029
f 4168/926/4015 4181/935/4028 4170/927/4017
f 4183/936/4030 4185/935/4031 4184/926/4032
f 4186/923/4033 4183/936/4030 4184/926/4032
f 4187/937/4034 4183/936/4030 4186/923/4033
f 4188/938/4035 4164/923/4010 4162/921/4009
f 4189/938/4036 4187/937/4034 4186/923/4033
f 4190/939/4037 4192/937/4038 4191/938/4039
f 4193/942/4040 4195/941/3985 4194/940/3984
f 4196/943/4041 4195/941/3985 4193/942/4040
f 4197/943/4042 4198/944/4043 4195/941/4044
f 4195/941/4044 4198/944/4043 4199/945/4045
f 4200/944/4046 4202/947/4047 4201/945/4048
f 4201/945/4048 4202/947/4047 4203/946/4049
f 4204/949/4050 4205/948/4051 4200/944/4046
f 4200/944/4046 4205/948/4051 4202/947/4047
f 4205/948/4051 4204/949/4050 4206/951/4052
f 4206/951/4052 4204/949/4050 4207/950/4053
f 4191/938/4039 4208/952/4054 4190/939/4037
f 4209/950/4055 4208/952/4054 4191/938/4039
f 4162/921/4009 4207/950/4053 4188/938/4035
f 4206/951/4052 4207/950/4053 4162/921/4009
f 4158/920/4005 4210/951/4056 4160/921/4006
f 4210/951/4056 4212/953/4057 4211/948/4058
f 4212/953/4057 4210/951/4056 4158/920/4005
f 4211/948/4058 4212/953/4057 4213/954/4059
f 4214/947/4060 4211/948/4058 4215/955/4061
f 4215/955/4061 4211/948/4058 4213/954/4059
f 4216/946/4062 4214/947/4060 4217/956/4063
f 4217/956/4063 4214/947/4060 4215/955/4061
f 4218/955/4064 4220/957/4065 4219/956/4066
f 4221/958/4067 4220/957/4065 4218/955/4064
f 4154/920/4001 4155/919/4003 4222/953/4068
f 4222/953/4068 4155/919/4003 4223/959/4069
f 4223/959/4069 4224/954/4070 4222/953/4068
f 4225/960/4071 4224/954/4070 4223/959/4069
f 4218/955/4064 4224/954/4070 4221/958/4067
f 4221/958/4067 4224/954/4070 4225/960/4071
f 4226/963/4072 4228/962/4073 4227/961/4074
f 4229/966/4075 4231/965/4076 4230/964/4077
f 4230/964/4077 4232/967/4078 4229/966/4075
f 4233/968/4079 4232/967/4078 4230/964/4077
f 4234/968/4080 4230/964/4077 4235/969/4081
f 4235/969/4081 4236/970/4082 4234/968/4080
f 4234/968/4080 4236/970/4082 4237/971/4083
f 4238/974/4084 4240/973/4085 4239/972/4086
f 4241/973/4087 4243/974/4088 4242/975/4089
f 4242/975/4089 4243/974/4088 4236/970/4082
f 4243/974/4088 4237/971/4083 4236/970/4082
f 4244/976/4090 4237/971/4083 4243/974/4088
f 4243/974/4088 4245/977/4091 4244/976/4090
f 4244/976/4090 4245/977/4091 4246/962/4092
f 4227/961/4074 4228/962/4073 4247/978/4093
f 4246/962/4092 4245/977/4091 4248/978/4094
f 4249/979/4095 4248/978/4094 4245/977/4091
f 4250/980/4096 4248/978/4094 4249/979/4095
f 4247/978/4093 4251/980/4097 4227/961/4074
f 4252/984/4098 4254/982/4099 4253/983/4100
f 4253/983/4100 4254/982/4099 4255/981/4101
f 4256/986/4102 4258/985/4103 4257/982/4104
f 4257/982/4104 4258/985/4103 4259/981/4105
f 4252/984/4098 4260/987/4106 4254/982/4099
f 4257/982/4104 4261/987/4107 4256/986/4102
f 4256/986/4102 4261/987/4107 4262/988/4108
f 4263/987/4109 4265/989/4110 4264/988/4111
f 4266/990/4112 4260/987/4106 4252/984/4098
f 4267/990/4113 4265/989/4110 4263/987/4109
f 4268/990/4114 4270/992/4115 4269/989/4116
f 4269/989/4116 4270/992/4115 4271/991/4117
f 4272/991/4118 4274/992/4119 4273/993/4120
f 4273/993/4120 4276/995/4121 4275/994/4122
f 4273/993/4120 4274/992/4119 4276/995/4121
f 4277/984/4123 4279/992/4124 4278/990/4125
f 4280/995/4126 4279/992/4124 4277/984/4123
f 4277/984/4123 4253/983/4100 4280/995/4126
f 4227/961/4074 4259/981/4105 4258/985/4103
f 4251/980/4097 4259/981/4105 4227/961/4074
f 4249/979/4095 4255/981/4101 4250/980/4096
f 4253/983/4100 4255/981/4101 4249/979/4095
f 4281/997/4127 4253/983/4100 4282/996/4128
f 4282/996/4128 4253/983/4100 4249/979/4095
f 4280/995/4126 4253/983/4100 4281/997/4127
f 4275/994/4122 4276/995/4121 4283/997/4129
f 4275/994/4122 4283/997/4129 4284/998/4130
f 4284/998/4130 4283/997/4129 4285/996/4131
f 4286/999/4132 4245/977/4091 4243/974/4088
f 4245/977/4091 4286/999/4132 4249/979/4095
f 4249/979/4095 4286/999/4132 4282/996/4128
f 4284/998/4130 4285/996/4131 4287/999/4133
s 0
f 4288/999/4134 4290/974/4134 4289/998/4134
f 4291/998/4135 4293/974/4135 4292/972/4135
s 1
f 4294/1002/4136 4296/1001/4137 4295/1000/4138
f 4297/1005/4139 4299/1004/4140 4298/1003/4141
f 4300/1003/4142 4301/1004/4143 4294/1002/4136
f 4294/1002/4136 4301/1004/4143 4296/1001/4137
f 4302/1001/4144 4304/1004/4145 4303/1007/4146
f 4303/1007/4146 4304/1004/4145 4305/1006/4147
f 4306/1006/4148 4299/1004/4140 4297/1005/4139
f 4307/1010/4149 4309/1009/4150 4308/1008/4151
f 4308/1008/4151 4310/1012/4152 4307/1010/4149
f 4307/1010/4149 4310/1012/4152 4311/1011/3406
f 4312/1005/4153 4314/1011/4154 4313/1006/4155
f 4313/1006/4155 4314/1011/4154 4315/1012/4156
f 4305/1006/4147 4316/1012/4157 4303/1007/4146
f 4303/1007/4146 4316/1012/4157 4317/1008/4158
f 4308/1008/4151 4309/1009/4150 4318/1013/4159
f 4303/1007/4146 4317/1008/4158 4319/1014/4160
f 4319/1014/4160 4317/1008/4158 4320/1013/4161
f 4309/1009/4150 4239/972/4086 4321/1015/4162
f 4321/1015/4162 4239/972/4086 4240/973/4085
f 4303/1007/4146 4319/1014/4160 4302/1001/4144
f 4295/1000/4138 4296/1001/4137 4322/1016/4163
f 4302/1001/4144 4319/1014/4160 4323/1016/4164
f 4321/1015/4162 4318/1013/4159 4309/1009/4150
f 4320/1013/4161 4324/1015/4165 4319/1014/4160
f 4325/1017/4166 4323/1016/4164 4319/1014/4160
f 4319/1014/4160 4324/1015/4165 4325/1017/4166
f 4324/1015/4165 4241/973/4087 4325/1017/4166
f 4325/1017/4166 4241/973/4087 4242/975/4089
f 4242/975/4089 4326/1019/4167 4325/1017/4166
f 4325/1017/4166 4326/1019/4167 4327/1018/4168
f 4327/1018/4168 4323/1016/4164 4325/1017/4166
f 4328/1018/4169 4295/1000/4138 4322/1016/4163
f 4295/1000/4138 4328/1018/4169 4329/1020/4170
f 4329/1020/4170 4328/1018/4169 4330/1019/4171
f 4236/970/4082 4235/969/4081 4242/975/4089
f 4242/975/4089 4235/969/4081 4326/1019/4167
f 4331/969/4172 4329/1020/4170 4330/1019/4171
f 4235/969/4081 4230/964/4077 4332/1021/4173
f 4230/964/4077 4231/965/4076 4333/1022/4174
f 4333/1022/4174 4332/1021/4173 4230/964/4077
s 0
f 4334/969/4175 4336/1021/4175 4335/1020/4175
f 4337/1020/4176 4339/1021/4176 4338/1023/4176
s 1
f 4340/1024/4177 4332/1021/4173 4333/1022/4174
f 4341/1024/4178 4343/1023/4179 4342/1021/4180
f 4344/1025/4181 4343/1023/4179 4341/1024/4178
f 4231/965/4076 4345/1026/4182 4333/1022/4174
f 4333/1022/4174 4345/1026/4182 4346/1027/4183
f 4333/1022/4174 4346/1027/4183 4340/1024/4177
f 4340/1024/4177 4346/1027/4183 4347/1028/4184
f 4341/1024/4178 4348/1028/4185 4344/1025/4181
f 4346/1027/4183 4349/1029/4186 4347/1028/4184
f 4350/1029/4187 4344/1025/4181 4348/1028/4185
f 4351/1030/4188 4344/1025/4181 4350/1029/4187
f 4352/1031/4189 4349/1029/4186 4346/1027/4183
f 4352/1031/4189 4346/1027/4183 4353/1032/4190
f 4353/1032/4190 4346/1027/4183 4345/1026/4182
f 4352/1031/4189 4354/1033/4191 4349/1029/4186
f 4350/1029/4187 4355/1033/4192 4351/1030/4188
f 4351/1030/4188 4355/1033/4192 4356/1034/4193
f 4357/1033/4194 4359/1035/4195 4358/1034/4196
f 4360/1036/4197 4354/1033/4191 4352/1031/4189
f 4361/1036/4198 4359/1035/4195 4357/1033/4194
f 4353/1032/4190 4362/1037/4199 4352/1031/4189
f 4352/1031/4189 4362/1037/4199 4360/1036/4197
f 4363/1036/4200 4365/1037/4201 4364/1035/4202
f 4364/1035/4202 4365/1037/4201 4366/1038/4203
f 4367/1038/4204 4369/1037/4205 4368/1039/4206
f 4368/1039/4206 4369/1037/4205 4370/1032/4207
f 4368/1039/4206 4370/1032/4207 4371/1040/4208
f 4371/1040/4208 4370/1032/4207 4372/1026/4209
f 4373/965/4210 4371/1040/4208 4372/1026/4209
f 4371/1040/4208 4373/965/4210 4374/1041/4211
f 4374/1041/4211 4373/965/4210 4375/966/4212
f 4374/1041/4211 4375/966/4212 3190/635/3072
f 3190/635/3072 4375/966/4212 4232/967/4078
f 4151/914/3999 4226/963/4072 4150/916/3997
f 4228/962/4073 4226/963/4072 4151/914/3999
f 4149/914/3996 4244/976/4090 4246/962/4092
f 4146/913/3993 4244/976/4090 4149/914/3996
f 4146/913/3993 4237/971/4083 4244/976/4090
f 4147/911/3995 4237/971/4083 4146/913/3993
f 4237/971/4083 4147/911/3995 4234/968/4080
f 4147/911/3995 4180/934/4027 4376/1042/4213
f 4234/968/4080 4147/911/3995 4376/1042/4213
f 4232/967/4078 3192/634/3073 3190/635/3072
f 4377/1043/4214 3192/634/3073 4232/967/4078
f 4232/967/4078 4233/968/4079 4377/1043/4214
f 4377/1043/4214 4233/968/4079 4378/1042/4215
f 4377/1043/4214 3193/637/3075 3192/634/3073
f 3207/632/3090 3208/637/3089 4379/1044/4216
f 4380/1044/4217 3193/637/3075 4377/1043/4214
f 4378/1042/4215 4380/1044/4217 4377/1043/4214
f 4381/934/4218 4380/1044/4217 4378/1042/4215
f 4381/934/4218 4185/935/4031 4380/1044/4217
f 4382/1045/4219 4185/935/4031 4183/936/4030
f 4380/1044/4217 4185/935/4031 4382/1045/4219
f 4379/1044/4216 4383/1045/4220 3207/632/3090
f 4384/936/4221 4385/1046/4222 4383/1045/4220
f 3207/632/3090 4383/1045/4220 4385/1046/4222
f 3188/624/3071 3189/632/3070 4386/1046/4223
f 4386/1046/4223 3170/620/3052 3188/624/3071
f 3169/619/3051 3170/620/3052 4386/1046/4223
f 4387/619/4224 4385/1046/4222 4384/936/4221
f 4387/619/4224 4384/936/4221 4388/612/4225
f 4388/612/4225 4384/936/4221 4389/937/4226
f 4388/612/4225 4389/937/4226 4390/610/4227
f 4390/610/4227 4389/937/4226 4391/939/4228
f 3167/617/3049 3165/615/3046 4392/1047/4069
f 4392/1047/4069 3165/615/3046 4393/1048/4229
f 4392/1047/4069 4393/1048/4229 4394/1049/4230
f 4394/1049/4230 4393/1048/4229 4395/1050/4231
f 4394/1049/4230 4395/1050/4231 4396/1051/4232
f 4396/1051/4232 4395/1050/4231 4397/1052/4233
f 4396/1051/4232 4397/1052/4233 4398/1053/4234
f 4398/1053/4234 4397/1052/4233 4399/1054/3972
f 3165/615/3046 3159/614/3043 4393/1048/4229
f 4395/1050/4231 4401/1056/4235 4400/1052/4236
f 4400/1052/4236 4401/1056/4235 4402/1055/4237
f 4400/1052/4236 4402/1055/4237 4403/1054/4238
f 4403/1054/4238 4402/1055/4237 4404/1057/4239
f 4402/1055/4237 4405/1059/4240 4404/1057/4239
f 4404/1057/4239 4405/1059/4240 4406/1058/3990
f 4407/1058/3987 4409/942/4241 4408/940/4242
f 4405/1059/4240 4409/942/4241 4407/1058/3987
f 4410/1061/4243 4411/1060/4244 3158/610/3041
f 3158/610/3041 4411/1060/4244 3157/609/3042
f 4390/610/4227 4391/939/4228 4412/1061/4245
f 4412/1061/4245 4391/939/4228 4413/952/4246
f 4393/1048/4229 3159/614/3043 4414/1062/4247
f 4393/1048/4229 4414/1062/4247 4395/1050/4231
f 4395/1050/4231 4414/1062/4247 4401/1056/4235
f 3159/614/3043 3157/609/3042 4414/1062/4247
f 4414/1062/4247 3157/609/3042 4411/1060/4244
f 4411/1060/4244 4415/1056/4248 4414/1062/4247
f 4416/1063/4249 4415/1056/4248 4411/1060/4244
f 4415/1056/4248 4416/1063/4249 4402/1055/4237
f 4402/1055/4237 4416/1063/4249 4405/1059/4240
f 4413/952/4246 4417/1064/4250 4412/1061/4245
f 4410/1061/4243 4418/1064/4251 4411/1060/4244
f 4411/1060/4244 4418/1064/4251 4416/1063/4249
f 4416/1063/4249 4418/1064/4251 4405/1059/4240
f 4405/1059/4240 4418/1064/4251 4409/942/4241
f 4193/942/4040 4417/1064/4250 4196/943/4041
f 4419/1065/4252 4417/1064/4250 4413/952/4246
f 4196/943/4041 4417/1064/4250 4419/1065/4252
f 4209/950/4055 4420/1065/4253 4208/952/4054
f 4421/949/4254 4420/1065/4253 4209/950/4055
f 4420/1065/4253 4421/949/4254 4197/943/4042
f 4197/943/4042 4421/949/4254 4198/944/4043
f 4422/1241/4255 4424/1239/4256 4423/1240/4257
f 4425/1204/4258 4427/1229/4259 4426/1228/4260
f 4428/1230/4261 4429/1229/4262 4425/1204/4258
f 4429/1229/4262 4428/1230/4261 4430/1231/4263
f 4430/1231/4263 4428/1230/4261 4431/1234/4264
f 4432/1233/4265 4434/1231/4266 4433/1232/4066
f 4433/1232/4066 4434/1231/4266 4435/1234/4267
f 4424/1239/4256 4422/1241/4255 4436/1242/4268
f 4437/1234/4269 4439/1239/4270 4438/1242/4271
f 4438/1242/4271 4440/1232/4063 4437/1234/4269
f 4441/1243/4272 4440/1232/4063 4438/1242/4271
f 4436/1242/4268 4422/1241/4255 4442/1244/4273
f 4442/1244/4273 4443/1243/4049 4436/1242/4268
f 4444/1245/4048 4443/1243/4049 4442/1244/4273
f 4445/1247/4044 4447/1245/4045 4446/1246/4274
f 4446/1246/4274 4447/1245/4045 4448/1244/4275
f 4448/1244/4275 4449/1241/4276 4446/1246/4274
f 4446/1246/4274 4449/1241/4276 4450/1248/4277
f 4450/1248/4277 4449/1241/4276 4451/1250/4278
f 4451/1250/4278 4449/1241/4276 4452/1240/4279
f 4452/1240/4279 4453/1251/3944 4451/1250/4278
f 4454/1255/4280 4456/1253/4281 4455/1254/4282
f 4455/1254/4282 4456/1253/4281 4457/1252/4283
f 4458/1256/4284 4454/1255/4280 4455/1254/4282
f 4459/1257/4285 4454/1255/4280 4458/1256/4284
f 4460/1259/4286 4461/1258/4287 4454/1255/4280
f 4454/1255/4280 4461/1258/4287 4456/1253/4281
f 4462/1257/4288 4464/1259/4289 4463/1255/4290
f 4465/1260/4291 4464/1259/4289 4462/1257/4288
f 4466/1260/4292 4453/1251/3944 4467/1259/4293
f 4468/1249/4294 4470/494/4295 4469/1259/4296
f 4460/1259/4286 4471/494/4297 4461/1258/4287
f 4467/1259/4293 4453/1251/3944 4472/1249/4298
f 4472/1249/4298 4453/1251/3944 4452/1240/4279
f 4423/1240/4257 4424/1239/4256 4473/492/4299
f 4473/492/4299 4468/1249/4294 4423/1240/4257
f 4470/494/4295 4468/1249/4294 4473/492/4299
f 4474/1253/4300 2476/1261/2281 4475/1252/4301
f 2477/1262/2381 2476/1261/2281 4474/1253/4300
f 4476/1258/4302 2477/1262/2381 4474/1253/4300
f 2479/1263/2383 2477/1262/2381 4476/1258/4302
f 4470/494/4295 2479/1263/2383 4476/1258/4302
f 2480/1264/2384 2479/1263/2383 4470/494/4295
f 4470/494/4295 4473/492/4299 4477/493/4303
f 4477/493/4303 2480/1264/2384 4470/494/4295
f 2481/1265/2385 2480/1264/2384 4477/493/4303
f 4478/1235/4304 2483/1205/2387 2482/1266/2386
f 2482/1266/2386 2481/1265/2385 4478/1235/4304
f 4478/1235/4304 2481/1265/2385 4477/493/4303
f 4477/493/4303 4473/492/4299 4479/491/4305
f 4479/491/4305 4478/1235/4304 4477/493/4303
f 4480/1239/4306 4479/491/4305 4473/492/4299
f 4481/1238/4307 4482/1239/4308 4431/1234/4264
f 4481/1238/4307 4479/491/4305 4480/1239/4306
f 4481/1238/4307 4483/1237/4309 4479/491/4305
f 4479/491/4305 4483/1237/4309 4484/1236/4310
f 4484/1236/4310 4478/1235/4304 4479/491/4305
f 4431/1234/4264 4483/1237/4309 4481/1238/4307
f 4428/1230/4261 4483/1237/4309 4431/1234/4264
f 4428/1230/4261 4484/1236/4310 4483/1237/4309
f 4425/1204/4258 4484/1236/4310 4428/1230/4261
f 4425/1204/4258 4478/1235/4304 4484/1236/4310
f 2483/1205/2387 4478/1235/4304 4425/1204/4258
f 4485/1206/4311 2483/1205/2387 4425/1204/4258
f 4425/1204/4258 4426/1228/4260 4485/1206/4311
f 4485/1206/4311 4426/1228/4260 4486/1226/4312
f 4487/1207/4313 2483/1205/2387 4485/1206/4311
f 2483/1205/2387 4487/1207/4313 2398/1208/2312
f 2398/1208/2312 4487/1207/4313 2399/1209/2313
f 2401/1212/2316 4489/1211/4314 4488/1210/4315
f 4490/1215/4316 2401/1212/2316 4491/1214/4317
f 4491/1214/4317 2401/1212/2316 2403/1213/2317
f 4490/1215/4316 4489/1211/4314 2401/1212/2316
f 4492/1216/4318 2399/1209/2313 4487/1207/4313
f 2407/1217/2321 2399/1209/2313 4492/1216/4318
f 4493/1220/4319 4495/1219/4320 4494/1218/4321
f 4490/1215/4316 4496/1221/4322 4489/1211/4314
f 4495/1219/4320 4496/1221/4322 4490/1215/4316
f 4494/1218/4321 4495/1219/4320 4490/1215/4316
f 4494/1218/4321 4490/1215/4316 4497/1222/4323
f 4497/1222/4323 4490/1215/4316 4491/1214/4317
f 4485/1206/4311 4486/1226/4312 4498/1227/4324
f 4498/1227/4324 4486/1226/4312 4499/1225/4325
f 2407/1217/2321 4492/1216/4318 2403/1213/2317
f 2403/1213/2317 4492/1216/4318 4491/1214/4317
f 4492/1216/4318 4497/1222/4323 4491/1214/4317
f 4500/1218/4326 4497/1222/4323 4501/1223/4327
f 4501/1223/4327 4497/1222/4323 4502/1224/4328
f 4499/1225/4325 4502/1224/4328 4498/1227/4324
f 4498/1227/4324 4502/1224/4328 4497/1222/4323
f 4498/1227/4324 4497/1222/4323 4492/1216/4318
f 4485/1206/4311 4498/1227/4324 4487/1207/4313
f 4487/1207/4313 4498/1227/4324 4492/1216/4318
f 4503/783/4329 4505/781/4330 4504/782/4331
f 4504/782/4331 4505/781/4330 4506/780/4332
f 4507/783/4333 4509/782/4334 4508/784/4335
f 4508/784/4335 4509/782/4334 4510/785/4336
f 4511/789/4337 4513/788/4338 4512/787/631
f 4509/782/4334 4514/791/4339 4510/785/4336
f 4510/785/4336 4514/791/4339 4515/790/4340
f 4504/782/4331 4506/780/4332 4516/791/4341
f 4516/791/4341 4506/780/4332 4517/792/4342
f 4518/790/4343 4520/791/4344 4519/793/4345
f 4521/792/4346 4523/787/4347 4522/791/4348
f 4523/787/4347 4525/788/4349 4524/794/4350
f 4522/791/4348 4523/787/4347 4524/794/4350
f 4519/793/4345 4520/791/4344 4526/794/4351
f 4527/489/4352 4529/486/4353 4528/488/4354
f 4530/487/4355 4529/486/4353 4527/489/4352
f 4530/487/4355 4531/485/4356 4529/486/4353
f 4529/486/4353 4531/485/4356 4532/484/4357
f 4526/794/4351 4533/795/4358 4519/793/4345
f 4534/796/4359 4533/795/4358 4526/794/4351
f 4535/796/4360 4537/797/4361 4536/795/4362
f 4538/798/4363 4537/797/4361 4535/796/4360
f 4539/801/767 4541/794/4364 4540/788/771
f 4534/796/4359 4526/794/4351 4542/801/4365
f 4535/796/4360 4539/801/4366 4538/798/4363
f 4538/798/4363 4539/801/4366 4543/800/4367
f 4539/801/4366 4532/484/4368 4543/800/4367
f 4543/800/4367 4532/484/4368 4544/799/4369
f 4532/484/4368 4545/802/4370 4544/799/4369
f 4546/485/4371 4545/802/4370 4532/484/4368
s 0
f 4547/807/4372 4549/487/4372 4548/490/4372
f 4548/490/4373 4549/487/4373 4550/489/4373
f 4547/807/4372 4551/485/4372 4549/487/4372
f 4552/802/4372 4551/485/4372 4547/807/4372
f 4547/807/4372 4553/809/4372 4552/802/4372
f 4547/807/4372 4554/811/4372 4553/809/4372
f 4548/490/4374 4554/811/4374 4547/807/4374
f 4548/490/4374 4555/812/4374 4554/811/4374
f 4554/811/4374 4555/812/4374 4556/813/4374
f 4557/814/4374 4554/811/4374 4556/813/4374
s 1
f 4528/488/4354 4558/815/4375 4527/489/4352
s 0
f 4550/489/4374 4559/816/4374 4548/490/4374
s 1
f 4527/489/4352 4558/815/4375 4560/816/4376
s 0
f 4556/813/4374 4561/817/4374 4557/814/4374
f 4555/812/4374 4561/817/4374 4556/813/4374
f 4548/490/4374 4559/816/4374 4562/819/4374
f 4562/819/4374 4555/812/4374 4548/490/4374
s 1
f 4563/815/4377 4565/819/4378 4564/816/4379
f 4566/820/4380 4565/819/4378 4563/815/4377
s 0
f 4567/821/4374 4555/812/4374 4562/819/4374
s 1
f 4568/819/4381 4570/820/4382 4569/821/4383
f 4569/821/4383 4570/820/4382 4571/822/4384
f 4572/822/4385 4574/812/4386 4573/821/4387
f 4575/823/837 4574/812/4386 4572/822/4385
f 4576/823/833 4578/824/4388 4577/812/4389
s 0
f 4579/818/4374 4561/817/4374 4555/812/4374
s 1
f 4577/812/4389 4578/824/4388 4580/818/4390
f 4581/834/4391 4583/818/4392 4582/824/4393
f 4584/817/4394 4583/818/4392 4581/834/4391
s 0
f 4557/814/737 4561/817/737 4585/832/737
s 1
f 4584/817/4394 4581/834/4391 4586/832/4395
f 4586/832/4395 4581/834/4391 4587/833/4396
f 4588/829/4397 4590/832/4398 4589/833/4399
f 4591/814/4400 4590/832/4398 4588/829/4397
f 745/364/741 4592/825/4401 744/365/739
s 0
f 741/361/737 4593/826/737 743/364/737
s 1
f 4594/826/4402 4592/825/4401 745/364/741
s 0
f 4595/827/4374 4593/826/4374 741/361/4374
s 1
f 4596/827/4403 4598/825/4404 4597/826/4405
f 4599/828/4406 4598/825/4404 4596/827/4403
f 4600/831/4407 4602/830/4408 4601/829/812
f 4601/829/812 4602/830/4408 4603/814/4409
f 4599/828/4406 4605/830/4410 4604/831/4411
f 4596/827/4403 4605/830/4410 4599/828/4406
s 0
f 4606/830/4374 4595/827/4374 4557/814/4374
f 4557/814/4374 4595/827/4374 741/361/4374
f 739/360/737 4557/814/737 741/361/737
f 739/360/737 4554/811/737 4557/814/737
f 737/359/737 4554/811/737 739/360/737
f 4553/809/4372 4554/811/4372 737/359/4372
f 737/359/4372 738/357/4372 4553/809/4372
f 4552/802/4372 4553/809/4372 4607/808/4372
f 4553/809/4372 738/357/4372 4607/808/4372
s 1
f 4608/802/4412 4610/808/4413 4609/799/4414
f 4609/799/4414 4610/808/4413 4611/810/4415
f 4612/799/4416 4614/810/4417 4613/800/4418
f 4615/798/4419 4613/800/4418 4616/803/4420
f 4616/803/4420 4613/800/4418 4617/805/4421
f 4613/800/4418 4614/810/4417 4617/805/4421
f 734/357/731 4611/810/4415 4610/808/4413
f 732/355/730 4611/810/4415 734/357/731
f 732/355/730 4618/805/4422 4611/810/4415
f 4619/803/4423 4618/805/4422 4620/804/4424
f 4620/804/4424 4618/805/4422 4621/806/4425
f 4621/806/4425 4618/805/4422 732/355/730
f 4622/806/4426 731/355/728 729/354/727
f 729/354/727 4623/804/4427 4622/806/4426
f 642/338/640 4623/804/4427 729/354/727
f 642/338/640 640/336/638 4623/804/4427
f 4624/1092/4428 4518/790/4343 4519/793/4345
f 4625/1092/4429 4519/793/4345 4626/1093/4430
f 4626/1093/4430 4519/793/4345 4533/795/4358
f 4627/336/4431 4629/333/4432 4628/1094/4433
f 4627/336/4431 4628/1094/4433 4620/804/4424
f 4620/804/4424 4628/1094/4433 4619/803/4423
f 4616/803/4420 4628/1094/4433 4615/798/4419
f 4615/798/4419 4628/1094/4433 4630/797/4434
f 4628/1094/4433 4629/333/4432 4631/1096/4435
f 4630/797/4434 4628/1094/4433 4632/1095/4436
f 4632/1095/4436 4628/1094/4433 4631/1096/4435
f 4633/1095/4437 4536/795/4362 4537/797/4361
f 4634/1093/4438 4536/795/4362 4633/1095/4437
f 4635/332/4439 4636/1100/4440 4629/333/4432
f 4629/333/4432 4636/1100/4440 4631/1096/4435
f 4636/1100/4440 4632/1095/4436 4631/1096/4435
f 4637/1102/4441 4632/1095/4436 4636/1100/4440
f 4638/1102/4442 4634/1093/4438 4633/1095/4437
f 4639/1104/4443 4634/1093/4438 4638/1102/4442
f 4640/1104/4444 4625/1092/4429 4626/1093/4430
f 4641/1099/4445 4625/1092/4429 4640/1104/4444
f 4642/1090/4446 4624/1092/4428 4641/1099/4445
f 4643/888/4447 4645/1091/4448 4644/1090/4449
f 4646/1091/4450 4624/1092/4428 4642/1090/4446
f 4646/1091/4450 4518/790/4343 4624/1092/4428
f 4645/1091/4448 4510/785/4336 4515/790/4340
f 4647/786/4451 4508/784/4335 4510/785/4336
f 4647/786/4451 4510/785/4336 4645/1091/4448
f 4647/786/4451 4645/1091/4448 4643/888/4447
f 4648/872/4452 4647/786/4451 4643/888/4447
f 4649/873/4453 4508/784/4335 4647/786/4451
f 4649/873/4453 4647/786/4451 4648/872/4452
f 4650/874/4454 4652/873/4455 4651/872/4456
f 4653/893/4457 4652/873/4455 4650/874/4454
f 4652/873/4455 4653/893/4457 4654/784/4458
f 4654/784/4458 4653/893/4457 4655/891/4459
f 4656/783/4460 4654/784/4458 4657/890/4461
f 4657/890/4461 4654/784/4458 4655/891/4459
f 4658/781/4462 4660/783/4463 4659/889/4464
f 4659/889/4464 4660/783/4463 4661/890/4465
f 4653/893/4457 4662/892/4466 4655/891/4459
f 4657/890/4461 4655/891/4459 4663/898/4467
f 4663/898/4467 4655/891/4459 4662/892/4466
f 4659/889/4464 4661/890/4465 4664/899/4468
f 4664/899/4468 4661/890/4465 4665/898/4469
f 4666/900/748 4668/899/751 4667/897/4470
f 4667/897/4470 4668/899/751 4663/898/4467
f 4663/898/4467 4662/892/4466 4667/897/4470
f 4667/897/4470 4662/892/4466 4669/895/4471
f 4670/894/4472 4662/892/4466 4653/893/4457
f 4670/894/4472 4669/895/4471 4662/892/4466
f 4671/896/4473 4669/895/4471 4670/894/4472
f 4672/909/4474 4653/893/4457 4650/874/4454
f 4670/894/4472 4653/893/4457 4672/909/4474
f 4671/896/4473 4670/894/4472 4673/910/4475
f 4673/910/4475 4670/894/4472 4672/909/4474
f 4674/868/4476 4676/867/4477 4675/866/4478
f 4675/866/4478 4676/867/4477 4677/869/4479
f 4677/869/4479 4678/870/4480 4675/866/4478
f 4679/871/4481 4678/870/4480 4677/869/4479
f 4676/867/4477 4680/901/4482 4677/869/4479
f 4681/902/4483 4679/871/4481 4677/869/4479
f 4677/869/4479 4680/901/4482 4681/902/4483
f 4682/904/4484 4680/901/4482 4683/903/4485
f 4681/902/4483 4680/901/4482 4682/904/4484
f 4684/905/4486 4679/871/4481 4681/902/4483
f 4681/902/4483 4682/904/4484 4684/905/4486
f 4684/905/4486 4682/904/4484 4685/906/4487
f 4673/910/4475 4672/909/4474 4686/908/4488
f 4672/909/4474 4650/874/4454 4687/907/4489
f 4686/908/4488 4672/909/4474 4687/907/4489
f 4686/908/4488 4687/907/4489 4685/906/4487
f 4685/906/4487 4687/907/4489 4684/905/4486
f 4678/870/4480 4679/871/4481 4688/876/4490
f 4688/876/4490 4679/871/4481 4689/875/4491
f 4679/871/4481 4684/905/4486 4689/875/4491
f 4689/875/4491 4684/905/4486 4687/907/4489
f 4687/907/4489 4650/874/4454 4689/875/4491
f 4650/874/4454 4651/872/4456 4689/875/4491
f 4689/875/4491 4651/872/4456 4688/876/4490
f 4648/872/4452 4643/888/4447 4690/876/4492
f 4690/876/4492 4643/888/4447 4691/887/4493
f 4691/887/4493 4692/870/4494 4690/876/4492
f 4693/886/4495 4692/870/4494 4691/887/4493
f 4692/870/4494 4693/886/4495 4694/866/4496
f 4694/866/4496 4693/886/4495 4695/885/4497
f 4696/1069/2872 4698/1067/4498 4697/1068/4499
f 4697/1068/4499 4698/1067/4498 4699/1066/4500
f 4694/866/4496 4695/885/4497 4700/884/4501
f 4701/1087/4502 4702/882/4503 4695/885/4497
f 4695/885/4497 4702/882/4503 4700/884/4501
f 4694/866/4496 4700/884/4501 4703/868/3801
f 4703/868/3801 4700/884/4501 4704/883/4504
f 4702/882/4503 4704/883/4504 4700/884/4501
f 4705/881/3821 4704/883/4504 4702/882/4503
f 4706/879/4505 4708/881/3828 4707/880/4506
f 4707/880/4506 4708/881/3828 4709/882/4507
f 4710/1086/4508 4709/882/4507 4711/1087/4509
f 4707/880/4506 4709/882/4507 4710/1086/4508
f 4707/880/4506 4712/878/4510 4706/879/4505
f 4706/879/4505 4712/878/4510 4713/877/3826
f 4710/1086/4508 4714/1085/4511 4707/880/4506
f 4707/880/4506 4714/1085/4511 4712/878/4510
s 0
f 4715/1067/4512 4717/1070/4512 4716/1066/4512
s 1
f 4696/1069/2872 4718/1070/4513 4698/1067/4498
f 4719/1071/2871 4718/1070/4513 4696/1069/2872
f 4720/1066/4514 4722/1070/4515 4721/1072/4516
f 4721/1072/4516 4723/1074/4517 4720/1066/4514
f 4720/1066/4514 4723/1074/4517 4724/1073/4518
f 4723/1074/4517 4725/1075/4519 4724/1073/4518
f 4726/1085/4520 4728/1084/4521 4727/878/4522
f 4727/878/4522 4728/1084/4521 4729/1082/4523
f 4727/878/4522 4731/1083/4524 4730/877/4525
f 4729/1082/4523 4731/1083/4524 4727/878/4522
f 4732/1083/4526 4734/1082/4527 4733/1081/2876
f 4733/1081/2876 4734/1082/4527 4735/1080/4528
f 4733/1081/2876 4737/1070/4529 4736/1071/4530
f 4735/1080/4528 4737/1070/4529 4733/1081/2876
f 4735/1080/4528 4738/1072/4531 4737/1070/4529
f 4739/1079/4532 4738/1072/4531 4735/1080/4528
f 4738/1072/4531 4739/1079/4532 4740/1074/4533
f 4740/1074/4533 4739/1079/4532 4741/1078/4534
f 4740/1074/4533 4741/1078/4534 4742/1076/4535
f 4743/1076/4536 4725/1075/4519 4723/1074/4517
f 4743/1076/4536 637/334/636 4725/1075/4519
f 636/332/634 637/334/636 4743/1076/4536
f 4693/886/4495 4744/1088/4537 4695/885/4497
f 4695/885/4497 4744/1088/4537 4701/1087/4502
f 4744/1088/4537 4693/886/4495 4745/1089/4538
f 4745/1089/4538 4693/886/4495 4691/887/4493
f 4643/888/4447 4644/1090/4449 4691/887/4493
f 4691/887/4493 4644/1090/4449 4745/1089/4538
f 4710/1086/4508 4711/1087/4509 4746/1097/4539
f 4746/1097/4539 4711/1087/4509 4747/1088/4540
f 4748/1089/4541 4749/1098/4542 4747/1088/4540
f 4747/1088/4540 4749/1098/4542 4746/1097/4539
f 4642/1090/4446 4641/1099/4445 4748/1089/4541
f 4748/1089/4541 4641/1099/4445 4749/1098/4542
f 4635/332/4439 4742/1076/4535 4636/1100/4440
f 4742/1076/4535 4741/1078/4534 4750/1077/4543
f 4636/1100/4440 4742/1076/4535 4750/1077/4543
f 4637/1102/4441 4636/1100/4440 4751/1101/4544
f 4751/1101/4544 4636/1100/4440 4750/1077/4543
f 4640/1104/4444 4752/1103/4545 4641/1099/4445
f 4641/1099/4445 4752/1103/4545 4749/1098/4542
f 4638/1102/4442 4753/1101/4546 4639/1104/4443
f 4639/1104/4443 4753/1101/4546 4754/1103/4547
f 4749/1098/4542 4752/1103/4545 4746/1097/4539
f 4755/1106/4548 4756/1105/4549 4726/1085/4520
f 4726/1085/4520 4756/1105/4549 4728/1084/4521
f 4710/1086/4508 4757/1106/4550 4714/1085/4511
f 4746/1097/4539 4757/1106/4550 4710/1086/4508
f 4746/1097/4539 4752/1103/4545 4757/1106/4550
f 4755/1106/4548 4754/1103/4547 4756/1105/4549
f 4756/1105/4549 4754/1103/4547 4753/1101/4546
f 4750/1077/4543 4758/1105/4551 4751/1101/4544
f 4741/1078/4534 4758/1105/4551 4750/1077/4543
f 4759/1084/4552 4735/1080/4528 4734/1082/4527
f 4739/1079/4532 4735/1080/4528 4759/1084/4552
f 4741/1078/4534 4739/1079/4532 4758/1105/4551
f 4758/1105/4551 4739/1079/4532 4759/1084/4552
s 0
f 4760/1109/4553 4762/1111/4553 4761/1110/4553
f 4763/1110/4554 4765/1108/4554 4764/1109/4554
f 4766/1109/4555 4768/1108/4555 4767/1107/4555
s 1
f 4769/1114/4556 4771/1113/4557 4770/1112/4558
f 4772/1115/4559 4771/1113/4557 4769/1114/4556
f 4773/1119/4560 4775/1117/4561 4774/1118/4562
f 4774/1118/4562 4775/1117/4561 4776/1116/4563
f 4777/1108/4564 4778/1110/4565 4773/1119/4560
f 4773/1119/4560 4778/1110/4565 4775/1117/4561
f 4769/1114/4556 4779/1120/4566 4772/1115/4559
f 4772/1115/4559 4779/1120/4566 4780/1121/4567
f 4781/1123/4568 4772/1115/4559 4782/1122/4569
f 4782/1122/4569 4772/1115/4559 4780/1121/4567
f 4783/1125/4570 4785/1124/4571 4784/1121/4572
f 4784/1121/4572 4785/1124/4571 4786/1122/4573
f 4787/1124/4574 4789/1123/4575 4788/1122/4576
f 4790/1126/4577 4789/1123/4575 4787/1124/4574
f 4789/1123/4575 4790/1126/4577 4791/1128/4578
f 4791/1128/4578 4790/1126/4577 4792/1127/4579
f 4793/1130/4580 4794/1129/4581 4792/1127/4579
f 4792/1127/4579 4794/1129/4581 4791/1128/4578
f 4776/1116/4563 4794/1129/4581 4793/1130/4580
f 4775/1117/4561 4794/1129/4581 4776/1116/4563
f 2857/475/2749 4795/1131/4582 2858/474/2751
f 4778/1110/4565 4796/1111/4583 4775/1117/4561
f 4775/1117/4561 4796/1111/4583 4794/1129/4581
f 4794/1129/4581 4796/1111/4583 4797/1128/4584
f 2860/478/2754 4798/1132/4585 2859/480/2752
f 4781/1123/4568 4797/1128/4584 4772/1115/4559
f 4797/1128/4584 4796/1111/4583 4799/1133/4586
f 4772/1115/4559 4797/1128/4584 4799/1133/4586
f 2858/474/2751 4795/1131/4582 4800/1134/4587
f 4795/1131/4582 4801/1135/4588 4800/1134/4587
f 4800/1134/4587 4801/1135/4588 4802/1136/4589
f 4770/1112/4558 4802/1136/4589 4801/1135/4588
f 4771/1113/4557 4802/1136/4589 4770/1112/4558
f 4803/1115/4590 4805/1137/4591 4804/1113/4592
f 4806/1115/4593 4808/1133/4594 4807/1137/4595
f 4804/1113/4592 4805/1137/4591 4809/1136/4596
f 4810/476/4597 4812/474/4598 4811/479/4599
f 4811/479/4599 4812/474/4598 4813/478/4600
f 4812/474/4598 4814/1134/4601 4813/478/4600
f 4813/478/4600 4814/1134/4601 4815/1132/4602
f 4809/1136/4596 4817/1132/4603 4816/1134/4604
f 4805/1137/4591 4817/1132/4603 4809/1136/4596
f 4818/1111/4605 4820/1109/4606 4819/1138/4607
f 4819/1138/4607 4808/1133/4594 4818/1111/4605
f 4807/1137/4595 4808/1133/4594 4819/1138/4607
f 4821/1137/4608 4822/1138/4609 4798/1132/4585
f 2859/480/2752 4798/1132/4585 4822/1138/4609
f 4823/1138/4610 4825/1109/4611 4824/480/4612
f 4826/1140/4613 2855/477/2748 4827/1139/4614
f 4827/1139/4614 2855/477/2748 2856/476/2750
f 4810/476/4597 4811/479/4599 4828/1139/4615
f 4829/1141/4616 2861/479/2753 2859/480/2752
s 0
f 4830/1139/4617 4832/479/4617 4831/1141/4617
s 1
f 4833/1141/4618 4835/1142/4619 4834/1139/4620
f 4836/1107/4621 4835/1142/4619 4833/1141/4618
f 4825/1109/4611 4837/1107/4622 4824/480/4612
f 4824/480/4612 4837/1107/4622 4838/1141/4623
f 4839/1928/4624 4841/1929/4625 4840/1930/2655
f 4840/1930/2655 4841/1929/4625 4842/1931/2653
f 4841/1929/4625 4843/1932/4626 4842/1931/2653
f 4842/1931/2653 4843/1932/4626 4844/1933/2657
f 4845/1934/4627 4847/1935/4628 4846/1936/4629
f 4845/1934/4627 4848/1937/4630 4847/1935/4628
f 4849/1938/4631 4848/1937/4630 4845/1934/4627
f 4849/1938/4631 4850/1939/4632 4848/1937/4630
f 4844/1933/2657 4850/1939/4632 4851/1940/4633
f 4843/1932/4626 4850/1939/4632 4844/1933/2657
f 4850/1939/4632 4843/1932/4626 4848/1937/4630
f 4848/1937/4630 4843/1932/4626 4852/1941/4634
f 4841/1929/4625 4852/1941/4634 4843/1932/4626
f 4848/1937/4630 4852/1941/4634 4847/1935/4628
f 4853/1942/4635 4852/1941/4634 4841/1929/4625
f 4847/1935/4628 4852/1941/4634 4854/1943/4636
f 4852/1941/4634 4853/1942/4635 4854/1943/4636
f 4854/1943/4636 4853/1942/4635 4855/1944/4637
f 4841/1929/4625 4839/1928/4624 4853/1942/4635
f 4853/1942/4635 4856/1945/4638 4855/1944/4637
f 4853/1942/4635 4839/1928/4624 4856/1945/4638
f 4839/1928/4624 4857/1946/4639 4856/1945/4638
f 4856/1945/4638 4857/1946/4639 4858/1947/4640
f 4855/1944/4637 4856/1945/4638 4859/1948/4641
f 4856/1945/4638 4858/1947/4640 4859/1948/4641
f 4859/1948/4641 4858/1947/4640 4860/1949/4642
f 4860/1949/4642 4861/1950/4643 4859/1948/4641
f 3091/1650/2977 3103/1662/2989 3092/1651/2978
f 3092/1651/2978 3103/1662/2989 4862/1951/2651
f 4862/1951/2651 3103/1662/2989 4861/1950/4643
f 4859/1948/4641 4861/1950/4643 4863/1952/4644
f 4861/1950/4643 3103/1662/2989 4863/1952/4644
f 4846/1936/4629 4847/1935/4628 4864/1953/4645
f 4847/1935/4628 4854/1943/4636 4864/1953/4645
f 4859/1948/4641 4863/1952/4644 4855/1944/4637
f 4865/1954/4646 4854/1943/4636 4855/1944/4637
f 4855/1944/4637 4863/1952/4644 4865/1954/4646
f 3103/1662/2989 3104/1663/2990 4863/1952/4644
f 4863/1952/4644 3104/1663/2990 4865/1954/4646
f 3106/1665/2992 4865/1954/4646 3104/1663/2990
f 3106/1665/2992 3107/1666/2993 4866/1955/4647
f 4866/1955/4647 4865/1954/4646 3106/1665/2992
f 4866/1955/4647 4854/1943/4636 4865/1954/4646
f 4864/1953/4645 4854/1943/4636 4866/1955/4647
f 4866/1955/4647 3107/1666/2993 4864/1953/4645
f 3098/1657/2984 3110/1669/2996 3100/1659/2986
f 3107/1666/2993 3110/1669/2996 4864/1953/4645
f 4864/1953/4645 3110/1669/2996 4846/1936/4629
f 4846/1936/4629 3110/1669/2996 3098/1657/2984
f 3096/1655/2982 4846/1936/4629 3098/1657/2984
f 4845/1934/4627 4846/1936/4629 3096/1655/2982
f 3096/1655/2982 4849/1938/4631 4845/1934/4627
f 3093/1652/2979 4849/1938/4631 3096/1655/2982
f 4867/1956/4648 4850/1939/4632 4849/1938/4631
f 3093/1652/2979 4867/1956/4648 4849/1938/4631
f 3094/1654/2981 4868/1957/4649 3093/1652/2979
f 4868/1957/4649 4867/1956/4648 3093/1652/2979
f 4850/1939/4632 4867/1956/4648 4851/1940/4633
f 4851/1940/4633 4867/1956/4648 4869/1958/4650
f 4867/1956/4648 4868/1957/4649 4869/1958/4650
f 4869/1958/4650 4868/1957/4649 4870/1959/2681
f 4871/1960/4651 4868/1957/4649 3094/1654/2981
f 4868/1957/4649 4871/1960/4651 4870/1959/2681
f 4870/1959/2681 4871/1960/4651 4872/1961/2683
f 4873/1962/2686 4875/1963/4652 4874/1964/2684
f 4875/1963/4652 4876/1497/2687 4874/1964/2684
f 4877/1498/4653 4876/1497/2687 4875/1963/4652
f 2828/1501/2722 4877/1498/4653 2827/1507/2720
f 2827/1507/2720 4877/1498/4653 4875/1963/4652
f 4878/1965/4654 4875/1963/4652 4873/1962/2686
f 4875/1963/4652 4878/1965/4654 2827/1507/2720
f 3095/1653/2980 4879/1966/4655 3094/1654/2981
f 3094/1654/2981 4879/1966/4655 4880/1967/4656
f 4880/1967/4656 4871/1960/4651 3094/1654/2981
f 4872/1961/2683 4878/1965/4654 4873/1962/2686
f 4871/1960/4651 4878/1965/4654 4872/1961/2683
f 4878/1965/4654 4871/1960/4651 4880/1967/4656
f 2827/1507/2720 4878/1965/4654 4880/1967/4656
f 4880/1967/4656 4881/1508/4657 2827/1507/2720
f 4879/1966/4655 4881/1508/4657 4880/1967/4656
f 3097/1656/2983 4882/1968/4658 3095/1653/2980
f 3095/1653/2980 4882/1968/4658 4879/1966/4655
f 3112/1671/2998 4883/1969/4659 3101/1660/2987
f 3101/1660/2987 4883/1969/4659 4884/1970/4660
f 3101/1660/2987 4884/1970/4660 3099/1658/2985
f 4881/1508/4657 4879/1966/4655 2832/1509/2725
f 2832/1509/2725 4879/1966/4655 4882/1968/4658
f 3099/1658/2985 4884/1970/4660 4885/1971/4661
f 4885/1971/4661 3097/1656/2983 3099/1658/2985
f 4882/1968/4658 3097/1656/2983 4885/1971/4661
f 4885/1971/4661 2832/1509/2725 4882/1968/4658
f 2833/1510/2726 2832/1509/2725 4886/1972/4662
f 4886/1972/4662 2832/1509/2725 4885/1971/4661
f 4884/1970/4660 4887/1972/4663 4885/1971/4661
f 4883/1969/4659 4888/1973/4664 4884/1970/4660
f 4888/1973/4664 4887/1972/4663 4884/1970/4660
f 4887/1972/4663 4888/1973/4664 4889/1510/4665
s 0
f 4890/1510/4666 4892/1973/4666 4891/1523/4666
s 1
f 4893/1974/4667 4888/1973/4664 4883/1969/4659
f 4893/1974/4667 2850/1523/2742 4888/1973/4664
f 2851/1525/2744 2850/1523/2742 4893/1974/4667
f 2853/1527/2746 2851/1525/2744 2854/1528/2747
f 2854/1528/2747 2851/1525/2744 4893/1974/4667
f 4893/1974/4667 4883/1969/4659 2854/1528/2747
f 3114/1673/3000 3120/1679/3006 3112/1671/2998
f 3112/1671/2998 3120/1679/3006 4883/1969/4659
f 2854/1528/2747 4883/1969/4659 3120/1679/3006
f 3121/1680/3007 2854/1528/2747 3120/1679/3006
f 3122/1681/3008 2854/1528/2747 3121/1680/3007
f 2844/1520/2737 2854/1528/2747 3122/1681/3008
f 3116/1675/3002 4894/1975/4668 3118/1677/3004
f 2737/1427/2637 3116/1675/3002 2735/1425/2635
f 4894/1975/4668 3116/1675/3002 2737/1427/2637
f 2739/1429/2639 4894/1975/4668 2737/1427/2637
f 2741/1431/2641 4894/1975/4668 2739/1429/2639
f 2815/1495/2710 2837/1513/2730 4895/1494/4669
f 3118/1677/3004 4894/1975/4668 4896/1976/4670
f 4894/1975/4668 2741/1431/2641 4896/1976/4670
f 4895/1494/4669 2837/1513/2730 4897/1977/4671
f 4895/1494/4669 4897/1977/4671 2730/1420/2630
f 2730/1420/2630 4897/1977/4671 2741/1431/2641
f 4896/1976/4670 2741/1431/2641 4897/1977/4671
f 4897/1977/4671 2837/1513/2730 4896/1976/4670
f 4896/1976/4670 2837/1513/2730 2838/1514/2731
f 3122/1681/3008 2842/1518/2735 2844/1520/2737
f 3119/1678/3005 2842/1518/2735 3122/1681/3008
f 3119/1678/3005 4898/1517/4672 2842/1518/2735
f 3118/1677/3004 4898/1517/4672 3119/1678/3005
f 4896/1976/4670 2838/1514/2731 3118/1677/3004
f 3118/1677/3004 2838/1514/2731 4898/1517/4672
f 4899/1978/4673 4901/1979/4674 4900/1980/4675
f 4900/1980/4675 4901/1979/4674 4902/1981/4676
f 4903/1982/4677 4905/1983/4678 4904/1984/4679
f 4902/1981/4676 4904/1984/4679 4905/1983/4678
f 4906/1985/4680 4903/1982/4677 4907/1986/4681
f 4907/1986/4681 4903/1982/4677 4908/1987/4682
f 4906/1985/4680 4905/1983/4678 4903/1982/4677
f 4903/1982/4677 4909/1988/4683 4908/1987/4682
f 4907/1986/4681 4910/1989/4684 4906/1985/4680
f 4908/1987/4682 4910/1989/4684 4907/1986/4681
f 4911/1990/4685 4910/1989/4684 4908/1987/4682
f 4909/1988/4683 4911/1990/4685 4908/1987/4682
f 4912/1991/4686 4911/1990/4685 4909/1988/4683
f 4913/1992/4687 4914/1993/4688 4911/1990/4685
f 4911/1990/4685 4914/1993/4688 4915/1989/4689
f 4912/1991/4686 4913/1992/4687 4911/1990/4685
f 4916/1994/4690 4913/1992/4687 4912/1991/4686
f 4916/1994/4690 4917/1995/4691 4913/1992/4687
f 4917/1995/4691 4914/1993/4688 4913/1992/4687
f 4918/1996/4692 4914/1993/4688 4917/1995/4691
f 4914/1993/4688 4918/1996/4692 4919/1997/4693
f 4919/1997/4693 4915/1989/4689 4914/1993/4688
f 4906/1985/4680 4910/1989/4684 4920/1998/4694
f 4920/1998/4694 4910/1989/4684 4921/1997/4695
f 4922/1999/4696 4923/2000/4697 4921/1997/4695
f 4921/1997/4695 4923/2000/4697 4920/1998/4694
f 4919/1997/4693 4918/1996/4692 4924/1999/4698
f 4920/1998/4694 4905/1983/4678 4906/1985/4680
f 4923/2000/4697 4905/1983/4678 4920/1998/4694
f 4923/2000/4697 4902/1981/4676 4905/1983/4678
f 4900/1980/4675 4902/1981/4676 4923/2000/4697
f 4923/2000/4697 4925/2001/4699 4900/1980/4675
f 4922/1999/4696 4925/2001/4699 4923/2000/4697
f 4922/1999/4696 4926/2002/4700 4925/2001/4699
f 4926/2002/4700 4922/1999/4696 4927/2003/4701
f 4927/2003/4701 4922/1999/4696 4918/1996/4692
f 4927/2003/4701 4918/1996/4692 4928/2004/4702
f 4928/2004/4702 4918/1996/4692 4917/1995/4691
f 4929/2005/4703 4931/2006/4704 4930/2007/4705
f 4932/2008/4706 4931/2006/4704 4929/2005/4703
f 4932/2008/4706 4933/2009/4707 4931/2006/4704
f 4928/2004/4702 4933/2009/4707 4932/2008/4706
f 4928/2004/4702 4917/1995/4691 4933/2009/4707
f 4934/2010/4708 4917/1995/4691 4916/1994/4690
f 4933/2009/4707 4917/1995/4691 4934/2010/4708
f 4933/2009/4707 4934/2010/4708 4935/2011/4709
f 4935/2011/4709 4934/2010/4708 2385/1195/2299
f 2384/1194/2298 2385/1195/2299 4936/2012/4710
f 2385/1195/2299 4934/2010/4708 4937/2012/4711
f 4937/2012/4711 4934/2010/4708 4916/1994/4690
f 4936/2012/4710 4916/1994/4690 2384/1194/2298
f 2384/1194/2298 4916/1994/4690 4912/1991/4686
f 2384/1194/2298 4912/1991/4686 2382/1193/2297
f 2382/1193/2297 4912/1991/4686 4909/1988/4683
f 4938/2013/4712 4909/1988/4683 4903/1982/4677
f 2382/1193/2297 4909/1988/4683 4938/2013/4712
f 4904/1984/4679 4938/2013/4712 4903/1982/4677
f 2382/1193/2297 4938/2013/4712 2381/1191/2295
f 2381/1191/2295 4938/2013/4712 2380/1190/2294
f 2380/1190/2294 4938/2013/4712 4904/1984/4679
f 2371/1181/2285 2380/1190/2294 2525/1304/2429
f 4939/2014/4713 4904/1984/4679 4902/1981/4676
f 4939/2014/4713 2380/1190/2294 4904/1984/4679
f 2525/1304/2429 2380/1190/2294 4940/2015/4714
f 4940/2015/4714 2380/1190/2294 4939/2014/4713
f 2525/1304/2429 4940/2015/4714 2528/1307/2432
f 2528/1307/2432 4940/2015/4714 4941/2016/4715
f 4939/2014/4713 4941/2016/4715 4940/2015/4714
f 4942/2017/4716 4902/1981/4676 4943/2018/4717
f 4943/2018/4717 4902/1981/4676 4901/1979/4674
f 4942/2017/4716 4939/2014/4713 4902/1981/4676
f 4944/2019/4718 4941/2016/4715 4939/2014/4713
f 4944/2019/4718 4939/2014/4713 4942/2017/4716
f 2528/1307/2432 4945/2020/2958 2533/1312/2437
f 4941/2016/4715 4945/2020/2958 2528/1307/2432
f 4946/2021/4719 4947/2022/4720 4899/1978/4673
f 4899/1978/4673 4943/2018/4717 4901/1979/4674
f 4947/2022/4720 4943/2018/4717 4899/1978/4673
f 4941/2016/4715 4944/2019/4718 4945/2020/2958
f 4945/2020/2958 4944/2019/4718 4948/2023/4721
f 4944/2019/4718 4942/2017/4716 4948/2023/4721
f 4949/2024/4722 4942/2017/4716 4943/2018/4717
f 4948/2023/4721 4942/2017/4716 4949/2024/4722
f 4950/2024/4723 4952/2025/4724 4951/2023/4725
f 4953/2026/4726 4952/2025/4724 4950/2024/4723
f 4950/2024/4723 4954/2018/4727 4953/2026/4726
f 4953/2026/4726 4954/2018/4727 4955/2027/4728
f 4954/2018/4727 4956/2022/4729 4955/2027/4728
f 4957/2027/4730 4947/2022/4720 4958/2028/4731
f 4959/2029/4732 4947/2022/4720 4946/2021/4719
f 4947/2022/4720 4959/2029/4732 4958/2028/4731
f 4958/2028/4731 4959/2029/4732 4960/2030/4733
f 3079/1640/2966 3080/1639/2965 3081/1641/2967
f 3081/1641/2967 3080/1639/2965 4961/2031/4734
f 4961/2031/4734 3086/1646/2972 3081/1641/2967
f 4962/2032/4735 3086/1646/2972 4961/2031/4734
f 4960/2030/4733 3086/1646/2972 4962/2032/4735
f 4959/2029/4732 3086/1646/2972 4960/2030/4733
f 4959/2029/4732 3083/1644/2970 3086/1646/2972
f 4946/2021/4719 3083/1644/2970 4959/2029/4732
f 4946/2021/4719 3082/1642/2968 3083/1644/2970
f 4963/2033/4736 3082/1642/2968 4946/2021/4719
f 3082/1642/2968 4963/2033/4736 4964/2034/4737
f 4965/2035/4738 4967/2036/4739 4966/2037/4740
f 4899/1978/4673 4963/2033/4736 4946/2021/4719
f 4964/2034/4737 4963/2033/4736 4968/2038/4741
f 4964/2034/4737 4968/2038/4741 4969/2039/4742
f 4969/2039/4742 4968/2038/4741 4970/2040/4743
f 4966/2037/4740 4967/2036/4739 4971/2041/4744
f 4972/2036/4745 4974/2042/4746 4973/2041/4747
f 4975/2043/4748 4963/2033/4736 4899/1978/4673
f 4975/2043/4748 4976/2044/4749 4963/2033/4736
f 4963/2033/4736 4976/2044/4749 4968/2038/4741
f 4900/1980/4675 4975/2043/4748 4899/1978/4673
f 4925/2001/4699 4975/2043/4748 4900/1980/4675
f 4925/2001/4699 4926/2002/4700 4977/2045/4750
f 4977/2045/4750 4975/2043/4748 4925/2001/4699
f 4976/2044/4749 4975/2043/4748 4977/2045/4750
f 4978/2046/4751 4979/2047/4752 4970/2040/4743
f 4970/2040/4743 4979/2047/4752 4974/2042/4746
f 4968/2038/4741 4978/2046/4751 4970/2040/4743
f 4976/2044/4749 4978/2046/4751 4968/2038/4741
f 4978/2046/4751 4976/2044/4749 4980/2048/4753
f 4980/2048/4753 4976/2044/4749 4977/2045/4750
f 4932/2008/4706 4927/2003/4701 4928/2004/4702
f 4981/2049/4754 4926/2002/4700 4927/2003/4701
f 4981/2049/4754 4927/2003/4701 4932/2008/4706
f 4966/2037/4740 4971/2041/4744 4982/2050/4755
f 4980/2048/4753 4983/2051/4756 4978/2046/4751
f 4978/2046/4751 4983/2051/4756 4979/2047/4752
f 4974/2042/4746 4979/2047/4752 4973/2041/4747
f 4982/2050/4755 4971/2041/4744 4984/2052/4757
f 4973/2041/4747 4979/2047/4752 4985/2052/4758
f 4983/2051/4756 4986/2053/4759 4979/2047/4752
f 4979/2047/4752 4986/2053/4759 4985/2052/4758
f 4984/2052/4757 4987/2054/4760 4982/2050/4755
f 4988/2053/4761 4987/2054/4760 4984/2052/4757
f 4989/2055/4762 4926/2002/4700 4981/2049/4754
f 4926/2002/4700 4989/2055/4762 4977/2045/4750
f 4977/2045/4750 4989/2055/4762 4980/2048/4753
f 4981/2049/4754 4990/2056/4763 4989/2055/4762
f 4989/2055/4762 4990/2056/4763 4991/2057/4764
f 4989/2055/4762 4991/2057/4764 4980/2048/4753
f 4980/2048/4753 4991/2057/4764 4983/2051/4756
f 4932/2008/4706 4990/2056/4763 4981/2049/4754
f 4929/2005/4703 4990/2056/4763 4932/2008/4706
f 4991/2057/4764 4992/2058/4765 4983/2051/4756
f 4983/2051/4756 4992/2058/4765 4986/2053/4759
f 4988/2053/4761 4993/2059/4766 4987/2054/4760
f 4994/2058/4767 4993/2059/4766 4988/2053/4761
f 2906/1567/2799 2907/1568/2800 4995/2060/4768
f 2907/1568/2800 4993/2059/4766 4995/2060/4768
f 4995/2060/4768 4993/2059/4766 4994/2058/4767
f 4991/2057/4764 4996/2060/4769 4992/2058/4765
f 4990/2056/4763 4996/2060/4769 4991/2057/4764
f 4990/2056/4763 4929/2005/4703 4996/2060/4769
f 4996/2060/4769 4929/2005/4703 4997/1567/4770
f 4929/2005/4703 4998/2007/4771 4997/1567/4770
f 4997/1567/4770 4998/2007/4771 4999/1566/4772
f 5000/2061/4773 5002/2062/4774 5001/2063/4775
f 5000/2061/4773 5001/2063/4775 5003/2064/4776
f 5004/2064/4777 5006/2063/4778 5005/2065/4779
f 5006/2063/4778 5007/2066/4780 5005/2065/4779
f 5001/2063/4775 5002/2062/4774 5008/2067/4781
f 5009/2067/4782 5011/2068/4783 5010/2063/4784
f 5011/2068/4783 5012/2066/4785 5010/2063/4784
f 5013/2068/4786 5015/2069/4787 5014/2066/4788
f 5016/2070/4789 5011/2068/4783 5009/2067/4782
f 5017/2070/4790 5019/2071/4791 5018/2068/4792
f 5020/2071/4793 5015/2069/4787 5013/2068/4786
f 5015/2069/4787 5020/2071/4793 5021/2072/4794
f 2385/1195/2299 2393/1203/2307 4935/2011/4709
f 2903/1564/2796 2904/1566/2798 5002/2062/4774
f 5002/2062/4774 2904/1566/2798 5008/2067/4781
f 4999/1566/4772 5016/2070/4789 5009/2067/4782
f 4998/2007/4771 5016/2070/4789 4999/1566/4772
f 5022/2073/4795 5019/2071/4791 5017/2070/4790
f 4930/2007/4705 5022/2073/4795 5017/2070/4790
f 4931/2006/4704 5022/2073/4795 4930/2007/4705
f 4933/2009/4707 5022/2073/4795 4931/2006/4704
f 4935/2011/4709 5022/2073/4795 4933/2009/4707
f 5021/2072/4794 5020/2071/4793 5023/2074/4796
f 5022/2073/4795 5024/2074/4797 5019/2071/4791
f 4935/2011/4709 5024/2074/4797 5022/2073/4795
f 4935/2011/4709 2393/1203/2307 5024/2074/4797
f 2393/1203/2307 2392/1202/2306 5024/2074/4797
f 5024/2074/4797 2392/1202/2306 5025/2072/4798
f 5026/2075/4799 2392/1202/2306 2391/1201/2305
f 2392/1202/2306 5026/2075/4799 5025/2072/4798
f 5025/2072/4798 5026/2075/4799 2872/1538/2765
f 5026/2075/4799 2869/1535/2762 2872/1538/2765
f 2391/1201/2305 2869/1535/2762 5026/2075/4799
f 2648/1386/2550 2869/1535/2762 2391/1201/2305
f 2647/1386/2549 2871/1536/2763 2869/1535/2762
f 2645/1383/2546 2871/1536/2763 2647/1386/2549
f 2871/1536/2763 2645/1383/2546 5027/2076/4800
f 5027/2076/4800 2645/1383/2546 2643/1382/2545
f 5028/1430/4801 914/464/907 2726/1417/2626
f 5029/2077/4802 916/465/908 914/464/907
f 5029/2077/4802 914/464/907 5028/1430/4801
f 2736/1426/2636 5030/2078/4803 2738/1428/2638
f 2738/1428/2638 5030/2078/4803 5031/2079/4804
f 5032/1428/4805 5029/2077/4802 5028/1430/4801
f 5031/2079/4804 5033/2077/4806 2738/1428/2638
f 5034/2080/4807 5029/2077/4802 5035/2079/4808
f 5036/2081/4809 916/465/908 5029/2077/4802
f 5036/2081/4809 5029/2077/4802 5034/2080/4807
f 2652/465/2555 5037/2081/4810 2651/1382/2553
f 2651/1382/2553 5037/2081/4810 5038/2076/4811
f 5034/2080/4807 5038/2076/4811 5037/2081/4810
f 5039/2082/4812 5034/2080/4807 5040/2083/4813
f 5039/2082/4812 5038/2076/4811 5034/2080/4807
f 5041/2082/4814 2871/1536/2763 5027/2076/4800
f 2870/1537/2764 2871/1536/2763 5042/2084/4815
f 5042/2084/4815 2871/1536/2763 5041/2082/4814
f 5043/2083/4816 5042/2084/4815 5041/2082/4814
f 5044/2085/4817 5042/2084/4815 5043/2083/4816
f 5044/2085/4817 5045/2086/4818 5042/2084/4815
f 5046/2084/4819 5047/2086/4820 2870/1537/2764
f 2870/1537/2764 5047/2086/4820 2872/1538/2765
f 5048/1538/4821 5050/2086/4822 5049/2087/4823
f 2881/1545/2774 2882/1543/2776 5051/1550/4824
f 2874/1541/2768 5052/2088/4825 2873/1539/2766
f 5053/2089/4826 5054/2090/4827 5052/2088/4825
f 2873/1539/2766 5052/2088/4825 5054/2090/4827
f 5055/2091/4828 5057/2092/4829 5056/2090/4830
f 5058/2091/4831 5054/2090/4827 5053/2089/4826
f 5056/2090/4830 5057/2092/4829 2878/1539/2772
f 2878/1539/2772 5057/2092/4829 2877/1543/2770
f 5051/1550/4824 2882/1543/2776 5057/2092/4829
f 5021/2072/4794 5048/1538/4821 5015/2069/4787
f 5015/2069/4787 5048/1538/4821 5049/2087/4823
f 5049/2087/4823 5059/2093/4832 5015/2069/4787
f 5015/2069/4787 5059/2093/4832 5014/2066/4788
f 5051/1550/4824 5057/2092/4829 5060/1557/4833
f 5061/2094/4834 5057/2092/4829 5055/2091/4828
f 5060/1557/4833 5057/2092/4829 5061/2094/4834
f 5060/1557/4833 5061/2094/4834 5062/1558/4835
f 5062/1558/4835 5061/2094/4834 5063/2095/4836
f 5055/2091/4828 5064/2096/4837 5061/2094/4834
f 5061/2094/4834 5064/2096/4837 5063/2095/4836
f 5053/2089/4826 5065/2097/4838 5058/2091/4831
s 0
f 5066/2091/4839 5068/2097/4839 5067/2096/4839
s 1
f 5007/2066/4780 5069/2093/4840 5005/2065/4779
f 5049/2087/4823 5070/2098/4841 5059/2093/4832
f 5071/2098/4842 5072/2099/4843 5069/2093/4840
f 5005/2065/4779 5069/2093/4840 5072/2099/4843
f 5073/2065/4844 5075/2099/4845 5074/2064/4846
f 5074/2064/4846 5075/2099/4845 5076/2100/4847
f 5077/2101/4848 5072/2099/4843 5071/2098/4842
f 5075/2099/4845 5077/2101/4848 5076/2100/4847
f 5076/2100/4847 5077/2101/4848 5078/2102/4849
f 5078/2102/4849 5077/2101/4848 5079/2097/4850
f 5079/2097/4850 5077/2101/4848 5080/2096/4851
f 5077/2101/4848 5071/2098/4842 5080/2096/4851
f 5081/2096/4852 5083/2098/4853 5082/2095/4854
f 5083/2098/4853 5084/1558/4855 5082/2095/4854
f 5049/2087/4823 5085/1558/4856 5070/2098/4841
f 2890/1552/2783 2891/1554/2785 5086/2103/4857
f 5086/2103/4857 2891/1554/2785 5087/2104/4858
f 2891/1554/2785 2894/1556/2787 5087/2104/4858
f 5087/2104/4858 2894/1556/2787 2897/1559/2790
f 5050/2086/4822 5085/1558/4856 5049/2087/4823
f 5088/1559/4859 5085/1558/4856 5050/2086/4822
f 5050/2086/4822 5089/2104/4860 5088/1559/4859
f 5090/2085/4861 5089/2104/4860 5050/2086/4822
f 5091/2104/4862 5093/2085/4863 5092/2103/4864
f 5092/2103/4864 5093/2085/4863 5094/2083/4865
f 5095/2078/4866 5034/2080/4807 5035/2079/4808
f 5040/2083/4813 5034/2080/4807 5096/2105/4867
f 5096/2105/4867 5034/2080/4807 5095/2078/4866
f 5097/2105/4868 5099/2078/4869 5098/2083/4870
f 5098/2083/4870 5099/2078/4869 5100/2103/4871
f 5101/2078/4872 2736/1426/2636 5086/2103/4857
f 5086/2103/4857 2736/1426/2636 2890/1552/2783
f 2733/1422/2632 2890/1552/2783 2736/1426/2636
f 2892/1553/2784 2890/1552/2783 2733/1422/2632
f 2731/1421/2631 2892/1553/2784 2733/1422/2632
f 3115/1674/3001 5102/2106/4873 2731/1421/2631
f 5102/2106/4873 2892/1553/2784 2731/1421/2631
f 2887/1549/2780 2892/1553/2784 5102/2106/4873
f 3105/1664/2991 5103/2107/4874 3108/1667/2994
f 5103/2107/4874 5104/2108/4875 3108/1667/2994
f 3108/1667/2994 5104/2108/4875 3109/1668/2995
f 3111/1670/2997 3109/1668/2995 3113/1672/2999
f 3113/1672/2999 3109/1668/2995 5104/2108/4875
f 5105/2109/4876 5102/2106/4873 3115/1674/3001
f 3115/1674/3001 3113/1672/2999 5105/2109/4876
f 5105/2109/4876 3113/1672/2999 5104/2108/4875
f 5103/2107/4874 5105/2109/4876 5104/2108/4875
f 5102/2106/4873 5105/2109/4876 2887/1549/2780
f 5106/2110/4877 2885/1548/2779 2887/1549/2780
f 2887/1549/2780 5105/2109/4876 5106/2110/4877
f 5106/2110/4877 5105/2109/4876 5103/2107/4874
f 5107/2111/4878 5103/2107/4874 3105/1664/2991
f 5107/2111/4878 5106/2110/4877 5103/2107/4874
f 5108/2112/4879 2885/1548/2779 5106/2110/4877
f 5108/2112/4879 5106/2110/4877 5107/2111/4878
f 2885/1548/2779 5109/2113/4880 2884/1546/2777
f 3089/1648/2975 3091/1650/2977 3090/1649/2976
f 3102/1661/2988 3091/1650/2977 3089/1648/2975
f 3105/1664/2991 3102/1661/2988 5107/2111/4878
f 5107/2111/4878 3102/1661/2988 3089/1648/2975
f 5107/2111/4878 3089/1648/2975 5108/2112/4879
f 5108/2112/4879 3089/1648/2975 3088/1647/2974
f 5108/2112/4879 3088/1647/2974 2885/1548/2779
f 5110/2114/4881 5109/2113/4880 2885/1548/2779
f 2885/1548/2779 3088/1647/2974 5110/2114/4881
f 3087/1645/2973 5111/1643/4882 3088/1647/2974
f 3088/1647/2974 5111/1643/4882 5110/2114/4881
f 5112/2115/4883 5109/2113/4880 5113/2116/4884
f 5113/2116/4884 5109/2113/4880 5114/2117/4885
f 5109/2113/4880 5110/2114/4881 5114/2117/4885
f 5114/2117/4885 5110/2114/4881 5111/1643/4882
f 3082/1642/2968 5115/2117/4886 3084/1643/2969
f 4964/2034/4737 5115/2117/4886 3082/1642/2968
f 4964/2034/4737 5116/2116/4887 5115/2117/4886
f 4969/2039/4742 5116/2116/4887 4964/2034/4737
f 5113/2116/4884 5117/2118/4888 5112/2115/4883
f 5118/2119/4889 4974/2042/4746 4972/2036/4745
f 4974/2042/4746 5118/2119/4889 4970/2040/4743
f 4970/2040/4743 5118/2119/4889 4969/2039/4742
f 4969/2039/4742 5118/2119/4889 5116/2116/4887
f 5116/2116/4887 5118/2119/4889 5119/2118/4890
f 5120/2120/4891 5122/2121/4892 5121/2122/4893
f 5123/2122/4894 5125/2035/4895 5124/2120/4896
f 5126/2036/4897 5125/2035/4895 5123/2122/4894
f 4972/2036/4745 5127/2122/4898 5118/2119/4889
f 5118/2119/4889 5127/2122/4898 5119/2118/4890
f 5127/2122/4898 5128/2123/4899 5119/2118/4890
f 5121/2122/4893 5122/2121/4892 5129/2123/4900
f 2876/1542/2769 5130/2121/4901 2875/1540/2767
f 5131/2123/4902 5130/2121/4901 2876/1542/2769
f 2880/1544/2773 5128/2123/4899 2879/1542/2771
f 5132/2124/4903 2883/1544/2775 2881/1545/2774
f 5132/2124/4903 5133/2125/4904 2883/1544/2775
f 5134/2125/4905 5128/2123/4899 2880/1544/2773
f 5119/2118/4890 5128/2123/4899 5134/2125/4905
f 5112/2115/4883 5117/2118/4888 5135/2125/4906
f 5112/2115/4883 5133/2125/4904 5132/2124/4903
f 2886/1547/2778 5132/2124/4903 2881/1545/2774
f 2884/1546/2777 5132/2124/4903 2886/1547/2778
f 5109/2113/4880 5112/2115/4883 2884/1546/2777
f 2884/1546/2777 5112/2115/4883 5132/2124/4903
f 5136/2126/4907 5138/2127/4908 5137/2128/4909
f 5139/2129/4910 5141/1584/4911 5140/2130/4912
f 5140/2130/4912 5141/1584/4911 5142/1534/4913
f 5143/1595/4914 5144/2131/4915 5139/2129/4910
f 5139/2129/4910 5144/2131/4915 5141/1584/4911
f 5137/2128/4909 5145/1596/4916 5136/2126/4907
f 5146/2132/4917 5145/1596/4916 5137/2128/4909
f 5145/1596/4916 5146/2132/4917 5147/2133/4918
f 5148/2134/4919 5149/2135/4920 5147/2133/4918
f 5147/2133/4918 5146/2132/4917 5148/2134/4919
f 5150/2136/4921 5149/2135/4920 5148/2134/4919
f 5150/2136/4921 5151/2137/4922 5149/2135/4920
f 5152/2138/4923 5154/2137/4924 5153/2136/4925
f 5152/2138/4923 5155/2139/4926 5154/2137/4924
f 5156/2140/4927 5155/2139/4926 5152/2138/4923
f 5157/1606/4928 5148/2134/4919 5146/2132/4917
f 5150/2136/4921 5148/2134/4919 5157/1606/4928
f 5141/1584/4911 5158/2141/4929 5142/1534/4913
f 5142/1534/4913 5158/2141/4929 5159/1533/4930
f 5144/2131/4915 5160/2142/4931 5141/1584/4911
f 5141/1584/4911 5160/2142/4931 5158/2141/4929
f 5160/2142/4931 5161/1609/4932 5158/2141/4929
f 5158/2141/4929 5162/2143/4933 5159/1533/4930
f 5158/2141/4929 5161/1609/4932 5162/2143/4933
f 5163/2140/4934 5165/2144/4935 5164/2145/4936
f 5166/2146/4937 5162/2143/4933 5167/2147/4938
f 5159/1533/4930 5162/2143/4933 5166/2146/4937
f 5161/1609/4932 5167/2147/4938 5162/2143/4933
f 5165/2144/4935 5167/2147/4938 5161/1609/4932
f 5167/2147/4938 5165/2144/4935 5163/2140/4934
f 5168/2138/4939 5170/2147/4940 5169/2140/4941
f 5171/2136/4942 5170/2147/4940 5168/2138/4939
f 5157/1606/4928 5172/2147/4943 5150/2136/4921
f 5173/2146/4944 5172/2147/4943 5157/1606/4928
f 5173/2146/4944 5157/1606/4928 2866/1533/2759
f 2866/1533/2759 5157/1606/4928 2865/1532/2758
f 5157/1606/4928 5146/2132/4917 2865/1532/2758
f 2865/1532/2758 5146/2132/4917 2864/1530/2756
f 5137/2128/4909 2864/1530/2756 5146/2132/4917
f 5137/2128/4909 5138/2127/4908 5174/2148/4945
f 5137/2128/4909 5174/2148/4945 2864/1530/2756
f 2864/1530/2756 5174/2148/4945 5175/1531/4946
f 5138/2127/4908 5176/2149/4947 5174/2148/4945
s 0
f 5177/2149/4948 5179/1618/4948 5178/1617/4948
s 1
f 5174/2148/4945 5176/2149/4947 5180/1617/4949
f 5180/1617/4949 5182/1618/4950 5181/2150/4951
f 5183/2151/2965 5185/2150/4952 5184/1618/4734
f 2747/1437/2647 2745/1435/2645 2752/1441/2652
f 2752/1441/2652 2745/1435/2645 5183/2151/4953
f 2745/1435/2645 5186/2150/4954 5183/2151/4953
f 2745/1435/2645 2742/1432/2642 5186/2150/4954
f 5187/1432/4955 5180/1617/4949 5181/2150/4951
f 5174/2148/4945 5180/1617/4949 5175/1531/4946
f 5188/2152/4956 5189/2153/4957 2863/1531/2757
f 2863/1531/2757 5189/2153/4957 2862/1529/2755
f 5175/1531/4946 5180/1617/4949 5190/2152/4958
f 5190/2152/4958 5180/1617/4949 5187/1432/4955
f 5191/1432/4959 5192/1434/4960 5188/2152/4956
f 5188/2152/4956 5192/1434/4960 5189/2153/4957
f 2743/1434/2644 2744/1433/2643 5193/1154/4961
f 2743/1434/2644 5193/1154/4961 5194/2154/4962
f 5195/1434/4963 5197/2154/4964 5196/2153/4965
f 2867/1534/2760 2868/1529/2761 5198/2130/4966
f 5198/2130/4966 2868/1529/2761 5196/2153/4965
f 5196/2153/4965 5197/2154/4964 5198/2130/4966
f 5140/2130/4912 5199/2154/4967 5139/2129/4910
f 5143/1595/4914 5139/2129/4910 5200/2155/4968
f 5139/2129/4910 5199/2154/4967 5201/2156/4969
f 5200/2155/4968 5139/2129/4910 5201/2156/4969
f 5202/2156/4970 3072/1633/2958 5203/2155/4721
f 3073/1627/2959 3072/1633/2958 5202/2156/4970
f 5194/2154/4962 3073/1627/2959 5202/2156/4970
f 3077/1637/2963 3073/1627/2959 5194/2154/4962
f 5194/2154/4962 3076/1636/2962 3077/1637/2963
f 5193/1154/4961 3076/1636/2962 5194/2154/4962
f 5193/1154/4961 3075/1635/2961 3076/1636/2962
f 2744/1433/2643 3075/1635/2961 5193/1154/4961
f 2744/1433/2643 2746/1436/2646 3075/1635/2961
f 3075/1635/2961 2746/1436/2646 3074/1634/2960
f 2746/1436/2646 2748/1438/2648 3074/1634/2960
f 3074/1634/2960 2748/1438/2648 3071/1632/2957
f 5204/2157/4640 5206/2158/4971 5205/1164/4642
f 5207/1168/4972 5208/2159/4282 5204/2157/4640
f 5204/2157/4640 5208/2159/4282 5206/2158/4971
f 5209/1170/4973 5210/2160/4974 5208/2159/4282
f 5208/2159/4282 5210/2160/4974 5206/2158/4971
f 5205/1164/4642 5206/2158/4971 5211/1171/4975
f 5210/2160/4974 5211/1171/4975 5206/2158/4971
f 5212/2161/4976 2363/1173/2276 5213/2162/4977
f 5213/2162/4977 2363/1173/2276 2361/1172/2275
f 2363/1173/2276 5212/2161/4976 2365/1176/2279
f 2367/1177/2281 5210/2160/4974 5214/1170/4978
f 2365/1176/2279 5210/2160/4974 2367/1177/2281
f 2365/1176/2279 5212/2161/4976 5210/2160/4974
f 5212/2161/4976 5211/1171/4975 5210/2160/4974
f 5212/2161/4976 5213/2162/4977 5211/1171/4975
f 5215/2163/4979 2347/1157/2260 3071/1632/2957
f 2347/1157/2260 5215/2163/4979 2361/1172/2275
f 2361/1172/2275 5215/2163/4979 5213/2162/4977
f 2748/1438/2648 5215/2163/4979 3071/1632/2957
f 2749/1147/2649 5215/2163/4979 2748/1438/2648
f 2750/1439/2650 5216/2164/4980 2749/1147/2649
f 5216/2164/4980 5215/2163/4979 2749/1147/2649
f 5213/2162/4977 5215/2163/4979 5216/2164/4980
f 5211/1171/4975 5213/2162/4977 5216/2164/4980
f 5211/1171/4975 5216/2164/4980 5205/1164/4642
f 5205/1164/4642 5216/2164/4980 5217/1180/4643
f 5216/2164/4980 2750/1439/2650 5217/1180/4643
f 5217/1180/4643 2750/1439/2650 2751/1440/2651
